// Auto-generated from PNGs in ../sprites/ by a one-off conversion script.
// Transparent source pixels are baked as the cream background color (0xDF)
// Renderer fills the screen with -- see colors.h/display.cpp. 1:1 scale.
// BGR332 (TinyScreen 8-bit color): bits[7:5]=blue, bits[4:2]=green, bits[1:0]=red.
#pragma once

#include <stdint.h>
#include <Arduino.h>

// Mood: Idle
const uint8_t kIdleSpriteFrame0[] PROGMEM = {
    0xDF, 0xDF, 0xDF, 0xDF, 0xDF, 0xDF, 0xDF, 0xDF, 0xDF, 0xDF, 0xDF, 0xDF, 0xDF, 0xDF, 0xDF, 0xDF,
    0xDF, 0xDF, 0xDF, 0xDF, 0xDF, 0xDF, 0xDF, 0xDF, 0xDF, 0xDF, 0xDF, 0xDF, 0xDF, 0xDF, 0xDF, 0xDF,
    0xDF, 0xDF, 0xDF, 0xDF, 0xDF, 0xDF, 0xDF, 0xDF, 0xDF, 0xDF, 0xDF, 0xDF, 0xDF, 0xDF, 0xDF, 0xDF,
    0xDF, 0xDF, 0xDF, 0xDF, 0xDF, 0xDF, 0xDF, 0xDF, 0xDF, 0xDF, 0xDF, 0xDF, 0xDF, 0xDF, 0xDF, 0xDF,
    0xDF, 0xDF, 0xDF, 0xDF, 0xDF, 0xDF, 0xDF, 0xDF, 0xDF, 0xDF, 0xDF, 0xDF, 0xDF, 0xDF, 0xDF, 0xDF,
    0xDF, 0xDF, 0xDF, 0xDF, 0xDF, 0xDF, 0xDF, 0xDF, 0xDF, 0xDF, 0xDF, 0xDF, 0xDF, 0xDF, 0xDF, 0xDF,
    0xDF, 0xDF, 0xDF, 0xDF, 0xDF, 0xDF, 0xDF, 0xDF, 0xDF, 0xDF, 0xDF, 0xDF, 0xDF, 0xDF, 0xDF, 0xDF,
    0xDF, 0xDF, 0xDF, 0xDF, 0xDF, 0xDF, 0xDF, 0xDF, 0xDF, 0xDF, 0xDF, 0xDF, 0xDF, 0xDF, 0xDF, 0xDF,
    0xDF, 0xDF, 0xDF, 0xDF, 0xDF, 0xDF, 0xDF, 0xDF, 0xDF, 0xDF, 0xDF, 0xDF, 0xDF, 0xDF, 0xDF, 0xDF,
    0xDF, 0xDF, 0xDF, 0xDF, 0xDF, 0xDF, 0xDF, 0xDF, 0xDF, 0xDF, 0xDF, 0xDF, 0xDF, 0xDF, 0xDF, 0xDF,
    0xDF, 0xDF, 0xDF, 0xDF, 0xDF, 0xDF, 0xDF, 0xDF, 0xDF, 0xDF, 0xDF, 0xDF, 0xDF, 0xDF, 0xDF, 0xDF,
    0xDF, 0xDF, 0xDF, 0xDF, 0xDF, 0xDF, 0xDF, 0xDF, 0xDF, 0xDF, 0xDF, 0xDF, 0xDF, 0xDF, 0xDF, 0xDF,
    0xDF, 0xDF, 0xDF, 0xDF, 0xDF, 0xDF, 0xDF, 0xDF, 0xDF, 0xDF, 0xDF, 0xDF, 0xDF, 0xDF, 0xDF, 0xDF,
    0xDF, 0xDF, 0xDF, 0xDF, 0xDF, 0xDF, 0xDF, 0xDF, 0xDF, 0xDF, 0xDF, 0xDF, 0xDF, 0xDF, 0xDF, 0xDF,
    0xDF, 0xDF, 0xDF, 0xDF, 0xDF, 0xDF, 0xDF, 0xDF, 0xDF, 0xDF, 0xDF, 0xDF, 0xDF, 0xDF, 0xDF, 0xDF,
    0xDF, 0xDF, 0xDF, 0xDF, 0xDF, 0xDF, 0xDF, 0xDF, 0xDF, 0xDF, 0xDF, 0xDF, 0xDF, 0xDF, 0xDF, 0xDF,
    0xDF, 0xDF, 0xDF, 0xDF, 0xDF, 0xDF, 0xDF, 0xDF, 0xDF, 0xDF, 0xDF, 0xDF, 0xDF, 0xDF, 0xDF, 0xDF,
    0xDF, 0xDF, 0xDF, 0xDF, 0xDF, 0xDF, 0xDF, 0xDF, 0xDF, 0xDF, 0xDF, 0xDF, 0xDF, 0xDF, 0xDF, 0xDF,
    0xDF, 0xDF, 0xDF, 0xDF, 0xDF, 0xDF, 0xDF, 0xDF, 0xDF, 0xDF, 0xDF, 0xDF, 0xDF, 0xDF, 0xDF, 0xDF,
    0xDF, 0xDF, 0xDF, 0xDF, 0xDF, 0xDF, 0xDF, 0xDF, 0xDF, 0xDF, 0xDF, 0xDF, 0xDF, 0xDF, 0xDF, 0xDF,
    0xDF, 0xDF, 0xDF, 0xDF, 0xDF, 0xDF, 0xDF, 0xDF, 0xDF, 0xDF, 0xDF, 0xDF, 0xDF, 0xDF, 0xDF, 0xDF,
    0xDF, 0xDF, 0xDF, 0xDF, 0xDF, 0xDF, 0xDF, 0xDF, 0xDF, 0xDF, 0xDF, 0xDF, 0xDF, 0xDF, 0xDF, 0xDF,
    0xDF, 0xDF, 0xDF, 0xDF, 0xDF, 0xDF, 0xDF, 0xDF, 0xDF, 0xDF, 0xDF, 0xDF, 0xDF, 0xDF, 0xDF, 0xDF,
    0xDF, 0xDF, 0xDF, 0xDF, 0xDF, 0xDF, 0xDF, 0xDF, 0xDF, 0xDF, 0xDF, 0xDF, 0xDF, 0xDF, 0xDF, 0xDF,
    0xDF, 0xDF, 0xDF, 0xDF, 0xDF, 0xDF, 0xDF, 0xDF, 0xDF, 0xDF, 0xDF, 0xDF, 0xDF, 0xDF, 0xDF, 0xDF,
    0xDF, 0xDF, 0xDF, 0xDF, 0xDF, 0xDF, 0xDF, 0xDF, 0xDF, 0xDF, 0xDF, 0xDF, 0xDF, 0xDF, 0xDF, 0xDF,
    0xDF, 0xDF, 0xDF, 0xDF, 0xDF, 0xDF, 0xDF, 0xDF, 0xDF, 0xDF, 0xDF, 0xDF, 0xDF, 0xDF, 0xDF, 0xDF,
    0xDF, 0xDF, 0xDF, 0xDF, 0xDF, 0xDF, 0xDF, 0xDF, 0xDF, 0xDF, 0xDF, 0xDF, 0xDF, 0xDF, 0xDF, 0xDF,
    0xDF, 0xDF, 0xDF, 0xDF, 0xDF, 0xDF, 0xDF, 0xDF, 0xDF, 0xDF, 0xDF, 0xDF, 0xDF, 0xDF, 0xDF, 0xDF,
    0xDF, 0xDF, 0xDF, 0xDF, 0xDF, 0xDF, 0xDF, 0xDF, 0xDF, 0xDF, 0xDF, 0xDF, 0xDF, 0xDF, 0xDF, 0xDF,
    0xDF, 0xDF, 0xDF, 0xDF, 0xDF, 0xDF, 0xDF, 0xDF, 0xDF, 0xDF, 0xDF, 0xDF, 0xDF, 0xDF, 0xDF, 0xDF,
    0xDF, 0xDF, 0xDF, 0xDF, 0xDF, 0xDF, 0xDF, 0xDF, 0xDF, 0xDF, 0xDF, 0xDF, 0xDF, 0xDF, 0xDF, 0xDF,
    0xDF, 0xDF, 0xDF, 0xDF, 0xDF, 0xDF, 0xDF, 0xDF, 0xDF, 0xDF, 0xDF, 0xDF, 0xDF, 0xDF, 0xDF, 0xDF,
    0xDF, 0xDF, 0xDF, 0xDF, 0xDF, 0xDF, 0xDF, 0xDF, 0xDF, 0xDF, 0xDF, 0xDF, 0xDF, 0xDF, 0xDF, 0xDF,
    0xDF, 0xDF, 0xDF, 0xDF, 0xDF, 0xDF, 0xDF, 0xDF, 0xDF, 0xDF, 0xDF, 0xDF, 0xDF, 0xDF, 0xDF, 0xDF,
    0xDF, 0xDF, 0xDF, 0xDF, 0xDF, 0xDF, 0xDF, 0xDF, 0xDF, 0xDF, 0xDF, 0xDF, 0xDF, 0xDF, 0xDF, 0xDF,
    0xDF, 0xDF, 0xDF, 0xDF, 0xDF, 0xDF, 0xDF, 0xDF, 0xDF, 0xDF, 0xDF, 0xDF, 0xDF, 0xDF, 0xDF, 0xDF,
    0xDF, 0xDF, 0xDF, 0xDF, 0xDF, 0xDF, 0xDF, 0xDF, 0xDF, 0xDF, 0xDF, 0xDF, 0xDF, 0xDF, 0xDF, 0x25,
    0x25, 0xDF, 0xDF, 0xDF, 0xDF, 0xDF, 0xDF, 0xDF, 0xDF, 0xDF, 0xDF, 0xDF, 0xDF, 0xDF, 0xDF, 0xDF,
    0xDF, 0xDF, 0xDF, 0xDF, 0xDF, 0xDF, 0xDF, 0xDF, 0xDF, 0xDF, 0xDF, 0xDF, 0xDF, 0xDF, 0xDF, 0xDF,
    0xDF, 0xDF, 0xDF, 0xDF, 0xDF, 0xDF, 0xDF, 0xDF, 0xDF, 0xDF, 0xDF, 0xDF, 0xDF, 0xDF, 0xDF, 0xDF,
    0xDF, 0xDF, 0xDF, 0xDF, 0xDF, 0xDF, 0xDF, 0xDF, 0xDF, 0xDF, 0xDF, 0xDF, 0xDF, 0xDF, 0x25, 0x25,
    0x4B, 0x25, 0xDF, 0xDF, 0xDF, 0xDF, 0xDF, 0xDF, 0xDF, 0xDF, 0x25, 0x25, 0x25, 0xDF, 0xDF, 0xDF,
    0xDF, 0xDF, 0xDF, 0xDF, 0xDF, 0xDF, 0xDF, 0xDF, 0xDF, 0xDF, 0xDF, 0xDF, 0xDF, 0xDF, 0xDF, 0xDF,
    0xDF, 0xDF, 0xDF, 0xDF, 0xDF, 0xDF, 0xDF, 0xDF, 0xDF, 0xDF, 0xDF, 0xDF, 0xDF, 0xDF, 0xDF, 0xDF,
    0xDF, 0xDF, 0xDF, 0xDF, 0xDF, 0xDF, 0xDF, 0xDF, 0xDF, 0xDF, 0xDF, 0xDF, 0xDF, 0xDF, 0x25, 0x4B,
    0x4B, 0x25, 0xDF, 0x25, 0x25, 0xDF, 0xDF, 0xDF, 0xDF, 0x25, 0x25, 0x4B, 0x25, 0x25, 0xDF, 0xDF,
    0xDF, 0xDF, 0xDF, 0xDF, 0xDF, 0xDF, 0xDF, 0xDF, 0xDF, 0xDF, 0xDF, 0xDF, 0xDF, 0xDF, 0xDF, 0xDF,
    0xDF, 0xDF, 0xDF, 0xDF, 0xDF, 0xDF, 0xDF, 0xDF, 0xDF, 0xDF, 0xDF, 0xDF, 0xDF, 0xDF, 0xDF, 0xDF,
    0xDF, 0xDF, 0xDF, 0xDF, 0xDF, 0xDF, 0xDF, 0xDF, 0xDF, 0xDF, 0xDF, 0xDF, 0xDF, 0x25, 0x4B, 0x4B,
    0x4B, 0x25, 0x25, 0x25, 0x25, 0xDF, 0xDF, 0x25, 0x25, 0x25, 0x4B, 0x4B, 0x4B, 0x25, 0xDF, 0xDF,
    0xDF, 0xDF, 0xDF, 0xDF, 0xDF, 0xDF, 0xDF, 0xDF, 0xDF, 0xDF, 0xDF, 0xDF, 0xDF, 0xDF, 0xDF, 0xDF,
    0xDF, 0xDF, 0xDF, 0xDF, 0xDF, 0xDF, 0xDF, 0xDF, 0xDF, 0xDF, 0xDF, 0xDF, 0xDF, 0xDF, 0xDF, 0xDF,
    0xDF, 0xDF, 0xDF, 0xDF, 0xDF, 0xDF, 0xDF, 0xDF, 0xDF, 0xDF, 0xDF, 0xDF, 0x25, 0x25, 0x4B, 0x4B,
    0x4B, 0x4B, 0x25, 0x51, 0x25, 0x25, 0x25, 0x25, 0x25, 0x4B, 0x4B, 0x4B, 0x4B, 0x25, 0xDF, 0xDF,
    0xDF, 0xDF, 0xDF, 0xDF, 0xDF, 0xDF, 0xDF, 0xDF, 0xDF, 0xDF, 0xDF, 0xDF, 0xDF, 0xDF, 0xDF, 0xDF,
    0xDF, 0xDF, 0xDF, 0xDF, 0xDF, 0xDF, 0xDF, 0xDF, 0xDF, 0xDF, 0xDF, 0xDF, 0xDF, 0xDF, 0xDF, 0xDF,
    0xDF, 0xDF, 0xDF, 0xDF, 0xDF, 0xDF, 0xDF, 0xDF, 0xDF, 0xDF, 0xDF, 0xDF, 0x25, 0x4B, 0x4B, 0x4B,
    0x4B, 0x4B, 0x25, 0x25, 0x51, 0x25, 0x51, 0x25, 0x4B, 0x4B, 0x4B, 0x4B, 0x4B, 0x25, 0x25, 0xDF,
    0xDF, 0xDF, 0xDF, 0xDF, 0xDF, 0xDF, 0xDF, 0xDF, 0xDF, 0xDF, 0xDF, 0xDF, 0xDF, 0xDF, 0xDF, 0xDF,
    0xDF, 0xDF, 0xDF, 0xDF, 0xDF, 0xDF, 0xDF, 0xDF, 0xDF, 0xDF, 0xDF, 0xDF, 0xDF, 0xDF, 0xDF, 0xDF,
    0xDF, 0xDF, 0xDF, 0xDF, 0xDF, 0xDF, 0xDF, 0xDF, 0xDF, 0xDF, 0xDF, 0x25, 0x4B, 0x4B, 0x4B, 0x4B,
    0x4B, 0x4B, 0x4B, 0x25, 0x51, 0x51, 0x25, 0x25, 0x4B, 0x4B, 0x4B, 0x4B, 0x4B, 0x4B, 0x25, 0xDF,
    0xDF, 0xDF, 0xDF, 0xDF, 0xDF, 0xDF, 0xDF, 0xDF, 0xDF, 0xDF, 0xDF, 0xDF, 0xDF, 0xDF, 0xDF, 0xDF,
    0xDF, 0xDF, 0xDF, 0xDF, 0xDF, 0xDF, 0xDF, 0xDF, 0xDF, 0xDF, 0xDF, 0xDF, 0xDF, 0xDF, 0xDF, 0xDF,
    0xDF, 0xDF, 0xDF, 0xDF, 0xDF, 0xDF, 0xDF, 0xDF, 0xDF, 0xDF, 0x25, 0x4B, 0x4B, 0x4B, 0x4B, 0x4B,
    0x4B, 0x4B, 0x4B, 0x25, 0x25, 0x25, 0x25, 0x4B, 0x4B, 0x4B, 0x4B, 0x4B, 0x4B, 0x4B, 0x25, 0xDF,
    0xDF, 0xDF, 0xDF, 0xDF, 0xDF, 0xDF, 0xDF, 0xDF, 0xDF, 0xDF, 0xDF, 0xDF, 0xDF, 0xDF, 0xDF, 0xDF,
    0xDF, 0xDF, 0xDF, 0xDF, 0xDF, 0xDF, 0xDF, 0xDF, 0xDF, 0xDF, 0xDF, 0xDF, 0xDF, 0xDF, 0xDF, 0xDF,
    0xDF, 0xDF, 0xDF, 0xDF, 0xDF, 0xDF, 0xDF, 0xDF, 0xDF, 0x25, 0x25, 0x4B, 0x4B, 0x4B, 0x4B, 0x4B,
    0x4B, 0x4B, 0x4B, 0x4B, 0x25, 0x25, 0x4B, 0x4B, 0x4B, 0x4B, 0x4B, 0x4B, 0x4B, 0x4B, 0x25, 0xDF,
    0xDF, 0xDF, 0xDF, 0xDF, 0xDF, 0xDF, 0xDF, 0xDF, 0xDF, 0xDF, 0xDF, 0xDF, 0xDF, 0xDF, 0xDF, 0xDF,
    0xDF, 0xDF, 0xDF, 0xDF, 0xDF, 0xDF, 0xDF, 0xDF, 0xDF, 0xDF, 0xDF, 0xDF, 0xDF, 0xDF, 0xDF, 0xDF,
    0xDF, 0xDF, 0xDF, 0xDF, 0xDF, 0xDF, 0xDF, 0xDF, 0x25, 0x25, 0x4B, 0x4B, 0x4B, 0x4B, 0x4B, 0x4B,
    0x4B, 0x4B, 0x4B, 0x4B, 0x25, 0x25, 0x4B, 0x4B, 0x4B, 0x4B, 0x4B, 0x4B, 0x4B, 0x4B, 0x25, 0xDF,
    0xDF, 0xDF, 0xDF, 0xDF, 0xDF, 0xDF, 0xDF, 0xDF, 0xDF, 0xDF, 0xDF, 0xDF, 0xDF, 0xDF, 0xDF, 0xDF,
    0xDF, 0xDF, 0xDF, 0xDF, 0xDF, 0xDF, 0xDF, 0xDF, 0xDF, 0xDF, 0xDF, 0xDF, 0xDF, 0xDF, 0xDF, 0xDF,
    0xDF, 0xDF, 0xDF, 0xDF, 0xDF, 0xDF, 0xDF, 0x25, 0x4B, 0x4B, 0x4B, 0x4B, 0x4B, 0x4B, 0x4B, 0x4B,
    0x4B, 0x4B, 0x4B, 0x4B, 0x4B, 0x4B, 0x4B, 0x4B, 0x4B, 0x4B, 0x4B, 0x4B, 0x4B, 0x4B, 0x25, 0xDF,
    0xDF, 0xDF, 0xDF, 0xDF, 0xDF, 0xDF, 0xDF, 0xDF, 0xDF, 0xDF, 0xDF, 0xDF, 0xDF, 0xDF, 0xDF, 0xDF,
    0xDF, 0xDF, 0xDF, 0xDF, 0xDF, 0xDF, 0xDF, 0xDF, 0xDF, 0xDF, 0xDF, 0xDF, 0xDF, 0xDF, 0xDF, 0xDF,
    0xDF, 0xDF, 0xDF, 0xDF, 0xDF, 0x25, 0x25, 0x4B, 0x4B, 0x4B, 0x4B, 0x4B, 0x4B, 0x4B, 0x4B, 0x4B,
    0x4B, 0x4B, 0x4B, 0x4B, 0x4B, 0x4B, 0x4B, 0x4B, 0x4B, 0x4B, 0x4B, 0x4B, 0x4B, 0x4B, 0x25, 0x25,
    0xDF, 0xDF, 0xDF, 0xDF, 0xDF, 0xDF, 0xDF, 0xDF, 0xDF, 0xDF, 0xDF, 0xDF, 0xDF, 0xDF, 0xDF, 0xDF,
    0xDF, 0xDF, 0xDF, 0xDF, 0xDF, 0xDF, 0xDF, 0xDF, 0xDF, 0xDF, 0xDF, 0xDF, 0xDF, 0xDF, 0xDF, 0xDF,
    0xDF, 0xDF, 0xDF, 0xDF, 0x25, 0x4B, 0x4B, 0x4B, 0x4B, 0x4B, 0x4B, 0x4B, 0x4B, 0x4B, 0x4B, 0x4B,
    0x4B, 0x4B, 0x4B, 0x4B, 0x4B, 0x4B, 0x4B, 0x4B, 0x4B, 0x4B, 0x4B, 0x4B, 0x4B, 0x4B, 0x4B, 0x4B,
    0x25, 0xDF, 0xDF, 0xDF, 0xDF, 0xDF, 0xDF, 0xDF, 0xDF, 0xDF, 0xDF, 0xDF, 0xDF, 0xDF, 0xDF, 0xDF,
    0xDF, 0xDF, 0xDF, 0xDF, 0xDF, 0xDF, 0xDF, 0xDF, 0xDF, 0xDF, 0xDF, 0xDF, 0xDF, 0xDF, 0xDF, 0xDF,
    0xDF, 0xDF, 0xDF, 0x25, 0x4B, 0x4B, 0x4B, 0x4B, 0x4B, 0x4B, 0x4B, 0x4B, 0x4B, 0x4B, 0x4B, 0x4B,
    0x4B, 0x4B, 0x4B, 0x4B, 0x4B, 0x4B, 0x4B, 0x4B, 0x4B, 0x4B, 0x4B, 0x4B, 0x4B, 0x4B, 0x4B, 0x4B,
    0x4B, 0x25, 0xDF, 0xDF, 0xDF, 0xDF, 0xDF, 0xDF, 0xDF, 0xDF, 0xDF, 0xDF, 0xDF, 0xDF, 0xDF, 0xDF,
    0xDF, 0xDF, 0xDF, 0xDF, 0xDF, 0xDF, 0xDF, 0xDF, 0xDF, 0xDF, 0xDF, 0xDF, 0xDF, 0xDF, 0xDF, 0xDF,
    0xDF, 0xDF, 0x25, 0x25, 0x4B, 0x4B, 0x4B, 0x4B, 0x4B, 0x4B, 0x4B, 0x4B, 0x4B, 0x4B, 0x4B, 0x4B,
    0x4B, 0x4B, 0x4B, 0x4B, 0x4B, 0x4B, 0x4B, 0x4B, 0x4B, 0x4B, 0x4B, 0x4B, 0x4B, 0x4B, 0x4B, 0x4B,
    0x4B, 0x4B, 0x25, 0xDF, 0xDF, 0xDF, 0xDF, 0xDF, 0xDF, 0xDF, 0xDF, 0xDF, 0xDF, 0xDF, 0xDF, 0xDF,
    0xDF, 0xDF, 0xDF, 0xDF, 0xDF, 0xDF, 0xDF, 0xDF, 0xDF, 0xDF, 0xDF, 0xDF, 0xDF, 0xDF, 0xDF, 0xDF,
    0xDF, 0x25, 0x4B, 0x4B, 0x4B, 0x4B, 0x4B, 0x4B, 0x4B, 0x4B, 0x4B, 0x4B, 0x4B, 0x4B, 0x4B, 0x4B,
    0x4B, 0x4B, 0x4B, 0x4B, 0x4B, 0x4B, 0x4B, 0x4B, 0x4B, 0x4B, 0x4B, 0x4B, 0x4B, 0x4B, 0x4B, 0x4B,
    0x4B, 0x4B, 0x4B, 0x25, 0xDF, 0xDF, 0xDF, 0xDF, 0xDF, 0xDF, 0xDF, 0xDF, 0xDF, 0xDF, 0xDF, 0xDF,
    0xDF, 0xDF, 0xDF, 0xDF, 0xDF, 0xDF, 0xDF, 0xDF, 0xDF, 0xDF, 0xDF, 0xDF, 0xDF, 0xDF, 0xDF, 0xDF,
    0x25, 0x4B, 0x4B, 0x4B, 0x4B, 0x4B, 0x4B, 0x4B, 0x4B, 0x4B, 0x4B, 0x4B, 0x4B, 0x4B, 0x4B, 0x4B,
    0x4B, 0x4B, 0x4B, 0x4B, 0x4B, 0x4B, 0x4B, 0x4B, 0x4B, 0x4B, 0x4B, 0x4B, 0x4B, 0x4B, 0x4B, 0x4B,
    0x4B, 0x4B, 0x4B, 0x25, 0xDF, 0xDF, 0xDF, 0xDF, 0xDF, 0xDF, 0xDF, 0xDF, 0xDF, 0xDF, 0xDF, 0xDF,
    0xDF, 0xDF, 0xDF, 0xDF, 0xDF, 0xDF, 0xDF, 0xDF, 0xDF, 0xDF, 0xDF, 0xDF, 0xDF, 0xDF, 0xDF, 0x25,
    0x4B, 0x4B, 0x4B, 0x4B, 0x4B, 0x4B, 0x4B, 0x4B, 0x4B, 0x4B, 0x4B, 0x4B, 0x4B, 0x25, 0x25, 0x4B,
    0x4B, 0x4B, 0x4B, 0x4B, 0x4B, 0x4B, 0x4B, 0x25, 0x25, 0x4B, 0x4B, 0x4B, 0x4B, 0x4B, 0x4B, 0x4B,
    0x4B, 0x4B, 0x4B, 0x4B, 0x25, 0xDF, 0xDF, 0xDF, 0xDF, 0xDF, 0xDF, 0xDF, 0xDF, 0xDF, 0xDF, 0xDF,
    0xDF, 0xDF, 0xDF, 0xDF, 0xDF, 0xDF, 0xDF, 0xDF, 0xDF, 0xDF, 0xDF, 0xDF, 0xDF, 0xDF, 0xDF, 0x25,
    0x4B, 0x4B, 0x4B, 0x4B, 0x4B, 0x4B, 0x4B, 0x4B, 0x4B, 0x4B, 0x4B, 0x4B, 0x4B, 0x25, 0x25, 0x4B,
    0x4B, 0x4B, 0x4B, 0x4B, 0x4B, 0x4B, 0x4B, 0x25, 0x25, 0x4B, 0x4B, 0x4B, 0x4B, 0x4B, 0x4B, 0x4B,
    0x4B, 0x4B, 0x4B, 0x4B, 0x25, 0xDF, 0xDF, 0xDF, 0xDF, 0xDF, 0xDF, 0xDF, 0xDF, 0xDF, 0xDF, 0xDF,
    0xDF, 0xDF, 0xDF, 0xDF, 0xDF, 0xDF, 0xDF, 0xDF, 0xDF, 0xDF, 0xDF, 0xDF, 0xDF, 0xDF, 0xDF, 0x25,
    0x4B, 0x4B, 0x25, 0x25, 0x25, 0x25, 0x25, 0x25, 0x4B, 0x4B, 0x4B, 0x4B, 0x4B, 0x4B, 0x4B, 0x4B,
    0x4B, 0x4B, 0x4B, 0x4B, 0x4B, 0x4B, 0x4B, 0x4B, 0x4B, 0x4B, 0x4B, 0x4B, 0x4B, 0x4B, 0x4B, 0x4B,
    0x4B, 0x4B, 0x4B, 0x4B, 0x4B, 0x25, 0xDF, 0xDF, 0xDF, 0xDF, 0xDF, 0xDF, 0xDF, 0xDF, 0xDF, 0xDF,
    0xDF, 0xDF, 0xDF, 0xDF, 0xDF, 0xDF, 0xDF, 0xDF, 0xDF, 0xDF, 0xDF, 0xDF, 0x25, 0x25, 0x25, 0x4B,
    0x4B, 0x4B, 0x4B, 0x4B, 0x4B, 0x4B, 0x4B, 0x4B, 0x4B, 0x4B, 0x4B, 0x4B, 0x4B, 0x4B, 0x4B, 0x4B,
    0x4B, 0x4B, 0x25, 0x4B, 0x4B, 0x4B, 0x4B, 0x4B, 0x4B, 0x4B, 0x4B, 0x4B, 0x25, 0x25, 0x25, 0x25,
    0x25, 0x25, 0x4B, 0x4B, 0x4B, 0x25, 0x25, 0x25, 0xDF, 0xDF, 0xDF, 0xDF, 0xDF, 0xDF, 0xDF, 0xDF,
    0xDF, 0xDF, 0xDF, 0xDF, 0xDF, 0xDF, 0xDF, 0xDF, 0xDF, 0xDF, 0x25, 0x25, 0x25, 0x4B, 0x25, 0x4B,
    0x4B, 0x4B, 0x4B, 0x4B, 0x4B, 0x4B, 0x25, 0x4B, 0x4B, 0x4B, 0x4B, 0x4B, 0x4B, 0x4B, 0x4B, 0x4B,
    0x4B, 0x4B, 0x25, 0x4B, 0x4B, 0x4B, 0x4B, 0x4B, 0x4B, 0x4B, 0x4B, 0x4B, 0x4B, 0x4B, 0x4B, 0x4B,
    0x4B, 0x4B, 0x4B, 0x4B, 0x4B, 0x4B, 0x25, 0x25, 0x25, 0x25, 0xDF, 0xDF, 0xDF, 0xDF, 0xDF, 0xDF,
    0xDF, 0xDF, 0xDF, 0xDF, 0xDF, 0xDF, 0xDF, 0xDF, 0xDF, 0x25, 0x25, 0x4B, 0x4B, 0x25, 0x4B, 0x4B,
    0x4B, 0x4B, 0x4B, 0x25, 0x25, 0x25, 0x4B, 0x4B, 0x4B, 0x4B, 0x4B, 0x4B, 0x4B, 0x4B, 0x4B, 0x4B,
    0x4B, 0x25, 0x25, 0x25, 0x4B, 0x4B, 0x4B, 0x4B, 0x4B, 0x4B, 0x4B, 0x4B, 0x4B, 0x4B, 0x4B, 0x4B,
    0x4B, 0x4B, 0x4B, 0x4B, 0x4B, 0x4B, 0x25, 0x4B, 0x4B, 0x25, 0x25, 0xDF, 0xDF, 0xDF, 0xDF, 0xDF,
    0xDF, 0xDF, 0xDF, 0xDF, 0xDF, 0xDF, 0xDF, 0xDF, 0x25, 0x25, 0x4B, 0x4B, 0x4B, 0x25, 0x4B, 0x4B,
    0x4B, 0x4B, 0x25, 0x4B, 0x4B, 0x4B, 0x4B, 0x4B, 0x4B, 0x4B, 0x4B, 0x4B, 0x25, 0x25, 0x25, 0x25,
    0x25, 0x4B, 0x4B, 0x25, 0x25, 0x25, 0x4B, 0x4B, 0x4B, 0x4B, 0x4B, 0x4B, 0x25, 0x25, 0x4B, 0x4B,
    0x4B, 0x4B, 0x4B, 0x4B, 0x4B, 0x4B, 0x25, 0x4B, 0x4B, 0x4B, 0x25, 0x25, 0xDF, 0xDF, 0xDF, 0xDF,
    0xDF, 0xDF, 0xDF, 0xDF, 0xDF, 0xDF, 0xDF, 0xDF, 0x25, 0x4B, 0x4B, 0x4B, 0x4B, 0x25, 0x4B, 0x4B,
    0x4B, 0x4B, 0x4B, 0x4B, 0x4B, 0x4B, 0x4B, 0x4B, 0x4B, 0x4B, 0x4B, 0x4B, 0x4B, 0x4B, 0x4B, 0x4B,
    0x4B, 0x4B, 0x4B, 0x4B, 0x4B, 0x25, 0x25, 0x25, 0x25, 0x4B, 0x4B, 0x4B, 0x4B, 0x4B, 0x25, 0x25,
    0x25, 0x4B, 0x4B, 0x4B, 0x4B, 0x4B, 0x25, 0x4B, 0x4B, 0x4B, 0x4B, 0x25, 0xDF, 0xDF, 0xDF, 0xDF,
    0xDF, 0xDF, 0xDF, 0xDF, 0xDF, 0xDF, 0xDF, 0xDF, 0x25, 0x4B, 0x4B, 0x4B, 0x4B, 0x25, 0x4B, 0x4B,
    0x4B, 0x4B, 0x4B, 0x4B, 0x4B, 0x4B, 0x4B, 0x4B, 0x4B, 0x4B, 0x4B, 0x4B, 0x4B, 0x4B, 0x4B, 0x4B,
    0x4B, 0x4B, 0x4B, 0x4B, 0x4B, 0x4B, 0x4B, 0x4B, 0x4B, 0x4B, 0x4B, 0x4B, 0x4B, 0x4B, 0x4B, 0x4B,
    0x25, 0x25, 0x4B, 0x4B, 0x4B, 0x4B, 0x25, 0x4B, 0x4B, 0x4B, 0x4B, 0x25, 0xDF, 0xDF, 0xDF, 0xDF,
    0xDF, 0xDF, 0xDF, 0xDF, 0xDF, 0xDF, 0xDF, 0xDF, 0x25, 0x4B, 0x4B, 0x4B, 0x4B, 0x25, 0x4B, 0x4B,
    0x4B, 0x4B, 0x4B, 0x4B, 0x4B, 0x4B, 0x4B, 0x4B, 0x4B, 0x4B, 0x4B, 0x4B, 0x4B, 0x4B, 0x4B, 0x4B,
    0x4B, 0x4B, 0x4B, 0x4B, 0x4B, 0x4B, 0x4B, 0x4B, 0x4B, 0x4B, 0x4B, 0x4B, 0x4B, 0x4B, 0x4B, 0x4B,
    0x4B, 0x4B, 0x4B, 0x4B, 0x4B, 0x4B, 0x25, 0x4B, 0x4B, 0x4B, 0x4B, 0x25, 0xDF, 0xDF, 0xDF, 0xDF,
    0xDF, 0xDF, 0xDF, 0xDF, 0xDF, 0xDF, 0xDF, 0xDF, 0x25, 0x25, 0x4B, 0x4B, 0x4B, 0x25, 0x4B, 0x4B,
    0x4B, 0x4B, 0x4B, 0x4B, 0x4B, 0x4B, 0x4B, 0x4B, 0x4B, 0x4B, 0x4B, 0x4B, 0x4B, 0x4B, 0x4B, 0x4B,
    0x4B, 0x4B, 0x4B, 0x4B, 0x4B, 0x4B, 0x4B, 0x4B, 0x4B, 0x4B, 0x4B, 0x4B, 0x4B, 0x4B, 0x4B, 0x4B,
    0x4B, 0x4B, 0x4B, 0x4B, 0x4B, 0x4B, 0x25, 0x4B, 0x4B, 0x4B, 0x25, 0x25, 0xDF, 0xDF, 0xDF, 0xDF,
    0xDF, 0xDF, 0xDF, 0xDF, 0xDF, 0xDF, 0xDF, 0xDF, 0xDF, 0x25, 0x4B, 0x4B, 0x25, 0x4B, 0x4B, 0x4B,
    0x4B, 0x4B, 0x4B, 0x4B, 0x4B, 0x4B, 0x4B, 0x4B, 0x4B, 0x4B, 0x4B, 0x4B, 0x4B, 0x4B, 0x4B, 0x4B,
    0x4B, 0x4B, 0x4B, 0x4B, 0x4B, 0x4B, 0x4B, 0x4B, 0x4B, 0x4B, 0x4B, 0x4B, 0x4B, 0x4B, 0x4B, 0x4B,
    0x4B, 0x4B, 0x4B, 0x4B, 0x4B, 0x4B, 0x25, 0x4B, 0x4B, 0x25, 0x25, 0xDF, 0xDF, 0xDF, 0xDF, 0xDF,
    0xDF, 0xDF, 0xDF, 0xDF, 0xDF, 0xDF, 0xDF, 0xDF, 0xDF, 0xDF, 0x25, 0x25, 0x25, 0x25, 0x4B, 0x4B,
    0x4B, 0x4B, 0x4B, 0x4B, 0x4B, 0x4B, 0x4B, 0x4B, 0x4B, 0x4B, 0x4B, 0x4B, 0x4B, 0x4B, 0x4B, 0x4B,
    0x4B, 0x4B, 0x4B, 0x4B, 0x4B, 0x4B, 0x4B, 0x4B, 0x4B, 0x4B, 0x4B, 0x4B, 0x4B, 0x4B, 0x4B, 0x4B,
    0x4B, 0x4B, 0x4B, 0x4B, 0x4B, 0x4B, 0x25, 0x25, 0x25, 0x25, 0xDF, 0xDF, 0xDF, 0xDF, 0xDF, 0xDF,
    0xDF, 0xDF, 0xDF, 0xDF, 0xDF, 0xDF, 0xDF, 0xDF, 0xDF, 0xDF, 0xDF, 0xDF, 0xDF, 0x25, 0x4B, 0x4B,
    0x4B, 0x4B, 0x4B, 0x4B, 0x4B, 0x4B, 0x4B, 0x4B, 0x4B, 0x4B, 0x4B, 0x4B, 0x4B, 0x4B, 0x4B, 0x4B,
    0x4B, 0x4B, 0x4B, 0x4B, 0x4B, 0x4B, 0x4B, 0x4B, 0x4B, 0x4B, 0x4B, 0x4B, 0x4B, 0x4B, 0x4B, 0x4B,
    0x4B, 0x4B, 0x4B, 0x4B, 0x4B, 0x4B, 0x25, 0xDF, 0xDF, 0xDF, 0xDF, 0xDF, 0xDF, 0xDF, 0xDF, 0xDF,
    0xDF, 0xDF, 0xDF, 0xDF, 0xDF, 0xDF, 0xDF, 0xDF, 0xDF, 0xDF, 0xDF, 0xDF, 0xDF, 0x25, 0x4B, 0x4B,
    0x4B, 0x4B, 0x4B, 0x4B, 0x4B, 0x4B, 0x4B, 0x4B, 0x4B, 0x4B, 0x4B, 0x4B, 0x4B, 0x4B, 0x4B, 0x4B,
    0x4B, 0x4B, 0x4B, 0x4B, 0x4B, 0x4B, 0x4B, 0x4B, 0x4B, 0x4B, 0x4B, 0x4B, 0x4B, 0x4B, 0x4B, 0x4B,
    0x4B, 0x4B, 0x4B, 0x4B, 0x4B, 0x4B, 0x25, 0xDF, 0xDF, 0xDF, 0xDF, 0xDF, 0xDF, 0xDF, 0xDF, 0xDF,
    0xDF, 0xDF, 0xDF, 0xDF, 0xDF, 0xDF, 0xDF, 0xDF, 0xDF, 0xDF, 0xDF, 0xDF, 0xDF, 0x25, 0x4B, 0x4B,
    0x4B, 0x4B, 0x4B, 0x4B, 0x4B, 0x4B, 0x4B, 0x4B, 0x4B, 0x4B, 0x4B, 0x4B, 0x4B, 0x4B, 0x4B, 0x4B,
    0x4B, 0x4B, 0x4B, 0x4B, 0x4B, 0x4B, 0x4B, 0x4B, 0x4B, 0x4B, 0x4B, 0x4B, 0x4B, 0x4B, 0x4B, 0x4B,
    0x4B, 0x4B, 0x4B, 0x4B, 0x4B, 0x25, 0xDF, 0xDF, 0xDF, 0xDF, 0xDF, 0xDF, 0xDF, 0xDF, 0xDF, 0xDF,
    0xDF, 0xDF, 0xDF, 0xDF, 0xDF, 0xDF, 0xDF, 0xDF, 0xDF, 0xDF, 0xDF, 0xDF, 0xDF, 0x25, 0x4B, 0x4B,
    0x4B, 0x4B, 0x4B, 0x4B, 0x4B, 0x4B, 0x4B, 0x4B, 0x4B, 0x4B, 0x4B, 0x4B, 0x4B, 0x4B, 0x4B, 0x4B,
    0x4B, 0x4B, 0x4B, 0x4B, 0x4B, 0x4B, 0x4B, 0x4B, 0x4B, 0x4B, 0x4B, 0x4B, 0x4B, 0x4B, 0x4B, 0x4B,
    0x4B, 0x4B, 0x4B, 0x4B, 0x4B, 0x25, 0xDF, 0xDF, 0xDF, 0xDF, 0xDF, 0xDF, 0xDF, 0xDF, 0xDF, 0xDF,
    0xDF, 0xDF, 0xDF, 0xDF, 0xDF, 0xDF, 0xDF, 0xDF, 0xDF, 0xDF, 0xDF, 0xDF, 0xDF, 0xDF, 0x25, 0x4B,
    0x4B, 0x4B, 0x4B, 0x4B, 0x4B, 0x4B, 0x4B, 0x4B, 0x4B, 0x4B, 0x4B, 0x4B, 0x4B, 0x4B, 0x4B, 0x4B,
    0x4B, 0x4B, 0x4B, 0x4B, 0x4B, 0x4B, 0x4B, 0x4B, 0x4B, 0x4B, 0x4B, 0x4B, 0x4B, 0x4B, 0x4B, 0x4B,
    0x4B, 0x4B, 0x4B, 0x4B, 0x25, 0x25, 0xDF, 0xDF, 0xDF, 0xDF, 0xDF, 0xDF, 0xDF, 0xDF, 0xDF, 0xDF,
    0xDF, 0xDF, 0xDF, 0xDF, 0xDF, 0xDF, 0xDF, 0xDF, 0xDF, 0xDF, 0xDF, 0xDF, 0xDF, 0xDF, 0x25, 0x4B,
    0x4B, 0x4B, 0x4B, 0x4B, 0x4B, 0x4B, 0x4B, 0x4B, 0x4B, 0x4B, 0x4B, 0x4B, 0x4B, 0x4B, 0x4B, 0x4B,
    0x4B, 0x4B, 0x4B, 0x4B, 0x4B, 0x4B, 0x4B, 0x4B, 0x4B, 0x4B, 0x4B, 0x4B, 0x4B, 0x4B, 0x4B, 0x4B,
    0x4B, 0x4B, 0x4B, 0x4B, 0x25, 0xDF, 0xDF, 0xDF, 0xDF, 0xDF, 0xDF, 0xDF, 0xDF, 0xDF, 0xDF, 0xDF,
    0xDF, 0xDF, 0xDF, 0xDF, 0xDF, 0xDF, 0xDF, 0xDF, 0xDF, 0xDF, 0xDF, 0xDF, 0xDF, 0xDF, 0xDF, 0x25,
    0x4B, 0x4B, 0x4B, 0x4B, 0x4B, 0x4B, 0x4B, 0x4B, 0x4B, 0x4B, 0x4B, 0x4B, 0x4B, 0x4B, 0x4B, 0x4B,
    0x4B, 0x4B, 0x4B, 0x4B, 0x4B, 0x4B, 0x4B, 0x4B, 0x4B, 0x4B, 0x4B, 0x4B, 0x4B, 0x4B, 0x4B, 0x4B,
    0x4B, 0x4B, 0x4B, 0x25, 0xDF, 0xDF, 0xDF, 0xDF, 0xDF, 0xDF, 0xDF, 0xDF, 0xDF, 0xDF, 0xDF, 0xDF,
    0xDF, 0xDF, 0xDF, 0xDF, 0xDF, 0xDF, 0xDF, 0xDF, 0xDF, 0xDF, 0xDF, 0xDF, 0xDF, 0xDF, 0xDF, 0x25,
    0x4B, 0x4B, 0x4B, 0x4B, 0x4B, 0x4B, 0x4B, 0x4B, 0x4B, 0x4B, 0x4B, 0x4B, 0x4B, 0x4B, 0x4B, 0x4B,
    0x4B, 0x4B, 0x4B, 0x4B, 0x4B, 0x4B, 0x4B, 0x4B, 0x4B, 0x4B, 0x4B, 0x4B, 0x4B, 0x4B, 0x4B, 0x4B,
    0x4B, 0x4B, 0x4B, 0x25, 0xDF, 0xDF, 0xDF, 0xDF, 0xDF, 0xDF, 0xDF, 0xDF, 0xDF, 0xDF, 0xDF, 0xDF,
    0xDF, 0xDF, 0xDF, 0xDF, 0xDF, 0xDF, 0xDF, 0xDF, 0xDF, 0xDF, 0xDF, 0xDF, 0xDF, 0xDF, 0xDF, 0xDF,
    0x25, 0x25, 0x4B, 0x4B, 0x4B, 0x4B, 0x4B, 0x4B, 0x4B, 0x4B, 0x4B, 0x4B, 0x4B, 0x4B, 0x4B, 0x4B,
    0x4B, 0x4B, 0x4B, 0x4B, 0x4B, 0x4B, 0x4B, 0x4B, 0x4B, 0x4B, 0x4B, 0x4B, 0x4B, 0x4B, 0x4B, 0x4B,
    0x4B, 0x4B, 0x25, 0xDF, 0xDF, 0xDF, 0xDF, 0xDF, 0xDF, 0xDF, 0xDF, 0xDF, 0xDF, 0xDF, 0xDF, 0xDF,
    0xDF, 0xDF, 0xDF, 0xDF, 0xDF, 0xDF, 0xDF, 0xDF, 0xDF, 0xDF, 0xDF, 0xDF, 0xDF, 0xDF, 0xDF, 0xDF,
    0xDF, 0xDF, 0x25, 0x4B, 0x4B, 0x4B, 0x4B, 0x4B, 0x4B, 0x4B, 0x4B, 0x4B, 0x4B, 0x4B, 0x4B, 0x4B,
    0x4B, 0x4B, 0x4B, 0x4B, 0x4B, 0x4B, 0x4B, 0x4B, 0x4B, 0x4B, 0x4B, 0x4B, 0x4B, 0x4B, 0x4B, 0x4B,
    0x4B, 0x25, 0x25, 0xDF, 0xDF, 0xDF, 0xDF, 0xDF, 0xDF, 0xDF, 0xDF, 0xDF, 0xDF, 0xDF, 0xDF, 0xDF,
    0xDF, 0xDF, 0xDF, 0xDF, 0xDF, 0xDF, 0xDF, 0xDF, 0xDF, 0xDF, 0xDF, 0xDF, 0xDF, 0xDF, 0xDF, 0xDF,
    0xDF, 0xDF, 0x25, 0x4B, 0x4B, 0x4B, 0x4B, 0x4B, 0x4B, 0x4B, 0x4B, 0x4B, 0x4B, 0x4B, 0x4B, 0x4B,
    0x4B, 0x4B, 0x4B, 0x4B, 0x4B, 0x4B, 0x4B, 0x4B, 0x4B, 0x4B, 0x4B, 0x4B, 0x4B, 0x4B, 0x4B, 0x25,
    0x25, 0x4B, 0x25, 0xDF, 0xDF, 0xDF, 0xDF, 0xDF, 0xDF, 0xDF, 0xDF, 0xDF, 0xDF, 0xDF, 0xDF, 0xDF,
    0xDF, 0xDF, 0xDF, 0xDF, 0xDF, 0xDF, 0xDF, 0xDF, 0xDF, 0xDF, 0xDF, 0xDF, 0xDF, 0xDF, 0xDF, 0xDF,
    0xDF, 0xDF, 0xDF, 0x25, 0x25, 0x4B, 0x4B, 0x4B, 0x4B, 0x4B, 0x4B, 0x4B, 0x4B, 0x4B, 0x4B, 0x4B,
    0x4B, 0x4B, 0x4B, 0x4B, 0x4B, 0x4B, 0x4B, 0x4B, 0x4B, 0x4B, 0x4B, 0x4B, 0x4B, 0x4B, 0x25, 0x4B,
    0x4B, 0x4B, 0x25, 0xDF, 0xDF, 0xDF, 0xDF, 0xDF, 0xDF, 0xDF, 0xDF, 0xDF, 0xDF, 0xDF, 0xDF, 0xDF,
    0xDF, 0xDF, 0xDF, 0xDF, 0xDF, 0xDF, 0xDF, 0xDF, 0xDF, 0xDF, 0xDF, 0xDF, 0xDF, 0xDF, 0xDF, 0xDF,
    0xDF, 0xDF, 0xDF, 0x25, 0x4B, 0x25, 0x25, 0x4B, 0x4B, 0x4B, 0x4B, 0x4B, 0x4B, 0x4B, 0x4B, 0x4B,
    0x4B, 0x4B, 0x4B, 0x4B, 0x4B, 0x4B, 0x4B, 0x4B, 0x4B, 0x4B, 0x4B, 0x25, 0x25, 0x25, 0x4B, 0x4B,
    0x4B, 0x4B, 0x25, 0xDF, 0xDF, 0xDF, 0xDF, 0xDF, 0xDF, 0xDF, 0xDF, 0xDF, 0xDF, 0xDF, 0xDF, 0xDF,
    0xDF, 0xDF, 0xDF, 0xDF, 0xDF, 0xDF, 0xDF, 0xDF, 0xDF, 0xDF, 0xDF, 0xDF, 0xDF, 0xDF, 0xDF, 0xDF,
    0xDF, 0xDF, 0xDF, 0x25, 0x4B, 0x4B, 0x4B, 0x25, 0x25, 0x25, 0x25, 0x4B, 0x4B, 0x4B, 0x4B, 0x4B,
    0x4B, 0x4B, 0x4B, 0x4B, 0x4B, 0x4B, 0x4B, 0x4B, 0x25, 0x25, 0x25, 0x4B, 0x4B, 0x4B, 0x4B, 0x4B,
    0x4B, 0x4B, 0x25, 0xDF, 0xDF, 0xDF, 0xDF, 0xDF, 0xDF, 0xDF, 0xDF, 0xDF, 0xDF, 0xDF, 0xDF, 0xDF,
    0xDF, 0xDF, 0xDF, 0xDF, 0xDF, 0xDF, 0xDF, 0xDF, 0xDF, 0xDF, 0xDF, 0xDF, 0xDF, 0xDF, 0xDF, 0xDF,
    0xDF, 0xDF, 0xDF, 0x25, 0x4B, 0x4B, 0x4B, 0x4B, 0x4B, 0x4B, 0x4B, 0x25, 0x25, 0x25, 0x25, 0x25,
    0x25, 0x25, 0x25, 0x25, 0x25, 0x25, 0x25, 0x25, 0x4B, 0x4B, 0x4B, 0x4B, 0x4B, 0x4B, 0x4B, 0x4B,
    0x4B, 0x4B, 0x25, 0xDF, 0xDF, 0xDF, 0xDF, 0xDF, 0xDF, 0xDF, 0xDF, 0xDF, 0xDF, 0xDF, 0xDF, 0xDF,
    0xDF, 0xDF, 0xDF, 0xDF, 0xDF, 0xDF, 0xDF, 0xDF, 0xDF, 0xDF, 0xDF, 0xDF, 0xDF, 0xDF, 0xDF, 0xDF,
    0xDF, 0xDF, 0xDF, 0x25, 0x25, 0x4B, 0x4B, 0x4B, 0x4B, 0x4B, 0x4B, 0x4B, 0x4B, 0x25, 0xDF, 0xDF,
    0xDF, 0xDF, 0xDF, 0xDF, 0xDF, 0xDF, 0xDF, 0x25, 0x4B, 0x4B, 0x4B, 0x4B, 0x4B, 0x4B, 0x4B, 0x4B,
    0x4B, 0x4B, 0x25, 0xDF, 0xDF, 0xDF, 0xDF, 0xDF, 0xDF, 0xDF, 0xDF, 0xDF, 0xDF, 0xDF, 0xDF, 0xDF,
    0xDF, 0xDF, 0xDF, 0xDF, 0xDF, 0xDF, 0xDF, 0xDF, 0xDF, 0xDF, 0xDF, 0xDF, 0xDF, 0xDF, 0xDF, 0xDF,
    0xDF, 0xDF, 0xDF, 0xDF, 0x25, 0x4B, 0x4B, 0x4B, 0x4B, 0x4B, 0x4B, 0x4B, 0x25, 0x25, 0xDF, 0xDF,
    0xDF, 0xDF, 0xDF, 0xDF, 0xDF, 0xDF, 0xDF, 0x25, 0x4B, 0x4B, 0x4B, 0x4B, 0x4B, 0x4B, 0x4B, 0x4B,
    0x4B, 0x4B, 0x25, 0xDF, 0xDF, 0xDF, 0xDF, 0xDF, 0xDF, 0xDF, 0xDF, 0xDF, 0xDF, 0xDF, 0xDF, 0xDF,
    0xDF, 0xDF, 0xDF, 0xDF, 0xDF, 0xDF, 0xDF, 0xDF, 0xDF, 0xDF, 0xDF, 0xDF, 0xDF, 0xDF, 0xDF, 0xDF,
    0xDF, 0xDF, 0xDF, 0xDF, 0x25, 0x4B, 0x4B, 0x4B, 0x4B, 0x4B, 0x4B, 0x4B, 0x25, 0xDF, 0xDF, 0xDF,
    0xDF, 0xDF, 0xDF, 0xDF, 0xDF, 0xDF, 0xDF, 0xDF, 0x25, 0x25, 0x4B, 0x4B, 0x4B, 0x4B, 0x4B, 0x4B,
    0x4B, 0x25, 0x25, 0xDF, 0xDF, 0xDF, 0xDF, 0xDF, 0xDF, 0xDF, 0xDF, 0xDF, 0xDF, 0xDF, 0xDF, 0xDF,
    0xDF, 0xDF, 0xDF, 0xDF, 0xDF, 0xDF, 0xDF, 0xDF, 0xDF, 0xDF, 0xDF, 0xDF, 0xDF, 0xDF, 0xDF, 0xDF,
    0xDF, 0xDF, 0xDF, 0xDF, 0xDF, 0x25, 0x4B, 0x4B, 0x4B, 0x4B, 0x25, 0x25, 0x25, 0xDF, 0xDF, 0xDF,
    0xDF, 0xDF, 0xDF, 0xDF, 0xDF, 0xDF, 0xDF, 0xDF, 0xDF, 0x25, 0x25, 0x4B, 0x4B, 0x4B, 0x4B, 0x25,
    0x25, 0xDF, 0xDF, 0xDF, 0xDF, 0xDF, 0xDF, 0xDF, 0xDF, 0xDF, 0xDF, 0xDF, 0xDF, 0xDF, 0xDF, 0xDF,
    0xDF, 0xDF, 0xDF, 0xDF, 0xDF, 0xDF, 0xDF, 0xDF, 0xDF, 0xDF, 0xDF, 0xDF, 0xDF, 0xDF, 0xDF, 0xDF,
    0xDF, 0xDF, 0xDF, 0xDF, 0xDF, 0xDF, 0x25, 0x25, 0x25, 0x25, 0x25, 0xDF, 0xDF, 0xDF, 0xDF, 0xDF,
    0xDF, 0xDF, 0xDF, 0xDF, 0xDF, 0xDF, 0xDF, 0xDF, 0xDF, 0xDF, 0xDF, 0x25, 0x25, 0x25, 0x25, 0x25,
    0xDF, 0xDF, 0xDF, 0xDF, 0xDF, 0xDF, 0xDF, 0xDF, 0xDF, 0xDF, 0xDF, 0xDF, 0xDF, 0xDF, 0xDF, 0xDF,
    0xDF, 0xDF, 0xDF, 0xDF, 0xDF, 0xDF, 0xDF, 0xDF, 0xDF, 0xDF, 0xDF, 0xDF, 0xDF, 0xDF, 0xDF, 0xDF,
    0xDF, 0xDF, 0xDF, 0xDF, 0xDF, 0xDF, 0xDF, 0xDF, 0xDF, 0xDF, 0xDF, 0xDF, 0xDF, 0xDF, 0xDF, 0xDF,
    0xDF, 0xDF, 0xDF, 0xDF, 0xDF, 0xDF, 0xDF, 0xDF, 0xDF, 0xDF, 0xDF, 0xDF, 0xDF, 0xDF, 0xDF, 0xDF,
    0xDF, 0xDF, 0xDF, 0xDF, 0xDF, 0xDF, 0xDF, 0xDF, 0xDF, 0xDF, 0xDF, 0xDF, 0xDF, 0xDF, 0xDF, 0xDF,
    0xDF, 0xDF, 0xDF, 0xDF, 0xDF, 0xDF, 0xDF, 0xDF, 0xDF, 0xDF, 0xDF, 0xDF, 0xDF, 0xDF, 0xDF, 0xDF,
    0xDF, 0xDF, 0xDF, 0xDF, 0xDF, 0xDF, 0xDF, 0xDF, 0xDF, 0xDF, 0xDF, 0xDF, 0xDF, 0xDF, 0xDF, 0xDF,
    0xDF, 0xDF, 0xDF, 0xDF, 0xDF, 0xDF, 0xDF, 0xDF, 0xDF, 0xDF, 0xDF, 0xDF, 0xDF, 0xDF, 0xDF, 0xDF,
    0xDF, 0xDF, 0xDF, 0xDF, 0xDF, 0xDF, 0xDF, 0xDF, 0xDF, 0xDF, 0xDF, 0xDF, 0xDF, 0xDF, 0xDF, 0xDF,
    0xDF, 0xDF, 0xDF, 0xDF, 0xDF, 0xDF, 0xDF, 0xDF, 0xDF, 0xDF, 0xDF, 0xDF, 0xDF, 0xDF, 0xDF, 0xDF,
    0xDF, 0xDF, 0xDF, 0xDF, 0xDF, 0xDF, 0xDF, 0xDF, 0xDF, 0xDF, 0xDF, 0xDF, 0xDF, 0xDF, 0xDF, 0xDF,
    0xDF, 0xDF, 0xDF, 0xDF, 0xDF, 0xDF, 0xDF, 0xDF, 0xDF, 0xDF, 0xDF, 0xDF, 0xDF, 0xDF, 0xDF, 0xDF,
    0xDF, 0xDF, 0xDF, 0xDF, 0xDF, 0xDF, 0xDF, 0xDF, 0xDF, 0xDF, 0xDF, 0xDF, 0xDF, 0xDF, 0xDF, 0xDF,
    0xDF, 0xDF, 0xDF, 0xDF, 0xDF, 0xDF, 0xDF, 0xDF, 0xDF, 0xDF, 0xDF, 0xDF, 0xDF, 0xDF, 0xDF, 0xDF,
    0xDF, 0xDF, 0xDF, 0xDF, 0xDF, 0xDF, 0xDF, 0xDF, 0xDF, 0xDF, 0xDF, 0xDF, 0xDF, 0xDF, 0xDF, 0xDF,
    0xDF, 0xDF, 0xDF, 0xDF, 0xDF, 0xDF, 0xDF, 0xDF, 0xDF, 0xDF, 0xDF, 0xDF, 0xDF, 0xDF, 0xDF, 0xDF,
    0xDF, 0xDF, 0xDF, 0xDF, 0xDF, 0xDF, 0xDF, 0xDF, 0xDF, 0xDF, 0xDF, 0xDF, 0xDF, 0xDF, 0xDF, 0xDF,
    0xDF, 0xDF, 0xDF, 0xDF, 0xDF, 0xDF, 0xDF, 0xDF, 0xDF, 0xDF, 0xDF, 0xDF, 0xDF, 0xDF, 0xDF, 0xDF,
    0xDF, 0xDF, 0xDF, 0xDF, 0xDF, 0xDF, 0xDF, 0xDF, 0xDF, 0xDF, 0xDF, 0xDF, 0xDF, 0xDF, 0xDF, 0xDF,
    0xDF, 0xDF, 0xDF, 0xDF, 0xDF, 0xDF, 0xDF, 0xDF, 0xDF, 0xDF, 0xDF, 0xDF, 0xDF, 0xDF, 0xDF, 0xDF,
    0xDF, 0xDF, 0xDF, 0xDF, 0xDF, 0xDF, 0xDF, 0xDF, 0xDF, 0xDF, 0xDF, 0xDF, 0xDF, 0xDF, 0xDF, 0xDF,
};

const uint8_t kIdleSpriteFrame1[] PROGMEM = {
    0xDF, 0xDF, 0xDF, 0xDF, 0xDF, 0xDF, 0xDF, 0xDF, 0xDF, 0xDF, 0xDF, 0xDF, 0xDF, 0xDF, 0xDF, 0xDF,
    0xDF, 0xDF, 0xDF, 0xDF, 0xDF, 0xDF, 0xDF, 0xDF, 0xDF, 0xDF, 0xDF, 0xDF, 0xDF, 0xDF, 0xDF, 0xDF,
    0xDF, 0xDF, 0xDF, 0xDF, 0xDF, 0xDF, 0xDF, 0xDF, 0xDF, 0xDF, 0xDF, 0xDF, 0xDF, 0xDF, 0xDF, 0xDF,
    0xDF, 0xDF, 0xDF, 0xDF, 0xDF, 0xDF, 0xDF, 0xDF, 0xDF, 0xDF, 0xDF, 0xDF, 0xDF, 0xDF, 0xDF, 0xDF,
    0xDF, 0xDF, 0xDF, 0xDF, 0xDF, 0xDF, 0xDF, 0xDF, 0xDF, 0xDF, 0xDF, 0xDF, 0xDF, 0xDF, 0xDF, 0xDF,
    0xDF, 0xDF, 0xDF, 0xDF, 0xDF, 0xDF, 0xDF, 0xDF, 0xDF, 0xDF, 0xDF, 0xDF, 0xDF, 0xDF, 0xDF, 0xDF,
    0xDF, 0xDF, 0xDF, 0xDF, 0xDF, 0xDF, 0xDF, 0xDF, 0xDF, 0xDF, 0xDF, 0xDF, 0xDF, 0xDF, 0xDF, 0xDF,
    0xDF, 0xDF, 0xDF, 0xDF, 0xDF, 0xDF, 0xDF, 0xDF, 0xDF, 0xDF, 0xDF, 0xDF, 0xDF, 0xDF, 0xDF, 0xDF,
    0xDF, 0xDF, 0xDF, 0xDF, 0xDF, 0xDF, 0xDF, 0xDF, 0xDF, 0xDF, 0xDF, 0xDF, 0xDF, 0xDF, 0xDF, 0xDF,
    0xDF, 0xDF, 0xDF, 0xDF, 0xDF, 0xDF, 0xDF, 0xDF, 0xDF, 0xDF, 0xDF, 0xDF, 0xDF, 0xDF, 0xDF, 0xDF,
    0xDF, 0xDF, 0xDF, 0xDF, 0xDF, 0xDF, 0xDF, 0xDF, 0xDF, 0xDF, 0xDF, 0xDF, 0xDF, 0xDF, 0xDF, 0xDF,
    0xDF, 0xDF, 0xDF, 0xDF, 0xDF, 0xDF, 0xDF, 0xDF, 0xDF, 0xDF, 0xDF, 0xDF, 0xDF, 0xDF, 0xDF, 0xDF,
    0xDF, 0xDF, 0xDF, 0xDF, 0xDF, 0xDF, 0xDF, 0xDF, 0xDF, 0xDF, 0xDF, 0xDF, 0xDF, 0xDF, 0xDF, 0xDF,
    0xDF, 0xDF, 0xDF, 0xDF, 0xDF, 0xDF, 0xDF, 0xDF, 0xDF, 0xDF, 0xDF, 0xDF, 0xDF, 0xDF, 0xDF, 0xDF,
    0xDF, 0xDF, 0xDF, 0xDF, 0xDF, 0xDF, 0xDF, 0xDF, 0xDF, 0xDF, 0xDF, 0xDF, 0xDF, 0xDF, 0xDF, 0xDF,
    0xDF, 0xDF, 0xDF, 0xDF, 0xDF, 0xDF, 0xDF, 0xDF, 0xDF, 0xDF, 0xDF, 0xDF, 0xDF, 0xDF, 0xDF, 0xDF,
    0xDF, 0xDF, 0xDF, 0xDF, 0xDF, 0xDF, 0xDF, 0xDF, 0xDF, 0xDF, 0xDF, 0xDF, 0xDF, 0xDF, 0xDF, 0xDF,
    0xDF, 0xDF, 0xDF, 0xDF, 0xDF, 0xDF, 0xDF, 0xDF, 0xDF, 0xDF, 0xDF, 0xDF, 0xDF, 0xDF, 0xDF, 0xDF,
    0xDF, 0xDF, 0xDF, 0xDF, 0xDF, 0xDF, 0xDF, 0xDF, 0xDF, 0xDF, 0xDF, 0xDF, 0xDF, 0xDF, 0xDF, 0xDF,
    0xDF, 0xDF, 0xDF, 0xDF, 0xDF, 0xDF, 0xDF, 0xDF, 0xDF, 0xDF, 0xDF, 0xDF, 0xDF, 0xDF, 0xDF, 0xDF,
    0xDF, 0xDF, 0xDF, 0xDF, 0xDF, 0xDF, 0xDF, 0xDF, 0xDF, 0xDF, 0xDF, 0xDF, 0xDF, 0xDF, 0xDF, 0xDF,
    0xDF, 0xDF, 0xDF, 0xDF, 0xDF, 0xDF, 0xDF, 0xDF, 0xDF, 0xDF, 0xDF, 0xDF, 0xDF, 0xDF, 0xDF, 0xDF,
    0xDF, 0xDF, 0xDF, 0xDF, 0xDF, 0xDF, 0xDF, 0xDF, 0xDF, 0xDF, 0xDF, 0xDF, 0xDF, 0xDF, 0xDF, 0xDF,
    0xDF, 0xDF, 0xDF, 0xDF, 0xDF, 0xDF, 0xDF, 0xDF, 0xDF, 0xDF, 0xDF, 0xDF, 0xDF, 0xDF, 0xDF, 0xDF,
    0xDF, 0xDF, 0xDF, 0xDF, 0xDF, 0xDF, 0xDF, 0xDF, 0xDF, 0xDF, 0xDF, 0xDF, 0xDF, 0xDF, 0xDF, 0xDF,
    0xDF, 0xDF, 0xDF, 0xDF, 0xDF, 0xDF, 0xDF, 0xDF, 0xDF, 0xDF, 0xDF, 0xDF, 0xDF, 0xDF, 0xDF, 0xDF,
    0xDF, 0xDF, 0xDF, 0xDF, 0xDF, 0xDF, 0xDF, 0xDF, 0xDF, 0xDF, 0xDF, 0xDF, 0xDF, 0xDF, 0xDF, 0xDF,
    0xDF, 0xDF, 0xDF, 0xDF, 0xDF, 0xDF, 0xDF, 0xDF, 0xDF, 0xDF, 0xDF, 0xDF, 0xDF, 0xDF, 0xDF, 0xDF,
    0xDF, 0xDF, 0xDF, 0xDF, 0xDF, 0xDF, 0xDF, 0xDF, 0xDF, 0xDF, 0xDF, 0xDF, 0xDF, 0xDF, 0xDF, 0xDF,
    0xDF, 0xDF, 0xDF, 0xDF, 0xDF, 0xDF, 0xDF, 0xDF, 0xDF, 0xDF, 0xDF, 0xDF, 0xDF, 0xDF, 0xDF, 0xDF,
    0xDF, 0xDF, 0xDF, 0xDF, 0xDF, 0xDF, 0xDF, 0xDF, 0xDF, 0xDF, 0xDF, 0xDF, 0xDF, 0xDF, 0xDF, 0xDF,
    0xDF, 0xDF, 0xDF, 0xDF, 0xDF, 0xDF, 0xDF, 0xDF, 0xDF, 0xDF, 0xDF, 0xDF, 0xDF, 0xDF, 0xDF, 0xDF,
    0xDF, 0xDF, 0xDF, 0xDF, 0xDF, 0xDF, 0xDF, 0xDF, 0xDF, 0xDF, 0xDF, 0xDF, 0xDF, 0xDF, 0xDF, 0xDF,
    0xDF, 0xDF, 0xDF, 0xDF, 0xDF, 0xDF, 0xDF, 0xDF, 0xDF, 0xDF, 0xDF, 0xDF, 0xDF, 0xDF, 0xDF, 0xDF,
    0xDF, 0xDF, 0xDF, 0xDF, 0xDF, 0xDF, 0xDF, 0xDF, 0xDF, 0xDF, 0xDF, 0xDF, 0xDF, 0xDF, 0xDF, 0xDF,
    0xDF, 0xDF, 0xDF, 0xDF, 0xDF, 0xDF, 0xDF, 0xDF, 0xDF, 0xDF, 0xDF, 0xDF, 0xDF, 0xDF, 0xDF, 0xDF,
    0xDF, 0xDF, 0xDF, 0xDF, 0xDF, 0xDF, 0xDF, 0xDF, 0xDF, 0xDF, 0xDF, 0xDF, 0xDF, 0xDF, 0xDF, 0xDF,
    0xDF, 0xDF, 0xDF, 0xDF, 0xDF, 0xDF, 0xDF, 0xDF, 0xDF, 0xDF, 0xDF, 0xDF, 0xDF, 0xDF, 0xDF, 0xDF,
    0x25, 0x25, 0xDF, 0xDF, 0xDF, 0xDF, 0xDF, 0xDF, 0xDF, 0xDF, 0xDF, 0xDF, 0xDF, 0xDF, 0xDF, 0xDF,
    0xDF, 0xDF, 0xDF, 0xDF, 0xDF, 0xDF, 0xDF, 0xDF, 0xDF, 0xDF, 0xDF, 0xDF, 0xDF, 0xDF, 0xDF, 0xDF,
    0xDF, 0xDF, 0xDF, 0xDF, 0xDF, 0xDF, 0xDF, 0xDF, 0xDF, 0xDF, 0xDF, 0xDF, 0xDF, 0xDF, 0xDF, 0xDF,
    0xDF, 0xDF, 0xDF, 0xDF, 0xDF, 0xDF, 0xDF, 0xDF, 0xDF, 0xDF, 0xDF, 0xDF, 0xDF, 0xDF, 0xDF, 0x25,
    0x4B, 0x25, 0x25, 0xDF, 0xDF, 0xDF, 0xDF, 0xDF, 0xDF, 0xDF, 0xDF, 0x25, 0x25, 0x25, 0xDF, 0xDF,
    0xDF, 0xDF, 0xDF, 0xDF, 0xDF, 0xDF, 0xDF, 0xDF, 0xDF, 0xDF, 0xDF, 0xDF, 0xDF, 0xDF, 0xDF, 0xDF,
    0xDF, 0xDF, 0xDF, 0xDF, 0xDF, 0xDF, 0xDF, 0xDF, 0xDF, 0xDF, 0xDF, 0xDF, 0xDF, 0xDF, 0xDF, 0xDF,
    0xDF, 0xDF, 0xDF, 0xDF, 0xDF, 0xDF, 0xDF, 0xDF, 0xDF, 0xDF, 0xDF, 0xDF, 0xDF, 0xDF, 0x25, 0x25,
    0x4B, 0x4B, 0x25, 0x25, 0x25, 0xDF, 0xDF, 0xDF, 0xDF, 0xDF, 0x25, 0x25, 0x4B, 0x25, 0xDF, 0xDF,
    0xDF, 0xDF, 0xDF, 0xDF, 0xDF, 0xDF, 0xDF, 0xDF, 0xDF, 0xDF, 0xDF, 0xDF, 0xDF, 0xDF, 0xDF, 0xDF,
    0xDF, 0xDF, 0xDF, 0xDF, 0xDF, 0xDF, 0xDF, 0xDF, 0xDF, 0xDF, 0xDF, 0xDF, 0xDF, 0xDF, 0xDF, 0xDF,
    0xDF, 0xDF, 0xDF, 0xDF, 0xDF, 0xDF, 0xDF, 0xDF, 0xDF, 0xDF, 0xDF, 0xDF, 0xDF, 0x25, 0x25, 0x4B,
    0x4B, 0x4B, 0x25, 0x51, 0x25, 0x25, 0xDF, 0x25, 0x25, 0x25, 0x25, 0x4B, 0x4B, 0x25, 0xDF, 0xDF,
    0xDF, 0xDF, 0xDF, 0xDF, 0xDF, 0xDF, 0xDF, 0xDF, 0xDF, 0xDF, 0xDF, 0xDF, 0xDF, 0xDF, 0xDF, 0xDF,
    0xDF, 0xDF, 0xDF, 0xDF, 0xDF, 0xDF, 0xDF, 0xDF, 0xDF, 0xDF, 0xDF, 0xDF, 0xDF, 0xDF, 0xDF, 0xDF,
    0xDF, 0xDF, 0xDF, 0xDF, 0xDF, 0xDF, 0xDF, 0xDF, 0xDF, 0xDF, 0xDF, 0xDF, 0x25, 0x25, 0x4B, 0x4B,
    0x4B, 0x4B, 0x25, 0x25, 0x51, 0x25, 0x25, 0x25, 0x25, 0x25, 0x4B, 0x4B, 0x4B, 0x25, 0x25, 0xDF,
    0xDF, 0xDF, 0xDF, 0xDF, 0xDF, 0xDF, 0xDF, 0xDF, 0xDF, 0xDF, 0xDF, 0xDF, 0xDF, 0xDF, 0xDF, 0xDF,
    0xDF, 0xDF, 0xDF, 0xDF, 0xDF, 0xDF, 0xDF, 0xDF, 0xDF, 0xDF, 0xDF, 0xDF, 0xDF, 0xDF, 0xDF, 0xDF,
    0xDF, 0xDF, 0xDF, 0xDF, 0xDF, 0xDF, 0xDF, 0xDF, 0xDF, 0xDF, 0xDF, 0xDF, 0x25, 0x4B, 0x4B, 0x4B,
    0x4B, 0x4B, 0x4B, 0x25, 0x51, 0x51, 0x51, 0x25, 0x25, 0x4B, 0x4B, 0x4B, 0x4B, 0x4B, 0x25, 0xDF,
    0xDF, 0xDF, 0xDF, 0xDF, 0xDF, 0xDF, 0xDF, 0xDF, 0xDF, 0xDF, 0xDF, 0xDF, 0xDF, 0xDF, 0xDF, 0xDF,
    0xDF, 0xDF, 0xDF, 0xDF, 0xDF, 0xDF, 0xDF, 0xDF, 0xDF, 0xDF, 0xDF, 0xDF, 0xDF, 0xDF, 0xDF, 0xDF,
    0xDF, 0xDF, 0xDF, 0xDF, 0xDF, 0xDF, 0xDF, 0xDF, 0xDF, 0xDF, 0xDF, 0x25, 0x4B, 0x4B, 0x4B, 0x4B,
    0x4B, 0x4B, 0x4B, 0x25, 0x51, 0x51, 0x25, 0x25, 0x4B, 0x4B, 0x4B, 0x4B, 0x4B, 0x4B, 0x25, 0xDF,
    0xDF, 0xDF, 0xDF, 0xDF, 0xDF, 0xDF, 0xDF, 0xDF, 0xDF, 0xDF, 0xDF, 0xDF, 0xDF, 0xDF, 0xDF, 0xDF,
    0xDF, 0xDF, 0xDF, 0xDF, 0xDF, 0xDF, 0xDF, 0xDF, 0xDF, 0xDF, 0xDF, 0xDF, 0xDF, 0xDF, 0xDF, 0xDF,
    0xDF, 0xDF, 0xDF, 0xDF, 0xDF, 0xDF, 0xDF, 0xDF, 0xDF, 0xDF, 0x25, 0x25, 0x4B, 0x4B, 0x4B, 0x4B,
    0x4B, 0x4B, 0x4B, 0x25, 0x25, 0x51, 0x25, 0x4B, 0x4B, 0x4B, 0x4B, 0x4B, 0x4B, 0x4B, 0x25, 0xDF,
    0xDF, 0xDF, 0xDF, 0xDF, 0xDF, 0xDF, 0xDF, 0xDF, 0xDF, 0xDF, 0xDF, 0xDF, 0xDF, 0xDF, 0xDF, 0xDF,
    0xDF, 0xDF, 0xDF, 0xDF, 0xDF, 0xDF, 0xDF, 0xDF, 0xDF, 0xDF, 0xDF, 0xDF, 0xDF, 0xDF, 0xDF, 0xDF,
    0xDF, 0xDF, 0xDF, 0xDF, 0xDF, 0xDF, 0xDF, 0xDF, 0xDF, 0xDF, 0x25, 0x4B, 0x4B, 0x4B, 0x4B, 0x4B,
    0x4B, 0x4B, 0x4B, 0x4B, 0x25, 0x25, 0x4B, 0x4B, 0x4B, 0x4B, 0x4B, 0x4B, 0x4B, 0x4B, 0x25, 0xDF,
    0xDF, 0xDF, 0xDF, 0xDF, 0xDF, 0xDF, 0xDF, 0xDF, 0xDF, 0xDF, 0xDF, 0xDF, 0xDF, 0xDF, 0xDF, 0xDF,
    0xDF, 0xDF, 0xDF, 0xDF, 0xDF, 0xDF, 0xDF, 0xDF, 0xDF, 0xDF, 0xDF, 0xDF, 0xDF, 0xDF, 0xDF, 0xDF,
    0xDF, 0xDF, 0xDF, 0xDF, 0xDF, 0xDF, 0xDF, 0xDF, 0xDF, 0x25, 0x4B, 0x4B, 0x4B, 0x4B, 0x4B, 0x4B,
    0x4B, 0x4B, 0x4B, 0x4B, 0x25, 0x25, 0x4B, 0x4B, 0x4B, 0x4B, 0x4B, 0x4B, 0x4B, 0x4B, 0x25, 0xDF,
    0xDF, 0xDF, 0xDF, 0xDF, 0xDF, 0xDF, 0xDF, 0xDF, 0xDF, 0xDF, 0xDF, 0xDF, 0xDF, 0xDF, 0xDF, 0xDF,
    0xDF, 0xDF, 0xDF, 0xDF, 0xDF, 0xDF, 0xDF, 0xDF, 0xDF, 0xDF, 0xDF, 0xDF, 0xDF, 0xDF, 0xDF, 0xDF,
    0xDF, 0xDF, 0xDF, 0xDF, 0xDF, 0xDF, 0x25, 0x25, 0x25, 0x4B, 0x4B, 0x4B, 0x4B, 0x4B, 0x4B, 0x4B,
    0x4B, 0x4B, 0x4B, 0x4B, 0x4B, 0x4B, 0x4B, 0x4B, 0x4B, 0x4B, 0x4B, 0x4B, 0x4B, 0x4B, 0x25, 0xDF,
    0xDF, 0xDF, 0xDF, 0xDF, 0xDF, 0xDF, 0xDF, 0xDF, 0xDF, 0xDF, 0xDF, 0xDF, 0xDF, 0xDF, 0xDF, 0xDF,
    0xDF, 0xDF, 0xDF, 0xDF, 0xDF, 0xDF, 0xDF, 0xDF, 0xDF, 0xDF, 0xDF, 0xDF, 0xDF, 0xDF, 0xDF, 0xDF,
    0xDF, 0xDF, 0xDF, 0xDF, 0xDF, 0x25, 0x25, 0x4B, 0x4B, 0x4B, 0x4B, 0x4B, 0x4B, 0x4B, 0x4B, 0x4B,
    0x4B, 0x4B, 0x4B, 0x4B, 0x4B, 0x4B, 0x4B, 0x4B, 0x4B, 0x4B, 0x4B, 0x4B, 0x4B, 0x4B, 0x25, 0x25,
    0xDF, 0xDF, 0xDF, 0xDF, 0xDF, 0xDF, 0xDF, 0xDF, 0xDF, 0xDF, 0xDF, 0xDF, 0xDF, 0xDF, 0xDF, 0xDF,
    0xDF, 0xDF, 0xDF, 0xDF, 0xDF, 0xDF, 0xDF, 0xDF, 0xDF, 0xDF, 0xDF, 0xDF, 0xDF, 0xDF, 0xDF, 0xDF,
    0xDF, 0xDF, 0xDF, 0xDF, 0x25, 0x4B, 0x4B, 0x4B, 0x4B, 0x4B, 0x4B, 0x4B, 0x4B, 0x4B, 0x4B, 0x4B,
    0x4B, 0x4B, 0x4B, 0x4B, 0x4B, 0x4B, 0x4B, 0x4B, 0x4B, 0x4B, 0x4B, 0x4B, 0x4B, 0x4B, 0x4B, 0x25,
    0x25, 0xDF, 0xDF, 0xDF, 0xDF, 0xDF, 0xDF, 0xDF, 0xDF, 0xDF, 0xDF, 0xDF, 0xDF, 0xDF, 0xDF, 0xDF,
    0xDF, 0xDF, 0xDF, 0xDF, 0xDF, 0xDF, 0xDF, 0xDF, 0xDF, 0xDF, 0xDF, 0xDF, 0xDF, 0xDF, 0xDF, 0xDF,
    0xDF, 0xDF, 0xDF, 0x25, 0x4B, 0x4B, 0x4B, 0x4B, 0x4B, 0x4B, 0x4B, 0x4B, 0x4B, 0x4B, 0x4B, 0x4B,
    0x4B, 0x4B, 0x4B, 0x4B, 0x4B, 0x4B, 0x4B, 0x4B, 0x4B, 0x4B, 0x4B, 0x4B, 0x4B, 0x4B, 0x4B, 0x4B,
    0x25, 0x25, 0xDF, 0xDF, 0xDF, 0xDF, 0xDF, 0xDF, 0xDF, 0xDF, 0xDF, 0xDF, 0xDF, 0xDF, 0xDF, 0xDF,
    0xDF, 0xDF, 0xDF, 0xDF, 0xDF, 0xDF, 0xDF, 0xDF, 0xDF, 0xDF, 0xDF, 0xDF, 0xDF, 0xDF, 0xDF, 0xDF,
    0xDF, 0xDF, 0x25, 0x4B, 0x4B, 0x4B, 0x4B, 0x4B, 0x4B, 0x4B, 0x4B, 0x4B, 0x4B, 0x4B, 0x4B, 0x4B,
    0x4B, 0x4B, 0x4B, 0x4B, 0x4B, 0x4B, 0x4B, 0x4B, 0x4B, 0x4B, 0x4B, 0x4B, 0x4B, 0x4B, 0x4B, 0x4B,
    0x4B, 0x4B, 0x25, 0xDF, 0xDF, 0xDF, 0xDF, 0xDF, 0xDF, 0xDF, 0xDF, 0xDF, 0xDF, 0xDF, 0xDF, 0xDF,
    0xDF, 0xDF, 0xDF, 0xDF, 0xDF, 0xDF, 0xDF, 0xDF, 0xDF, 0xDF, 0xDF, 0xDF, 0xDF, 0xDF, 0xDF, 0xDF,
    0xDF, 0x25, 0x4B, 0x4B, 0x4B, 0x4B, 0x4B, 0x4B, 0x4B, 0x4B, 0x4B, 0x4B, 0x4B, 0x4B, 0x4B, 0x4B,
    0x4B, 0x4B, 0x4B, 0x4B, 0x4B, 0x4B, 0x4B, 0x4B, 0x4B, 0x4B, 0x4B, 0x4B, 0x4B, 0x4B, 0x4B, 0x4B,
    0x4B, 0x4B, 0x4B, 0x25, 0xDF, 0xDF, 0xDF, 0xDF, 0xDF, 0xDF, 0xDF, 0xDF, 0xDF, 0xDF, 0xDF, 0xDF,
    0xDF, 0xDF, 0xDF, 0xDF, 0xDF, 0xDF, 0xDF, 0xDF, 0xDF, 0xDF, 0xDF, 0xDF, 0xDF, 0xDF, 0xDF, 0xDF,
    0x25, 0x4B, 0x4B, 0x4B, 0x4B, 0x4B, 0x4B, 0x4B, 0x4B, 0x4B, 0x4B, 0x4B, 0x4B, 0x25, 0x25, 0x4B,
    0x4B, 0x4B, 0x4B, 0x4B, 0x4B, 0x4B, 0x4B, 0x4B, 0x4B, 0x4B, 0x4B, 0x4B, 0x4B, 0x4B, 0x4B, 0x4B,
    0x4B, 0x4B, 0x4B, 0x25, 0x25, 0xDF, 0xDF, 0xDF, 0xDF, 0xDF, 0xDF, 0xDF, 0xDF, 0xDF, 0xDF, 0xDF,
    0xDF, 0xDF, 0xDF, 0xDF, 0xDF, 0xDF, 0xDF, 0xDF, 0xDF, 0xDF, 0xDF, 0xDF, 0xDF, 0xDF, 0xDF, 0x25,
    0x4B, 0x4B, 0x4B, 0x4B, 0x4B, 0x4B, 0x4B, 0x4B, 0x4B, 0x4B, 0x4B, 0x4B, 0x4B, 0x25, 0x25, 0x4B,
    0x4B, 0x4B, 0x4B, 0x4B, 0x4B, 0x4B, 0x25, 0x25, 0x4B, 0x4B, 0x4B, 0x4B, 0x4B, 0x4B, 0x4B, 0x4B,
    0x4B, 0x4B, 0x4B, 0x4B, 0x25, 0xDF, 0xDF, 0xDF, 0xDF, 0xDF, 0xDF, 0xDF, 0xDF, 0xDF, 0xDF, 0xDF,
    0xDF, 0xDF, 0xDF, 0xDF, 0xDF, 0xDF, 0xDF, 0xDF, 0xDF, 0xDF, 0xDF, 0xDF, 0xDF, 0xDF, 0x25, 0x25,
    0x4B, 0x4B, 0x4B, 0x4B, 0x4B, 0x4B, 0x4B, 0x4B, 0x4B, 0x4B, 0x4B, 0x4B, 0x4B, 0x4B, 0x4B, 0x4B,
    0x4B, 0x4B, 0x4B, 0x4B, 0x4B, 0x4B, 0x25, 0x25, 0x4B, 0x4B, 0x4B, 0x4B, 0x4B, 0x4B, 0x4B, 0x4B,
    0x4B, 0x4B, 0x4B, 0x4B, 0x25, 0x25, 0xDF, 0xDF, 0xDF, 0xDF, 0xDF, 0xDF, 0xDF, 0xDF, 0xDF, 0xDF,
    0xDF, 0xDF, 0xDF, 0xDF, 0xDF, 0xDF, 0xDF, 0xDF, 0xDF, 0xDF, 0xDF, 0x25, 0x25, 0x25, 0x25, 0x4B,
    0x4B, 0x4B, 0x25, 0x25, 0x25, 0x25, 0x25, 0x25, 0x4B, 0x4B, 0x4B, 0x4B, 0x4B, 0x4B, 0x4B, 0x4B,
    0x4B, 0x4B, 0x25, 0x4B, 0x4B, 0x4B, 0x4B, 0x4B, 0x4B, 0x4B, 0x4B, 0x4B, 0x4B, 0x4B, 0x4B, 0x4B,
    0x4B, 0x4B, 0x4B, 0x4B, 0x4B, 0x25, 0x25, 0x25, 0x25, 0x25, 0xDF, 0xDF, 0xDF, 0xDF, 0xDF, 0xDF,
    0xDF, 0xDF, 0xDF, 0xDF, 0xDF, 0xDF, 0xDF, 0xDF, 0xDF, 0xDF, 0x25, 0x25, 0x4B, 0x25, 0x25, 0x4B,
    0x4B, 0x4B, 0x4B, 0x4B, 0x4B, 0x4B, 0x4B, 0x4B, 0x4B, 0x4B, 0x4B, 0x4B, 0x4B, 0x4B, 0x4B, 0x4B,
    0x4B, 0x4B, 0x25, 0x4B, 0x4B, 0x4B, 0x4B, 0x4B, 0x4B, 0x4B, 0x4B, 0x4B, 0x25, 0x25, 0x25, 0x25,
    0x25, 0x25, 0x4B, 0x4B, 0x4B, 0x25, 0x25, 0x4B, 0x4B, 0x25, 0x25, 0xDF, 0xDF, 0xDF, 0xDF, 0xDF,
    0xDF, 0xDF, 0xDF, 0xDF, 0xDF, 0xDF, 0xDF, 0xDF, 0xDF, 0x25, 0x4B, 0x4B, 0x4B, 0x25, 0x4B, 0x4B,
    0x4B, 0x4B, 0x4B, 0x4B, 0x4B, 0x4B, 0x25, 0x4B, 0x4B, 0x4B, 0x4B, 0x4B, 0x4B, 0x4B, 0x4B, 0x4B,
    0x25, 0x25, 0x25, 0x4B, 0x4B, 0x4B, 0x4B, 0x4B, 0x4B, 0x4B, 0x4B, 0x4B, 0x4B, 0x4B, 0x4B, 0x4B,
    0x4B, 0x4B, 0x4B, 0x4B, 0x4B, 0x25, 0x25, 0x4B, 0x4B, 0x4B, 0x25, 0xDF, 0xDF, 0xDF, 0xDF, 0xDF,
    0xDF, 0xDF, 0xDF, 0xDF, 0xDF, 0xDF, 0xDF, 0xDF, 0xDF, 0x25, 0x4B, 0x4B, 0x4B, 0x25, 0x4B, 0x4B,
    0x4B, 0x4B, 0x25, 0x25, 0x25, 0x25, 0x4B, 0x4B, 0x4B, 0x4B, 0x4B, 0x4B, 0x25, 0x25, 0x25, 0x25,
    0x4B, 0x4B, 0x4B, 0x25, 0x25, 0x4B, 0x4B, 0x4B, 0x4B, 0x4B, 0x4B, 0x4B, 0x4B, 0x4B, 0x4B, 0x4B,
    0x4B, 0x4B, 0x4B, 0x4B, 0x4B, 0x4B, 0x25, 0x4B, 0x4B, 0x4B, 0x25, 0x25, 0xDF, 0xDF, 0xDF, 0xDF,
    0xDF, 0xDF, 0xDF, 0xDF, 0xDF, 0xDF, 0xDF, 0xDF, 0xDF, 0x25, 0x4B, 0x4B, 0x4B, 0x25, 0x4B, 0x4B,
    0x4B, 0x4B, 0x25, 0x4B, 0x4B, 0x4B, 0x4B, 0x4B, 0x4B, 0x4B, 0x4B, 0x4B, 0x4B, 0x4B, 0x4B, 0x4B,
    0x4B, 0x4B, 0x4B, 0x4B, 0x25, 0x25, 0x25, 0x25, 0x25, 0x4B, 0x4B, 0x4B, 0x25, 0x25, 0x25, 0x25,
    0x4B, 0x4B, 0x4B, 0x4B, 0x4B, 0x4B, 0x25, 0x4B, 0x4B, 0x4B, 0x4B, 0x25, 0xDF, 0xDF, 0xDF, 0xDF,
    0xDF, 0xDF, 0xDF, 0xDF, 0xDF, 0xDF, 0xDF, 0xDF, 0xDF, 0x25, 0x4B, 0x4B, 0x4B, 0x25, 0x4B, 0x4B,
    0x4B, 0x4B, 0x4B, 0x4B, 0x4B, 0x4B, 0x4B, 0x4B, 0x4B, 0x4B, 0x4B, 0x4B, 0x4B, 0x4B, 0x4B, 0x4B,
    0x4B, 0x4B, 0x4B, 0x4B, 0x4B, 0x4B, 0x4B, 0x4B, 0x4B, 0x4B, 0x4B, 0x4B, 0x4B, 0x4B, 0x4B, 0x25,
    0x25, 0x25, 0x4B, 0x4B, 0x4B, 0x4B, 0x25, 0x4B, 0x4B, 0x4B, 0x4B, 0x25, 0xDF, 0xDF, 0xDF, 0xDF,
    0xDF, 0xDF, 0xDF, 0xDF, 0xDF, 0xDF, 0xDF, 0xDF, 0xDF, 0x25, 0x4B, 0x4B, 0x4B, 0x25, 0x4B, 0x4B,
    0x4B, 0x4B, 0x4B, 0x4B, 0x4B, 0x4B, 0x4B, 0x4B, 0x4B, 0x4B, 0x4B, 0x4B, 0x4B, 0x4B, 0x4B, 0x4B,
    0x4B, 0x4B, 0x4B, 0x4B, 0x4B, 0x4B, 0x4B, 0x4B, 0x4B, 0x4B, 0x4B, 0x4B, 0x4B, 0x4B, 0x4B, 0x4B,
    0x4B, 0x4B, 0x4B, 0x4B, 0x4B, 0x4B, 0x25, 0x4B, 0x4B, 0x4B, 0x25, 0x25, 0xDF, 0xDF, 0xDF, 0xDF,
    0xDF, 0xDF, 0xDF, 0xDF, 0xDF, 0xDF, 0xDF, 0xDF, 0xDF, 0x25, 0x25, 0x4B, 0x4B, 0x25, 0x4B, 0x4B,
    0x4B, 0x4B, 0x4B, 0x4B, 0x4B, 0x4B, 0x4B, 0x4B, 0x4B, 0x4B, 0x4B, 0x4B, 0x4B, 0x4B, 0x4B, 0x4B,
    0x4B, 0x4B, 0x4B, 0x4B, 0x4B, 0x4B, 0x4B, 0x4B, 0x4B, 0x4B, 0x4B, 0x4B, 0x4B, 0x4B, 0x4B, 0x4B,
    0x4B, 0x4B, 0x4B, 0x4B, 0x4B, 0x4B, 0x25, 0x4B, 0x4B, 0x25, 0x25, 0xDF, 0xDF, 0xDF, 0xDF, 0xDF,
    0xDF, 0xDF, 0xDF, 0xDF, 0xDF, 0xDF, 0xDF, 0xDF, 0xDF, 0xDF, 0x25, 0x25, 0x25, 0x25, 0x4B, 0x4B,
    0x4B, 0x4B, 0x4B, 0x4B, 0x4B, 0x4B, 0x4B, 0x4B, 0x4B, 0x4B, 0x4B, 0x4B, 0x4B, 0x4B, 0x4B, 0x4B,
    0x4B, 0x4B, 0x4B, 0x4B, 0x4B, 0x4B, 0x4B, 0x4B, 0x4B, 0x4B, 0x4B, 0x4B, 0x4B, 0x4B, 0x4B, 0x4B,
    0x4B, 0x4B, 0x4B, 0x4B, 0x4B, 0x4B, 0x25, 0x4B, 0x25, 0x25, 0xDF, 0xDF, 0xDF, 0xDF, 0xDF, 0xDF,
    0xDF, 0xDF, 0xDF, 0xDF, 0xDF, 0xDF, 0xDF, 0xDF, 0xDF, 0xDF, 0xDF, 0xDF, 0x25, 0x25, 0x4B, 0x4B,
    0x4B, 0x4B, 0x4B, 0x4B, 0x4B, 0x4B, 0x4B, 0x4B, 0x4B, 0x4B, 0x4B, 0x4B, 0x4B, 0x4B, 0x4B, 0x4B,
    0x4B, 0x4B, 0x4B, 0x4B, 0x4B, 0x4B, 0x4B, 0x4B, 0x4B, 0x4B, 0x4B, 0x4B, 0x4B, 0x4B, 0x4B, 0x4B,
    0x4B, 0x4B, 0x4B, 0x4B, 0x4B, 0x4B, 0x25, 0x25, 0xDF, 0xDF, 0xDF, 0xDF, 0xDF, 0xDF, 0xDF, 0xDF,
    0xDF, 0xDF, 0xDF, 0xDF, 0xDF, 0xDF, 0xDF, 0xDF, 0xDF, 0xDF, 0xDF, 0xDF, 0xDF, 0x25, 0x4B, 0x4B,
    0x4B, 0x4B, 0x4B, 0x4B, 0x4B, 0x4B, 0x4B, 0x4B, 0x4B, 0x4B, 0x4B, 0x4B, 0x4B, 0x4B, 0x4B, 0x4B,
    0x4B, 0x4B, 0x4B, 0x4B, 0x4B, 0x4B, 0x4B, 0x4B, 0x4B, 0x4B, 0x4B, 0x4B, 0x4B, 0x4B, 0x4B, 0x4B,
    0x4B, 0x4B, 0x4B, 0x4B, 0x4B, 0x4B, 0x25, 0xDF, 0xDF, 0xDF, 0xDF, 0xDF, 0xDF, 0xDF, 0xDF, 0xDF,
    0xDF, 0xDF, 0xDF, 0xDF, 0xDF, 0xDF, 0xDF, 0xDF, 0xDF, 0xDF, 0xDF, 0xDF, 0xDF, 0x25, 0x4B, 0x4B,
    0x4B, 0x4B, 0x4B, 0x4B, 0x4B, 0x4B, 0x4B, 0x4B, 0x4B, 0x4B, 0x4B, 0x4B, 0x4B, 0x4B, 0x4B, 0x4B,
    0x4B, 0x4B, 0x4B, 0x4B, 0x4B, 0x4B, 0x4B, 0x4B, 0x4B, 0x4B, 0x4B, 0x4B, 0x4B, 0x4B, 0x4B, 0x4B,
    0x4B, 0x4B, 0x4B, 0x4B, 0x4B, 0x4B, 0x25, 0xDF, 0xDF, 0xDF, 0xDF, 0xDF, 0xDF, 0xDF, 0xDF, 0xDF,
    0xDF, 0xDF, 0xDF, 0xDF, 0xDF, 0xDF, 0xDF, 0xDF, 0xDF, 0xDF, 0xDF, 0xDF, 0xDF, 0x25, 0x4B, 0x4B,
    0x4B, 0x4B, 0x4B, 0x4B, 0x4B, 0x4B, 0x4B, 0x4B, 0x4B, 0x4B, 0x4B, 0x4B, 0x4B, 0x4B, 0x4B, 0x4B,
    0x4B, 0x4B, 0x4B, 0x4B, 0x4B, 0x4B, 0x4B, 0x4B, 0x4B, 0x4B, 0x4B, 0x4B, 0x4B, 0x4B, 0x4B, 0x4B,
    0x4B, 0x4B, 0x4B, 0x4B, 0x4B, 0x4B, 0x25, 0xDF, 0xDF, 0xDF, 0xDF, 0xDF, 0xDF, 0xDF, 0xDF, 0xDF,
    0xDF, 0xDF, 0xDF, 0xDF, 0xDF, 0xDF, 0xDF, 0xDF, 0xDF, 0xDF, 0xDF, 0xDF, 0xDF, 0x25, 0x25, 0x4B,
    0x4B, 0x4B, 0x4B, 0x4B, 0x4B, 0x4B, 0x4B, 0x4B, 0x4B, 0x4B, 0x4B, 0x4B, 0x4B, 0x4B, 0x4B, 0x4B,
    0x4B, 0x4B, 0x4B, 0x4B, 0x4B, 0x4B, 0x4B, 0x4B, 0x4B, 0x4B, 0x4B, 0x4B, 0x4B, 0x4B, 0x4B, 0x4B,
    0x4B, 0x4B, 0x4B, 0x4B, 0x4B, 0x25, 0xDF, 0xDF, 0xDF, 0xDF, 0xDF, 0xDF, 0xDF, 0xDF, 0xDF, 0xDF,
    0xDF, 0xDF, 0xDF, 0xDF, 0xDF, 0xDF, 0xDF, 0xDF, 0xDF, 0xDF, 0xDF, 0xDF, 0xDF, 0xDF, 0x25, 0x4B,
    0x4B, 0x4B, 0x4B, 0x4B, 0x4B, 0x4B, 0x4B, 0x4B, 0x4B, 0x4B, 0x4B, 0x4B, 0x4B, 0x4B, 0x4B, 0x4B,
    0x4B, 0x4B, 0x4B, 0x4B, 0x4B, 0x4B, 0x4B, 0x4B, 0x4B, 0x4B, 0x4B, 0x4B, 0x4B, 0x4B, 0x4B, 0x4B,
    0x4B, 0x4B, 0x4B, 0x4B, 0x4B, 0x25, 0xDF, 0xDF, 0xDF, 0xDF, 0xDF, 0xDF, 0xDF, 0xDF, 0xDF, 0xDF,
    0xDF, 0xDF, 0xDF, 0xDF, 0xDF, 0xDF, 0xDF, 0xDF, 0xDF, 0xDF, 0xDF, 0xDF, 0xDF, 0xDF, 0x25, 0x4B,
    0x4B, 0x4B, 0x4B, 0x4B, 0x4B, 0x4B, 0x4B, 0x4B, 0x4B, 0x4B, 0x4B, 0x4B, 0x4B, 0x4B, 0x4B, 0x4B,
    0x4B, 0x4B, 0x4B, 0x4B, 0x4B, 0x4B, 0x4B, 0x4B, 0x4B, 0x4B, 0x4B, 0x4B, 0x4B, 0x4B, 0x4B, 0x4B,
    0x4B, 0x4B, 0x4B, 0x4B, 0x25, 0x25, 0xDF, 0xDF, 0xDF, 0xDF, 0xDF, 0xDF, 0xDF, 0xDF, 0xDF, 0xDF,
    0xDF, 0xDF, 0xDF, 0xDF, 0xDF, 0xDF, 0xDF, 0xDF, 0xDF, 0xDF, 0xDF, 0xDF, 0xDF, 0xDF, 0xDF, 0x25,
    0x4B, 0x4B, 0x4B, 0x4B, 0x4B, 0x4B, 0x4B, 0x4B, 0x4B, 0x4B, 0x4B, 0x4B, 0x4B, 0x4B, 0x4B, 0x4B,
    0x4B, 0x4B, 0x4B, 0x4B, 0x4B, 0x4B, 0x4B, 0x4B, 0x4B, 0x4B, 0x4B, 0x4B, 0x4B, 0x4B, 0x4B, 0x4B,
    0x4B, 0x4B, 0x4B, 0x4B, 0x25, 0xDF, 0xDF, 0xDF, 0xDF, 0xDF, 0xDF, 0xDF, 0xDF, 0xDF, 0xDF, 0xDF,
    0xDF, 0xDF, 0xDF, 0xDF, 0xDF, 0xDF, 0xDF, 0xDF, 0xDF, 0xDF, 0xDF, 0xDF, 0xDF, 0xDF, 0xDF, 0x25,
    0x4B, 0x4B, 0x4B, 0x4B, 0x4B, 0x4B, 0x4B, 0x4B, 0x4B, 0x4B, 0x4B, 0x4B, 0x4B, 0x4B, 0x4B, 0x4B,
    0x4B, 0x4B, 0x4B, 0x4B, 0x4B, 0x4B, 0x4B, 0x4B, 0x4B, 0x4B, 0x4B, 0x4B, 0x4B, 0x4B, 0x4B, 0x4B,
    0x4B, 0x4B, 0x4B, 0x25, 0x25, 0xDF, 0xDF, 0xDF, 0xDF, 0xDF, 0xDF, 0xDF, 0xDF, 0xDF, 0xDF, 0xDF,
    0xDF, 0xDF, 0xDF, 0xDF, 0xDF, 0xDF, 0xDF, 0xDF, 0xDF, 0xDF, 0xDF, 0xDF, 0xDF, 0xDF, 0xDF, 0xDF,
    0x25, 0x4B, 0x4B, 0x4B, 0x4B, 0x4B, 0x4B, 0x4B, 0x4B, 0x4B, 0x4B, 0x4B, 0x4B, 0x4B, 0x4B, 0x4B,
    0x4B, 0x4B, 0x4B, 0x4B, 0x4B, 0x4B, 0x4B, 0x4B, 0x4B, 0x4B, 0x4B, 0x4B, 0x4B, 0x4B, 0x4B, 0x4B,
    0x4B, 0x4B, 0x4B, 0x25, 0xDF, 0xDF, 0xDF, 0xDF, 0xDF, 0xDF, 0xDF, 0xDF, 0xDF, 0xDF, 0xDF, 0xDF,
    0xDF, 0xDF, 0xDF, 0xDF, 0xDF, 0xDF, 0xDF, 0xDF, 0xDF, 0xDF, 0xDF, 0xDF, 0xDF, 0xDF, 0xDF, 0xDF,
    0x25, 0x25, 0x4B, 0x4B, 0x4B, 0x4B, 0x4B, 0x4B, 0x4B, 0x4B, 0x4B, 0x4B, 0x4B, 0x4B, 0x4B, 0x4B,
    0x4B, 0x4B, 0x4B, 0x4B, 0x4B, 0x4B, 0x4B, 0x4B, 0x4B, 0x4B, 0x4B, 0x4B, 0x4B, 0x4B, 0x4B, 0x4B,
    0x4B, 0x25, 0x25, 0xDF, 0xDF, 0xDF, 0xDF, 0xDF, 0xDF, 0xDF, 0xDF, 0xDF, 0xDF, 0xDF, 0xDF, 0xDF,
    0xDF, 0xDF, 0xDF, 0xDF, 0xDF, 0xDF, 0xDF, 0xDF, 0xDF, 0xDF, 0xDF, 0xDF, 0xDF, 0xDF, 0xDF, 0xDF,
    0xDF, 0x25, 0x25, 0x4B, 0x4B, 0x4B, 0x4B, 0x4B, 0x4B, 0x4B, 0x4B, 0x4B, 0x4B, 0x4B, 0x4B, 0x4B,
    0x4B, 0x4B, 0x4B, 0x4B, 0x4B, 0x4B, 0x4B, 0x4B, 0x4B, 0x4B, 0x4B, 0x4B, 0x4B, 0x4B, 0x4B, 0x4B,
    0x25, 0x25, 0x25, 0xDF, 0xDF, 0xDF, 0xDF, 0xDF, 0xDF, 0xDF, 0xDF, 0xDF, 0xDF, 0xDF, 0xDF, 0xDF,
    0xDF, 0xDF, 0xDF, 0xDF, 0xDF, 0xDF, 0xDF, 0xDF, 0xDF, 0xDF, 0xDF, 0xDF, 0xDF, 0xDF, 0xDF, 0xDF,
    0xDF, 0xDF, 0x25, 0x25, 0x4B, 0x4B, 0x4B, 0x4B, 0x4B, 0x4B, 0x4B, 0x4B, 0x4B, 0x4B, 0x4B, 0x4B,
    0x4B, 0x4B, 0x4B, 0x4B, 0x4B, 0x4B, 0x4B, 0x4B, 0x4B, 0x4B, 0x4B, 0x4B, 0x4B, 0x4B, 0x25, 0x25,
    0x25, 0x4B, 0x25, 0xDF, 0xDF, 0xDF, 0xDF, 0xDF, 0xDF, 0xDF, 0xDF, 0xDF, 0xDF, 0xDF, 0xDF, 0xDF,
    0xDF, 0xDF, 0xDF, 0xDF, 0xDF, 0xDF, 0xDF, 0xDF, 0xDF, 0xDF, 0xDF, 0xDF, 0xDF, 0xDF, 0xDF, 0xDF,
    0xDF, 0xDF, 0xDF, 0x25, 0x25, 0x25, 0x4B, 0x4B, 0x4B, 0x4B, 0x4B, 0x4B, 0x4B, 0x4B, 0x4B, 0x4B,
    0x4B, 0x4B, 0x4B, 0x4B, 0x4B, 0x4B, 0x4B, 0x4B, 0x4B, 0x4B, 0x4B, 0x4B, 0x25, 0x25, 0x25, 0x4B,
    0x4B, 0x4B, 0x25, 0xDF, 0xDF, 0xDF, 0xDF, 0xDF, 0xDF, 0xDF, 0xDF, 0xDF, 0xDF, 0xDF, 0xDF, 0xDF,
    0xDF, 0xDF, 0xDF, 0xDF, 0xDF, 0xDF, 0xDF, 0xDF, 0xDF, 0xDF, 0xDF, 0xDF, 0xDF, 0xDF, 0xDF, 0xDF,
    0xDF, 0xDF, 0xDF, 0x25, 0x4B, 0x25, 0x25, 0x25, 0x4B, 0x4B, 0x4B, 0x4B, 0x4B, 0x4B, 0x4B, 0x4B,
    0x4B, 0x4B, 0x4B, 0x4B, 0x4B, 0x4B, 0x4B, 0x4B, 0x4B, 0x4B, 0x25, 0x25, 0x25, 0x4B, 0x4B, 0x4B,
    0x4B, 0x4B, 0x25, 0xDF, 0xDF, 0xDF, 0xDF, 0xDF, 0xDF, 0xDF, 0xDF, 0xDF, 0xDF, 0xDF, 0xDF, 0xDF,
    0xDF, 0xDF, 0xDF, 0xDF, 0xDF, 0xDF, 0xDF, 0xDF, 0xDF, 0xDF, 0xDF, 0xDF, 0xDF, 0xDF, 0xDF, 0xDF,
    0xDF, 0xDF, 0xDF, 0x25, 0x4B, 0x4B, 0x4B, 0x25, 0x25, 0x25, 0x25, 0x25, 0x25, 0x25, 0x25, 0x25,
    0x25, 0x25, 0x25, 0x25, 0x25, 0x25, 0x25, 0x25, 0x25, 0x25, 0x25, 0x4B, 0x4B, 0x4B, 0x4B, 0x4B,
    0x4B, 0x4B, 0x25, 0xDF, 0xDF, 0xDF, 0xDF, 0xDF, 0xDF, 0xDF, 0xDF, 0xDF, 0xDF, 0xDF, 0xDF, 0xDF,
    0xDF, 0xDF, 0xDF, 0xDF, 0xDF, 0xDF, 0xDF, 0xDF, 0xDF, 0xDF, 0xDF, 0xDF, 0xDF, 0xDF, 0xDF, 0xDF,
    0xDF, 0xDF, 0xDF, 0x25, 0x4B, 0x4B, 0x4B, 0x4B, 0x4B, 0x4B, 0x4B, 0x4B, 0x4B, 0x4B, 0x4B, 0x25,
    0xDF, 0xDF, 0xDF, 0xDF, 0xDF, 0xDF, 0xDF, 0x25, 0x4B, 0x4B, 0x4B, 0x4B, 0x4B, 0x4B, 0x4B, 0x4B,
    0x4B, 0x4B, 0x25, 0xDF, 0xDF, 0xDF, 0xDF, 0xDF, 0xDF, 0xDF, 0xDF, 0xDF, 0xDF, 0xDF, 0xDF, 0xDF,
    0xDF, 0xDF, 0xDF, 0xDF, 0xDF, 0xDF, 0xDF, 0xDF, 0xDF, 0xDF, 0xDF, 0xDF, 0xDF, 0xDF, 0xDF, 0xDF,
    0xDF, 0xDF, 0xDF, 0x25, 0x25, 0x4B, 0x4B, 0x4B, 0x4B, 0x4B, 0x4B, 0x4B, 0x4B, 0x4B, 0x25, 0xDF,
    0xDF, 0xDF, 0xDF, 0xDF, 0xDF, 0xDF, 0xDF, 0x25, 0x4B, 0x4B, 0x4B, 0x4B, 0x4B, 0x4B, 0x4B, 0x4B,
    0x4B, 0x4B, 0x25, 0xDF, 0xDF, 0xDF, 0xDF, 0xDF, 0xDF, 0xDF, 0xDF, 0xDF, 0xDF, 0xDF, 0xDF, 0xDF,
    0xDF, 0xDF, 0xDF, 0xDF, 0xDF, 0xDF, 0xDF, 0xDF, 0xDF, 0xDF, 0xDF, 0xDF, 0xDF, 0xDF, 0xDF, 0xDF,
    0xDF, 0xDF, 0xDF, 0xDF, 0x25, 0x4B, 0x4B, 0x4B, 0x4B, 0x4B, 0x4B, 0x4B, 0x25, 0x25, 0x25, 0xDF,
    0xDF, 0xDF, 0xDF, 0xDF, 0xDF, 0xDF, 0xDF, 0xDF, 0x25, 0x4B, 0x4B, 0x4B, 0x4B, 0x4B, 0x4B, 0x4B,
    0x4B, 0x25, 0x25, 0xDF, 0xDF, 0xDF, 0xDF, 0xDF, 0xDF, 0xDF, 0xDF, 0xDF, 0xDF, 0xDF, 0xDF, 0xDF,
    0xDF, 0xDF, 0xDF, 0xDF, 0xDF, 0xDF, 0xDF, 0xDF, 0xDF, 0xDF, 0xDF, 0xDF, 0xDF, 0xDF, 0xDF, 0xDF,
    0xDF, 0xDF, 0xDF, 0xDF, 0x25, 0x25, 0x4B, 0x4B, 0x4B, 0x4B, 0x4B, 0x25, 0x25, 0xDF, 0xDF, 0xDF,
    0xDF, 0xDF, 0xDF, 0xDF, 0xDF, 0xDF, 0xDF, 0xDF, 0x25, 0x25, 0x25, 0x4B, 0x4B, 0x4B, 0x4B, 0x4B,
    0x25, 0x25, 0xDF, 0xDF, 0xDF, 0xDF, 0xDF, 0xDF, 0xDF, 0xDF, 0xDF, 0xDF, 0xDF, 0xDF, 0xDF, 0xDF,
    0xDF, 0xDF, 0xDF, 0xDF, 0xDF, 0xDF, 0xDF, 0xDF, 0xDF, 0xDF, 0xDF, 0xDF, 0xDF, 0xDF, 0xDF, 0xDF,
    0xDF, 0xDF, 0xDF, 0xDF, 0xDF, 0x25, 0x25, 0x25, 0x25, 0x25, 0x25, 0xDF, 0xDF, 0xDF, 0xDF, 0xDF,
    0xDF, 0xDF, 0xDF, 0xDF, 0xDF, 0xDF, 0xDF, 0xDF, 0xDF, 0xDF, 0x25, 0x25, 0x25, 0x25, 0x25, 0x25,
    0x25, 0xDF, 0xDF, 0xDF, 0xDF, 0xDF, 0xDF, 0xDF, 0xDF, 0xDF, 0xDF, 0xDF, 0xDF, 0xDF, 0xDF, 0xDF,
    0xDF, 0xDF, 0xDF, 0xDF, 0xDF, 0xDF, 0xDF, 0xDF, 0xDF, 0xDF, 0xDF, 0xDF, 0xDF, 0xDF, 0xDF, 0xDF,
    0xDF, 0xDF, 0xDF, 0xDF, 0xDF, 0xDF, 0xDF, 0xDF, 0xDF, 0xDF, 0xDF, 0xDF, 0xDF, 0xDF, 0xDF, 0xDF,
    0xDF, 0xDF, 0xDF, 0xDF, 0xDF, 0xDF, 0xDF, 0xDF, 0xDF, 0xDF, 0xDF, 0xDF, 0xDF, 0xDF, 0xDF, 0xDF,
    0xDF, 0xDF, 0xDF, 0xDF, 0xDF, 0xDF, 0xDF, 0xDF, 0xDF, 0xDF, 0xDF, 0xDF, 0xDF, 0xDF, 0xDF, 0xDF,
    0xDF, 0xDF, 0xDF, 0xDF, 0xDF, 0xDF, 0xDF, 0xDF, 0xDF, 0xDF, 0xDF, 0xDF, 0xDF, 0xDF, 0xDF, 0xDF,
    0xDF, 0xDF, 0xDF, 0xDF, 0xDF, 0xDF, 0xDF, 0xDF, 0xDF, 0xDF, 0xDF, 0xDF, 0xDF, 0xDF, 0xDF, 0xDF,
    0xDF, 0xDF, 0xDF, 0xDF, 0xDF, 0xDF, 0xDF, 0xDF, 0xDF, 0xDF, 0xDF, 0xDF, 0xDF, 0xDF, 0xDF, 0xDF,
    0xDF, 0xDF, 0xDF, 0xDF, 0xDF, 0xDF, 0xDF, 0xDF, 0xDF, 0xDF, 0xDF, 0xDF, 0xDF, 0xDF, 0xDF, 0xDF,
    0xDF, 0xDF, 0xDF, 0xDF, 0xDF, 0xDF, 0xDF, 0xDF, 0xDF, 0xDF, 0xDF, 0xDF, 0xDF, 0xDF, 0xDF, 0xDF,
    0xDF, 0xDF, 0xDF, 0xDF, 0xDF, 0xDF, 0xDF, 0xDF, 0xDF, 0xDF, 0xDF, 0xDF, 0xDF, 0xDF, 0xDF, 0xDF,
    0xDF, 0xDF, 0xDF, 0xDF, 0xDF, 0xDF, 0xDF, 0xDF, 0xDF, 0xDF, 0xDF, 0xDF, 0xDF, 0xDF, 0xDF, 0xDF,
    0xDF, 0xDF, 0xDF, 0xDF, 0xDF, 0xDF, 0xDF, 0xDF, 0xDF, 0xDF, 0xDF, 0xDF, 0xDF, 0xDF, 0xDF, 0xDF,
    0xDF, 0xDF, 0xDF, 0xDF, 0xDF, 0xDF, 0xDF, 0xDF, 0xDF, 0xDF, 0xDF, 0xDF, 0xDF, 0xDF, 0xDF, 0xDF,
    0xDF, 0xDF, 0xDF, 0xDF, 0xDF, 0xDF, 0xDF, 0xDF, 0xDF, 0xDF, 0xDF, 0xDF, 0xDF, 0xDF, 0xDF, 0xDF,
    0xDF, 0xDF, 0xDF, 0xDF, 0xDF, 0xDF, 0xDF, 0xDF, 0xDF, 0xDF, 0xDF, 0xDF, 0xDF, 0xDF, 0xDF, 0xDF,
    0xDF, 0xDF, 0xDF, 0xDF, 0xDF, 0xDF, 0xDF, 0xDF, 0xDF, 0xDF, 0xDF, 0xDF, 0xDF, 0xDF, 0xDF, 0xDF,
    0xDF, 0xDF, 0xDF, 0xDF, 0xDF, 0xDF, 0xDF, 0xDF, 0xDF, 0xDF, 0xDF, 0xDF, 0xDF, 0xDF, 0xDF, 0xDF,
    0xDF, 0xDF, 0xDF, 0xDF, 0xDF, 0xDF, 0xDF, 0xDF, 0xDF, 0xDF, 0xDF, 0xDF, 0xDF, 0xDF, 0xDF, 0xDF,
    0xDF, 0xDF, 0xDF, 0xDF, 0xDF, 0xDF, 0xDF, 0xDF, 0xDF, 0xDF, 0xDF, 0xDF, 0xDF, 0xDF, 0xDF, 0xDF,
    0xDF, 0xDF, 0xDF, 0xDF, 0xDF, 0xDF, 0xDF, 0xDF, 0xDF, 0xDF, 0xDF, 0xDF, 0xDF, 0xDF, 0xDF, 0xDF,
    0xDF, 0xDF, 0xDF, 0xDF, 0xDF, 0xDF, 0xDF, 0xDF, 0xDF, 0xDF, 0xDF, 0xDF, 0xDF, 0xDF, 0xDF, 0xDF,
    0xDF, 0xDF, 0xDF, 0xDF, 0xDF, 0xDF, 0xDF, 0xDF, 0xDF, 0xDF, 0xDF, 0xDF, 0xDF, 0xDF, 0xDF, 0xDF,
    0xDF, 0xDF, 0xDF, 0xDF, 0xDF, 0xDF, 0xDF, 0xDF, 0xDF, 0xDF, 0xDF, 0xDF, 0xDF, 0xDF, 0xDF, 0xDF,
    0xDF, 0xDF, 0xDF, 0xDF, 0xDF, 0xDF, 0xDF, 0xDF, 0xDF, 0xDF, 0xDF, 0xDF, 0xDF, 0xDF, 0xDF, 0xDF,
};

constexpr int kIdleSpriteWidth = 64;
constexpr int kIdleSpriteHeight = 64;
constexpr int kIdleSpriteFrameCount = 2;
const uint8_t* const kIdleSpriteFrames[kIdleSpriteFrameCount] = {
    kIdleSpriteFrame0,
    kIdleSpriteFrame1,
};

// Mood: Happy
const uint8_t kHappySpriteFrame0[] PROGMEM = {
    0xDF, 0xDF, 0xDF, 0xDF, 0xDF, 0xDF, 0xDF, 0xDF, 0xDF, 0xDF, 0xDF, 0xDF, 0xDF, 0xDF, 0xDF, 0xDF,
    0xDF, 0xDF, 0xDF, 0xDF, 0xDF, 0xDF, 0xDF, 0xDF, 0xDF, 0xDF, 0xDF, 0xDF, 0xDF, 0xDF, 0xDF, 0xDF,
    0xDF, 0xDF, 0xDF, 0xDF, 0xDF, 0xDF, 0xDF, 0xDF, 0xDF, 0xDF, 0xDF, 0xDF, 0xDF, 0xDF, 0xDF, 0xDF,
    0xDF, 0xDF, 0xDF, 0xDF, 0xDF, 0xDF, 0xDF, 0xDF, 0xDF, 0xDF, 0xDF, 0xDF, 0xDF, 0xDF, 0xDF, 0xDF,
    0xDF, 0xDF, 0xDF, 0xDF, 0xDF, 0xDF, 0xDF, 0xDF, 0xDF, 0xDF, 0xDF, 0xDF, 0xDF, 0xDF, 0xDF, 0xDF,
    0xDF, 0xDF, 0xDF, 0xDF, 0xDF, 0xDF, 0xDF, 0xDF, 0xDF, 0xDF, 0xDF, 0xDF, 0xDF, 0xDF, 0xDF, 0xDF,
    0xDF, 0xDF, 0xDF, 0xDF, 0xDF, 0xDF, 0xDF, 0xDF, 0xDF, 0xDF, 0xDF, 0xDF, 0xDF, 0xDF, 0xDF, 0xDF,
    0xDF, 0xDF, 0xDF, 0xDF, 0xDF, 0xDF, 0xDF, 0xDF, 0xDF, 0xDF, 0xDF, 0xDF, 0xDF, 0xDF, 0xDF, 0xDF,
    0xDF, 0xDF, 0xDF, 0xDF, 0xDF, 0xDF, 0xDF, 0xDF, 0xDF, 0xDF, 0xDF, 0xDF, 0xDF, 0xDF, 0xDF, 0xDF,
    0xDF, 0xDF, 0xDF, 0xDF, 0xDF, 0xDF, 0xDF, 0xDF, 0xDF, 0xDF, 0xDF, 0xDF, 0xDF, 0xDF, 0xDF, 0xDF,
    0xDF, 0xDF, 0xDF, 0xDF, 0xDF, 0xDF, 0xDF, 0xDF, 0xDF, 0xDF, 0xDF, 0xDF, 0xDF, 0xDF, 0xDF, 0xDF,
    0xDF, 0xDF, 0xDF, 0xDF, 0xDF, 0xDF, 0xDF, 0xDF, 0xDF, 0xDF, 0xDF, 0xDF, 0xDF, 0xDF, 0xDF, 0xDF,
    0xDF, 0xDF, 0xDF, 0xDF, 0xDF, 0xDF, 0xDF, 0xDF, 0xDF, 0xDF, 0xDF, 0xDF, 0xDF, 0xDF, 0xDF, 0xDF,
    0xDF, 0xDF, 0xDF, 0xDF, 0xDF, 0xDF, 0xDF, 0xDF, 0xDF, 0xDF, 0xDF, 0xDF, 0xDF, 0xDF, 0xDF, 0xDF,
    0xDF, 0xDF, 0xDF, 0xDF, 0xDF, 0xDF, 0xDF, 0xDF, 0xDF, 0xDF, 0xDF, 0xDF, 0xDF, 0xDF, 0xDF, 0xDF,
    0xDF, 0xDF, 0xDF, 0xDF, 0xDF, 0xDF, 0xDF, 0xDF, 0xDF, 0xDF, 0xDF, 0xDF, 0xDF, 0xDF, 0xDF, 0xDF,
    0xDF, 0xDF, 0xDF, 0xDF, 0xDF, 0xDF, 0xDF, 0xDF, 0xDF, 0xDF, 0xDF, 0xDF, 0xDF, 0xDF, 0xDF, 0xDF,
    0xDF, 0xDF, 0xDF, 0xDF, 0xDF, 0xDF, 0xDF, 0xDF, 0xDF, 0xDF, 0xDF, 0xDF, 0xDF, 0xDF, 0xDF, 0xDF,
    0xDF, 0xDF, 0xDF, 0xDF, 0xDF, 0xDF, 0xDF, 0xDF, 0xDF, 0xDF, 0xDF, 0xDF, 0xDF, 0xDF, 0xDF, 0xDF,
    0xDF, 0xDF, 0xDF, 0xDF, 0xDF, 0xDF, 0xDF, 0xDF, 0xDF, 0xDF, 0xDF, 0xDF, 0xDF, 0xDF, 0xDF, 0xDF,
    0xDF, 0xDF, 0xDF, 0xDF, 0xDF, 0xDF, 0xDF, 0xDF, 0xDF, 0xDF, 0xDF, 0xDF, 0xDF, 0xDF, 0xDF, 0xDF,
    0xDF, 0xDF, 0xDF, 0xDF, 0xDF, 0xDF, 0xDF, 0xDF, 0xDF, 0xDF, 0xDF, 0xDF, 0xDF, 0xDF, 0xDF, 0xDF,
    0xDF, 0xDF, 0xDF, 0xDF, 0xDF, 0xDF, 0xDF, 0xDF, 0xDF, 0xDF, 0xDF, 0xDF, 0xDF, 0xDF, 0xDF, 0xDF,
    0xDF, 0xDF, 0xDF, 0xDF, 0xDF, 0xDF, 0xDF, 0xDF, 0xDF, 0xDF, 0xDF, 0xDF, 0xDF, 0xDF, 0xDF, 0xDF,
    0xDF, 0xDF, 0xDF, 0xDF, 0xDF, 0xDF, 0xDF, 0xDF, 0xDF, 0xDF, 0xDF, 0xDF, 0xDF, 0xDF, 0xDF, 0xDF,
    0xDF, 0xDF, 0xDF, 0xDF, 0xDF, 0xDF, 0xDF, 0xDF, 0xDF, 0xDF, 0xDF, 0xDF, 0xDF, 0xDF, 0xDF, 0xDF,
    0xDF, 0xDF, 0xDF, 0xDF, 0xDF, 0xDF, 0xDF, 0xDF, 0xDF, 0xDF, 0xDF, 0xDF, 0xDF, 0xDF, 0xDF, 0xDF,
    0xDF, 0xDF, 0xDF, 0xDF, 0xDF, 0xDF, 0xDF, 0xDF, 0xDF, 0xDF, 0xDF, 0xDF, 0xDF, 0xDF, 0xDF, 0xDF,
    0xDF, 0xDF, 0xDF, 0xDF, 0xDF, 0xDF, 0xDF, 0xDF, 0xDF, 0xDF, 0xDF, 0xDF, 0xDF, 0xDF, 0xDF, 0xDF,
    0xDF, 0xDF, 0xDF, 0xDF, 0xDF, 0xDF, 0xDF, 0xDF, 0xDF, 0xDF, 0xDF, 0xDF, 0xDF, 0xDF, 0xDF, 0xDF,
    0xDF, 0xDF, 0xDF, 0xDF, 0xDF, 0xDF, 0xDF, 0xDF, 0xDF, 0xDF, 0xDF, 0xDF, 0xDF, 0xDF, 0xDF, 0xDF,
    0xDF, 0xDF, 0xDF, 0xDF, 0xDF, 0xDF, 0xDF, 0xDF, 0xDF, 0xDF, 0xDF, 0xDF, 0xDF, 0xDF, 0xDF, 0xDF,
    0xDF, 0xDF, 0xDF, 0xDF, 0xDF, 0xDF, 0xDF, 0xDF, 0xDF, 0xDF, 0xDF, 0xDF, 0xDF, 0xDF, 0xDF, 0xDF,
    0xDF, 0xDF, 0xDF, 0xDF, 0xDF, 0xDF, 0xDF, 0xDF, 0xDF, 0xDF, 0xDF, 0xDF, 0xDF, 0xDF, 0xDF, 0xDF,
    0xDF, 0xDF, 0xDF, 0xDF, 0xDF, 0xDF, 0xDF, 0xDF, 0xDF, 0xDF, 0xDF, 0xDF, 0xDF, 0xDF, 0xDF, 0xDF,
    0xDF, 0xDF, 0xDF, 0xDF, 0xDF, 0xDF, 0xDF, 0xDF, 0xDF, 0xDF, 0xDF, 0xDF, 0xDF, 0xDF, 0xDF, 0xDF,
    0xDF, 0xDF, 0xDF, 0xDF, 0xDF, 0xDF, 0xDF, 0xDF, 0xDF, 0xDF, 0xDF, 0xDF, 0xDF, 0xDF, 0xDF, 0xDF,
    0xDF, 0xDF, 0xDF, 0xDF, 0xDF, 0xDF, 0xDF, 0xDF, 0xDF, 0xDF, 0xDF, 0xDF, 0xDF, 0xDF, 0xDF, 0xDF,
    0x25, 0xDF, 0xDF, 0xDF, 0xDF, 0xDF, 0xDF, 0xDF, 0xDF, 0xDF, 0xDF, 0xDF, 0xDF, 0xDF, 0xDF, 0xDF,
    0xDF, 0xDF, 0xDF, 0xDF, 0xDF, 0xDF, 0xDF, 0xDF, 0xDF, 0xDF, 0xDF, 0xDF, 0xDF, 0xDF, 0xDF, 0xDF,
    0xDF, 0xDF, 0xDF, 0xDF, 0xDF, 0xDF, 0xDF, 0xDF, 0xDF, 0xDF, 0xDF, 0xDF, 0xDF, 0xDF, 0xDF, 0xDF,
    0xDF, 0xDF, 0xDF, 0xDF, 0xDF, 0xDF, 0xDF, 0xDF, 0xDF, 0xDF, 0xDF, 0xDF, 0xDF, 0xDF, 0x25, 0x25,
    0x25, 0x25, 0xDF, 0xDF, 0xDF, 0xDF, 0xDF, 0xDF, 0xDF, 0xDF, 0x25, 0x25, 0xDF, 0xDF, 0xDF, 0xDF,
    0xDF, 0xDF, 0xDF, 0xDF, 0xDF, 0xDF, 0xDF, 0xDF, 0xDF, 0xDF, 0xDF, 0xDF, 0xDF, 0xDF, 0xDF, 0xDF,
    0xDF, 0xDF, 0xDF, 0xDF, 0xDF, 0xDF, 0xDF, 0xDF, 0xDF, 0xDF, 0xDF, 0xDF, 0xDF, 0xDF, 0xDF, 0xDF,
    0xDF, 0xDF, 0xDF, 0xDF, 0xDF, 0xDF, 0xDF, 0xDF, 0xDF, 0xDF, 0xDF, 0xDF, 0xDF, 0xDF, 0x25, 0x4B,
    0x4B, 0x4B, 0x25, 0xDF, 0xDF, 0xDF, 0xDF, 0xDF, 0xDF, 0x25, 0x25, 0x4B, 0x25, 0xDF, 0xDF, 0xDF,
    0xDF, 0xDF, 0xDF, 0xDF, 0xDF, 0xDF, 0xDF, 0xDF, 0xDF, 0xDF, 0xDF, 0xDF, 0xDF, 0xDF, 0xDF, 0xDF,
    0xDF, 0xDF, 0xDF, 0xDF, 0xDF, 0xDF, 0xDF, 0xDF, 0xDF, 0xDF, 0xDF, 0xDF, 0xDF, 0xDF, 0xDF, 0xDF,
    0xDF, 0xDF, 0xDF, 0xDF, 0xDF, 0xDF, 0xDF, 0xDF, 0xDF, 0xDF, 0x25, 0x25, 0xDF, 0x25, 0x4B, 0x4B,
    0x4B, 0x4B, 0x25, 0xDF, 0xDF, 0xDF, 0xDF, 0xDF, 0x25, 0x25, 0x4B, 0x4B, 0x25, 0xDF, 0xDF, 0xDF,
    0xDF, 0xDF, 0xDF, 0xDF, 0x25, 0x25, 0xDF, 0xDF, 0xDF, 0xDF, 0xDF, 0xDF, 0xDF, 0xDF, 0xDF, 0xDF,
    0xDF, 0xDF, 0xDF, 0xDF, 0xDF, 0xDF, 0xDF, 0xDF, 0xDF, 0xDF, 0xDF, 0xDF, 0xDF, 0xDF, 0xDF, 0xDF,
    0xDF, 0xDF, 0xDF, 0xDF, 0xDF, 0xDF, 0xDF, 0xDF, 0xDF, 0x25, 0x25, 0x51, 0x25, 0x25, 0x4B, 0x4B,
    0x4B, 0x4B, 0x4B, 0x25, 0xDF, 0xDF, 0xDF, 0x25, 0x25, 0x4B, 0x4B, 0x4B, 0x25, 0xDF, 0xDF, 0xDF,
    0xDF, 0xDF, 0xDF, 0xDF, 0x25, 0xD3, 0x25, 0xDF, 0xDF, 0xDF, 0xDF, 0xDF, 0xDF, 0xDF, 0xDF, 0xDF,
    0xDF, 0xDF, 0xDF, 0xDF, 0xDF, 0xDF, 0xDF, 0xDF, 0xDF, 0xDF, 0xDF, 0xDF, 0xDF, 0xDF, 0xDF, 0xDF,
    0xDF, 0xDF, 0xDF, 0xDF, 0xDF, 0xDF, 0xDF, 0xDF, 0xDF, 0x25, 0x51, 0x51, 0x25, 0x4B, 0x4B, 0x4B,
    0x4B, 0x4B, 0x4B, 0x25, 0xDF, 0xDF, 0xDF, 0x25, 0x4B, 0x4B, 0x4B, 0x4B, 0x4B, 0x25, 0xDF, 0xDF,
    0xDF, 0xDF, 0xDF, 0x25, 0xD3, 0xD3, 0x25, 0x25, 0x25, 0x25, 0xDF, 0xDF, 0xDF, 0xDF, 0xDF, 0xDF,
    0xDF, 0xDF, 0xDF, 0xDF, 0xDF, 0xDF, 0xDF, 0xDF, 0xDF, 0xDF, 0xDF, 0xDF, 0xDF, 0xDF, 0xDF, 0xDF,
    0xDF, 0xDF, 0xDF, 0xDF, 0xDF, 0x25, 0x25, 0x25, 0x25, 0x25, 0x51, 0x51, 0x25, 0x4B, 0x4B, 0x4B,
    0x4B, 0x4B, 0x4B, 0x25, 0xDF, 0xDF, 0x25, 0x4B, 0x4B, 0x4B, 0x4B, 0x4B, 0x4B, 0x25, 0xDF, 0xDF,
    0xDF, 0xDF, 0x25, 0x25, 0x25, 0xD3, 0x25, 0xD3, 0xD3, 0xD3, 0x25, 0xDF, 0xDF, 0xDF, 0xDF, 0xDF,
    0xDF, 0xDF, 0xDF, 0xDF, 0xDF, 0xDF, 0xDF, 0xDF, 0xDF, 0xDF, 0xDF, 0xDF, 0xDF, 0xDF, 0xDF, 0xDF,
    0xDF, 0xDF, 0xDF, 0xDF, 0xDF, 0x25, 0x51, 0x51, 0x25, 0x51, 0x25, 0x25, 0x4B, 0x4B, 0x4B, 0x4B,
    0x4B, 0x4B, 0x4B, 0x25, 0xDF, 0x25, 0x4B, 0x4B, 0x4B, 0x4B, 0x4B, 0x4B, 0x4B, 0x25, 0xDF, 0xDF,
    0xDF, 0x25, 0x25, 0xD3, 0xD3, 0x25, 0x25, 0x25, 0xD3, 0x25, 0xDF, 0xDF, 0xDF, 0xDF, 0xDF, 0xDF,
    0xDF, 0xDF, 0xDF, 0xDF, 0xDF, 0xDF, 0xDF, 0xDF, 0xDF, 0x25, 0x25, 0xDF, 0xDF, 0x25, 0x25, 0xDF,
    0xDF, 0xDF, 0xDF, 0xDF, 0xDF, 0xDF, 0x25, 0x51, 0x51, 0x25, 0x25, 0x4B, 0x4B, 0x4B, 0x4B, 0x4B,
    0x4B, 0x4B, 0x4B, 0x4B, 0x25, 0x4B, 0x4B, 0x4B, 0x4B, 0x4B, 0x4B, 0x4B, 0x4B, 0x25, 0xDF, 0xDF,
    0xDF, 0x25, 0xD3, 0xD3, 0xD3, 0x25, 0xD3, 0x25, 0x25, 0xDF, 0xDF, 0xDF, 0xDF, 0xDF, 0xDF, 0xDF,
    0xDF, 0xDF, 0xDF, 0xDF, 0xDF, 0xDF, 0xDF, 0xDF, 0x25, 0xD3, 0xD3, 0x25, 0x25, 0xD3, 0xD3, 0x25,
    0xDF, 0xDF, 0xDF, 0xDF, 0xDF, 0xDF, 0x25, 0x25, 0x51, 0x25, 0x4B, 0x4B, 0x4B, 0x4B, 0x4B, 0x4B,
    0x4B, 0x4B, 0x4B, 0x4B, 0x4B, 0x4B, 0x4B, 0x4B, 0x4B, 0x4B, 0x4B, 0x4B, 0x4B, 0x25, 0xDF, 0xDF,
    0xDF, 0x25, 0xD3, 0xD3, 0x25, 0x25, 0xD3, 0xD3, 0x25, 0xDF, 0xDF, 0xDF, 0xDF, 0xDF, 0xDF, 0xDF,
    0xDF, 0xDF, 0xDF, 0xDF, 0xDF, 0xDF, 0xDF, 0xDF, 0x25, 0xD3, 0xD3, 0xD3, 0x25, 0xD3, 0xD3, 0x25,
    0xDF, 0xDF, 0xDF, 0xDF, 0xDF, 0xDF, 0xDF, 0x25, 0x25, 0x25, 0x4B, 0x4B, 0x4B, 0x4B, 0x4B, 0x4B,
    0x4B, 0x4B, 0x4B, 0x4B, 0x4B, 0x4B, 0x4B, 0x4B, 0x4B, 0x4B, 0x4B, 0x4B, 0x4B, 0x25, 0xDF, 0xDF,
    0xDF, 0xDF, 0x25, 0x25, 0xDF, 0x25, 0xD3, 0xD3, 0x25, 0xDF, 0xDF, 0xDF, 0xDF, 0xDF, 0xDF, 0xDF,
    0xDF, 0xDF, 0xDF, 0xDF, 0xDF, 0xDF, 0xDF, 0xDF, 0xDF, 0x25, 0x25, 0xD3, 0x25, 0x25, 0x25, 0xDF,
    0xDF, 0xDF, 0xDF, 0xDF, 0xDF, 0x25, 0x25, 0x25, 0x4B, 0x4B, 0x4B, 0x4B, 0x4B, 0x4B, 0x4B, 0x4B,
    0x4B, 0x4B, 0x4B, 0x4B, 0x4B, 0x4B, 0x4B, 0x4B, 0x4B, 0x4B, 0x4B, 0x4B, 0x4B, 0x25, 0xDF, 0xDF,
    0xDF, 0xDF, 0xDF, 0xDF, 0xDF, 0xDF, 0x25, 0x25, 0xDF, 0xDF, 0xDF, 0xDF, 0xDF, 0xDF, 0xDF, 0xDF,
    0xDF, 0xDF, 0xDF, 0xDF, 0xDF, 0xDF, 0xDF, 0xDF, 0xDF, 0x25, 0x25, 0x25, 0xD3, 0xD3, 0x25, 0xDF,
    0xDF, 0xDF, 0xDF, 0x25, 0x25, 0x25, 0x4B, 0x4B, 0x4B, 0x4B, 0x4B, 0x4B, 0x4B, 0x4B, 0x4B, 0x4B,
    0x4B, 0x4B, 0x4B, 0x4B, 0x4B, 0x4B, 0x4B, 0x4B, 0x4B, 0x4B, 0x4B, 0x4B, 0x4B, 0x25, 0x25, 0xDF,
    0xDF, 0xDF, 0xDF, 0xDF, 0xDF, 0xDF, 0xDF, 0xDF, 0xDF, 0xDF, 0xDF, 0xDF, 0xDF, 0xDF, 0xDF, 0xDF,
    0xDF, 0xDF, 0xDF, 0xDF, 0xDF, 0xDF, 0xDF, 0xDF, 0x25, 0xD3, 0xD3, 0xD3, 0x25, 0xD3, 0xD3, 0x25,
    0xDF, 0xDF, 0xDF, 0x25, 0x4B, 0x4B, 0x4B, 0x4B, 0x4B, 0x4B, 0x4B, 0x4B, 0x4B, 0x4B, 0x4B, 0x4B,
    0x4B, 0x4B, 0x4B, 0x4B, 0x4B, 0x4B, 0x4B, 0x4B, 0x4B, 0x4B, 0x4B, 0x4B, 0x4B, 0x4B, 0x25, 0x25,
    0xDF, 0xDF, 0xDF, 0xDF, 0xDF, 0xDF, 0xDF, 0xDF, 0xDF, 0xDF, 0xDF, 0xDF, 0xDF, 0xDF, 0xDF, 0xDF,
    0xDF, 0xDF, 0xDF, 0xDF, 0xDF, 0xDF, 0xDF, 0xDF, 0x25, 0xD3, 0xD3, 0x25, 0x25, 0xD3, 0xD3, 0x25,
    0xDF, 0xDF, 0x25, 0x4B, 0x4B, 0x4B, 0x4B, 0x4B, 0x4B, 0x4B, 0x4B, 0x4B, 0x4B, 0x4B, 0x4B, 0x4B,
    0x4B, 0x4B, 0x4B, 0x4B, 0x4B, 0x4B, 0x4B, 0x4B, 0x4B, 0x4B, 0x4B, 0x4B, 0x4B, 0x4B, 0x4B, 0x4B,
    0x25, 0x25, 0xDF, 0xDF, 0xDF, 0xDF, 0xDF, 0xDF, 0xDF, 0xDF, 0xDF, 0xDF, 0xDF, 0xDF, 0xDF, 0xDF,
    0xDF, 0xDF, 0xDF, 0xDF, 0xDF, 0xDF, 0xDF, 0xDF, 0xDF, 0x25, 0x25, 0xDF, 0xDF, 0x25, 0x25, 0xDF,
    0xDF, 0x25, 0x4B, 0x4B, 0x4B, 0x4B, 0x4B, 0x4B, 0x4B, 0x4B, 0x4B, 0x4B, 0x4B, 0x25, 0x4B, 0x4B,
    0x4B, 0x4B, 0x4B, 0x4B, 0x4B, 0x25, 0x4B, 0x4B, 0x4B, 0x4B, 0x4B, 0x4B, 0x4B, 0x4B, 0x4B, 0x4B,
    0x4B, 0x25, 0x25, 0xDF, 0xDF, 0xDF, 0xDF, 0xDF, 0xDF, 0xDF, 0xDF, 0xDF, 0xDF, 0xDF, 0xDF, 0xDF,
    0xDF, 0xDF, 0xDF, 0xDF, 0xDF, 0xDF, 0xDF, 0xDF, 0xDF, 0xDF, 0xDF, 0xDF, 0xDF, 0xDF, 0xDF, 0xDF,
    0x25, 0x25, 0x4B, 0x4B, 0x4B, 0x4B, 0x4B, 0x4B, 0x4B, 0x4B, 0x4B, 0x4B, 0x25, 0x4B, 0x25, 0x4B,
    0x4B, 0x4B, 0x4B, 0x4B, 0x25, 0x4B, 0x25, 0x4B, 0x4B, 0x4B, 0x4B, 0x4B, 0x4B, 0x4B, 0x4B, 0x4B,
    0x4B, 0x4B, 0x25, 0x25, 0xDF, 0xDF, 0xDF, 0xDF, 0xDF, 0xDF, 0xDF, 0xDF, 0xDF, 0xDF, 0xDF, 0xDF,
    0xDF, 0xDF, 0xDF, 0xDF, 0xDF, 0xDF, 0xDF, 0xDF, 0xDF, 0xDF, 0xDF, 0x25, 0x25, 0x25, 0x25, 0x25,
    0x25, 0x4B, 0x4B, 0x4B, 0x4B, 0x4B, 0x4B, 0x4B, 0x4B, 0x4B, 0x4B, 0x25, 0x4B, 0x4B, 0x4B, 0x25,
    0x4B, 0x4B, 0x4B, 0x25, 0x4B, 0x4B, 0x4B, 0x25, 0x4B, 0x4B, 0x4B, 0x4B, 0x4B, 0x4B, 0x4B, 0x4B,
    0x4B, 0x4B, 0x4B, 0x25, 0x25, 0x25, 0x25, 0x25, 0xDF, 0xDF, 0xDF, 0xDF, 0xDF, 0xDF, 0xDF, 0xDF,
    0xDF, 0xDF, 0xDF, 0xDF, 0xDF, 0xDF, 0xDF, 0xDF, 0xDF, 0xDF, 0x25, 0x25, 0x4B, 0x4B, 0x4B, 0x25,
    0x25, 0x4B, 0x25, 0x25, 0x25, 0x25, 0x25, 0x4B, 0x4B, 0x4B, 0x4B, 0x4B, 0x4B, 0x4B, 0x4B, 0x4B,
    0x4B, 0x4B, 0x4B, 0x4B, 0x4B, 0x4B, 0x4B, 0x4B, 0x4B, 0x4B, 0x4B, 0x4B, 0x4B, 0x4B, 0x4B, 0x4B,
    0x4B, 0x4B, 0x4B, 0x4B, 0x25, 0x25, 0x4B, 0x4B, 0x25, 0x25, 0xDF, 0xDF, 0xDF, 0xDF, 0xDF, 0xDF,
    0xDF, 0xDF, 0xDF, 0xDF, 0xDF, 0xDF, 0xDF, 0xDF, 0xDF, 0xDF, 0x25, 0x4B, 0x4B, 0x4B, 0x4B, 0x25,
    0x4B, 0x4B, 0x4B, 0x4B, 0x4B, 0x25, 0x25, 0x4B, 0x4B, 0x4B, 0x4B, 0x4B, 0x4B, 0x4B, 0x4B, 0x4B,
    0x4B, 0x4B, 0x4B, 0x4B, 0x4B, 0x4B, 0x4B, 0x4B, 0x4B, 0x4B, 0x4B, 0x4B, 0x4B, 0x25, 0x25, 0x25,
    0x25, 0x25, 0x25, 0x4B, 0x25, 0x25, 0x4B, 0x4B, 0x4B, 0x25, 0x25, 0xDF, 0xDF, 0xDF, 0xDF, 0xDF,
    0xDF, 0xDF, 0xDF, 0xDF, 0xDF, 0xDF, 0xDF, 0xDF, 0xDF, 0xDF, 0x25, 0x4B, 0x4B, 0x4B, 0x4B, 0x25,
    0x4B, 0x4B, 0x4B, 0x4B, 0x4B, 0x4B, 0x4B, 0x4B, 0x4B, 0x4B, 0x4B, 0x4B, 0x25, 0x4B, 0x4B, 0x4B,
    0x4B, 0x25, 0x4B, 0x4B, 0x4B, 0x4B, 0x25, 0x4B, 0x4B, 0x4B, 0x4B, 0x4B, 0x4B, 0x4B, 0x4B, 0x4B,
    0x4B, 0x4B, 0x4B, 0x4B, 0x4B, 0x25, 0x4B, 0x4B, 0x4B, 0x4B, 0x25, 0xDF, 0xDF, 0xDF, 0xDF, 0xDF,
    0xDF, 0xDF, 0xDF, 0xDF, 0xDF, 0xDF, 0xDF, 0xDF, 0xDF, 0xDF, 0x25, 0x4B, 0x4B, 0x4B, 0x4B, 0x25,
    0x4B, 0x4B, 0x4B, 0x25, 0x25, 0x25, 0x25, 0x4B, 0x4B, 0x4B, 0x4B, 0x4B, 0x25, 0x4B, 0x4B, 0x4B,
    0x25, 0x4B, 0x25, 0x25, 0x4B, 0x4B, 0x25, 0x4B, 0x4B, 0x4B, 0x4B, 0x4B, 0x4B, 0x4B, 0x4B, 0x4B,
    0x4B, 0x4B, 0x4B, 0x4B, 0x4B, 0x25, 0x25, 0x4B, 0x4B, 0x4B, 0x25, 0xDF, 0xDF, 0xDF, 0xDF, 0xDF,
    0xDF, 0xDF, 0xDF, 0xDF, 0xDF, 0xDF, 0xDF, 0xDF, 0xDF, 0xDF, 0x25, 0x4B, 0x4B, 0x4B, 0x25, 0x4B,
    0x4B, 0x25, 0x25, 0x25, 0x4B, 0x4B, 0x4B, 0x4B, 0x4B, 0x4B, 0x4B, 0x4B, 0x4B, 0x25, 0x25, 0x25,
    0x4B, 0x4B, 0x4B, 0x25, 0x25, 0x25, 0x4B, 0x4B, 0x4B, 0x4B, 0x4B, 0x4B, 0x4B, 0x4B, 0x25, 0x25,
    0x25, 0x25, 0x4B, 0x4B, 0x4B, 0x4B, 0x25, 0x4B, 0x4B, 0x4B, 0x25, 0xDF, 0xDF, 0xDF, 0xDF, 0xDF,
    0xDF, 0xDF, 0xDF, 0xDF, 0xDF, 0xDF, 0xDF, 0xDF, 0xDF, 0xDF, 0x25, 0x4B, 0x4B, 0x4B, 0x25, 0x4B,
    0x4B, 0x4B, 0x4B, 0x4B, 0x4B, 0x4B, 0x4B, 0x4B, 0x4B, 0x4B, 0x4B, 0x4B, 0x4B, 0x4B, 0x4B, 0x4B,
    0x4B, 0x4B, 0x4B, 0x4B, 0x4B, 0x4B, 0x4B, 0x4B, 0x4B, 0x4B, 0x4B, 0x4B, 0x4B, 0x4B, 0x4B, 0x4B,
    0x4B, 0x25, 0x25, 0x25, 0x4B, 0x4B, 0x25, 0x4B, 0x4B, 0x25, 0x25, 0xDF, 0xDF, 0xDF, 0xDF, 0xDF,
    0xDF, 0xDF, 0xDF, 0xDF, 0xDF, 0xDF, 0xDF, 0xDF, 0xDF, 0xDF, 0x25, 0x4B, 0x4B, 0x4B, 0x25, 0x4B,
    0x4B, 0x4B, 0x4B, 0x4B, 0x4B, 0x4B, 0x4B, 0x4B, 0x4B, 0x4B, 0x4B, 0x4B, 0x4B, 0x4B, 0x4B, 0x4B,
    0x4B, 0x4B, 0x4B, 0x4B, 0x4B, 0x4B, 0x4B, 0x4B, 0x4B, 0x4B, 0x4B, 0x4B, 0x4B, 0x4B, 0x4B, 0x4B,
    0x4B, 0x4B, 0x4B, 0x4B, 0x4B, 0x4B, 0x25, 0x4B, 0x4B, 0x25, 0xDF, 0xDF, 0xDF, 0xDF, 0xDF, 0xDF,
    0xDF, 0xDF, 0xDF, 0xDF, 0xDF, 0xDF, 0xDF, 0xDF, 0xDF, 0xDF, 0x25, 0x25, 0x25, 0x4B, 0x25, 0x4B,
    0x4B, 0x4B, 0x4B, 0x4B, 0x4B, 0x4B, 0x4B, 0x4B, 0x4B, 0x4B, 0x4B, 0x4B, 0x4B, 0x4B, 0x4B, 0x4B,
    0x4B, 0x4B, 0x4B, 0x4B, 0x4B, 0x4B, 0x4B, 0x4B, 0x4B, 0x4B, 0x4B, 0x4B, 0x4B, 0x4B, 0x4B, 0x4B,
    0x4B, 0x4B, 0x4B, 0x4B, 0x4B, 0x4B, 0x25, 0x4B, 0x25, 0x25, 0xDF, 0xDF, 0xDF, 0xDF, 0xDF, 0xDF,
    0xDF, 0xDF, 0xDF, 0xDF, 0xDF, 0xDF, 0xDF, 0xDF, 0xDF, 0xDF, 0xDF, 0xDF, 0x25, 0x25, 0x25, 0x4B,
    0x4B, 0x4B, 0x4B, 0x4B, 0x4B, 0x4B, 0x4B, 0x4B, 0x4B, 0x4B, 0x4B, 0x4B, 0x4B, 0x4B, 0x4B, 0x4B,
    0x4B, 0x4B, 0x4B, 0x4B, 0x4B, 0x4B, 0x4B, 0x4B, 0x4B, 0x4B, 0x4B, 0x4B, 0x4B, 0x4B, 0x4B, 0x4B,
    0x4B, 0x4B, 0x4B, 0x4B, 0x4B, 0x4B, 0x25, 0x25, 0x25, 0xDF, 0xDF, 0xDF, 0xDF, 0xDF, 0xDF, 0xDF,
    0xDF, 0xDF, 0xDF, 0xDF, 0xDF, 0xDF, 0xDF, 0xDF, 0xDF, 0xDF, 0xDF, 0xDF, 0xDF, 0xDF, 0x25, 0x4B,
    0x4B, 0x4B, 0x4B, 0x4B, 0x4B, 0x4B, 0x4B, 0x4B, 0x4B, 0x4B, 0x4B, 0x4B, 0x4B, 0x4B, 0x4B, 0x4B,
    0x4B, 0x4B, 0x4B, 0x4B, 0x4B, 0x4B, 0x4B, 0x4B, 0x4B, 0x4B, 0x4B, 0x4B, 0x4B, 0x4B, 0x4B, 0x4B,
    0x4B, 0x4B, 0x4B, 0x4B, 0x4B, 0x25, 0x25, 0xDF, 0xDF, 0xDF, 0xDF, 0xDF, 0xDF, 0xDF, 0xDF, 0xDF,
    0xDF, 0xDF, 0xDF, 0xDF, 0xDF, 0xDF, 0xDF, 0xDF, 0xDF, 0xDF, 0xDF, 0xDF, 0xDF, 0xDF, 0x25, 0x4B,
    0x4B, 0x4B, 0x4B, 0x4B, 0x4B, 0x4B, 0x4B, 0x4B, 0x4B, 0x4B, 0x4B, 0x4B, 0x4B, 0x4B, 0x4B, 0x4B,
    0x4B, 0x4B, 0x4B, 0x4B, 0x4B, 0x4B, 0x4B, 0x4B, 0x4B, 0x4B, 0x4B, 0x4B, 0x4B, 0x4B, 0x4B, 0x4B,
    0x4B, 0x4B, 0x4B, 0x4B, 0x4B, 0x25, 0x25, 0xDF, 0xDF, 0xDF, 0xDF, 0xDF, 0xDF, 0xDF, 0xDF, 0xDF,
    0xDF, 0xDF, 0xDF, 0xDF, 0xDF, 0xDF, 0xDF, 0xDF, 0xDF, 0xDF, 0xDF, 0xDF, 0xDF, 0xDF, 0x25, 0x25,
    0x4B, 0x4B, 0x4B, 0x4B, 0x4B, 0x4B, 0x4B, 0x4B, 0x4B, 0x4B, 0x4B, 0x4B, 0x4B, 0x4B, 0x4B, 0x4B,
    0x4B, 0x4B, 0x4B, 0x4B, 0x4B, 0x4B, 0x4B, 0x4B, 0x4B, 0x4B, 0x4B, 0x4B, 0x4B, 0x4B, 0x4B, 0x4B,
    0x4B, 0x4B, 0x4B, 0x4B, 0x4B, 0x25, 0xDF, 0xDF, 0xDF, 0xDF, 0xDF, 0xDF, 0xDF, 0xDF, 0xDF, 0xDF,
    0xDF, 0xDF, 0xDF, 0xDF, 0xDF, 0xDF, 0xDF, 0xDF, 0xDF, 0xDF, 0xDF, 0xDF, 0xDF, 0xDF, 0xDF, 0x25,
    0x4B, 0x4B, 0x4B, 0x4B, 0x4B, 0x4B, 0x4B, 0x4B, 0x4B, 0x4B, 0x4B, 0x4B, 0x4B, 0x4B, 0x4B, 0x4B,
    0x4B, 0x4B, 0x4B, 0x4B, 0x4B, 0x4B, 0x4B, 0x4B, 0x4B, 0x4B, 0x4B, 0x4B, 0x4B, 0x4B, 0x4B, 0x4B,
    0x4B, 0x4B, 0x4B, 0x4B, 0x4B, 0x25, 0xDF, 0xDF, 0xDF, 0xDF, 0xDF, 0xDF, 0xDF, 0xDF, 0xDF, 0xDF,
    0xDF, 0xDF, 0xDF, 0xDF, 0xDF, 0xDF, 0xDF, 0xDF, 0xDF, 0xDF, 0xDF, 0xDF, 0xDF, 0xDF, 0xDF, 0x25,
    0x4B, 0x4B, 0x4B, 0x4B, 0x4B, 0x4B, 0x4B, 0x4B, 0x4B, 0x4B, 0x4B, 0x4B, 0x4B, 0x4B, 0x4B, 0x4B,
    0x4B, 0x4B, 0x4B, 0x4B, 0x4B, 0x4B, 0x4B, 0x4B, 0x4B, 0x4B, 0x4B, 0x4B, 0x4B, 0x4B, 0x4B, 0x4B,
    0x4B, 0x4B, 0x4B, 0x4B, 0x4B, 0x25, 0xDF, 0xDF, 0xDF, 0xDF, 0xDF, 0xDF, 0xDF, 0xDF, 0xDF, 0xDF,
    0xDF, 0xDF, 0xDF, 0xDF, 0xDF, 0xDF, 0xDF, 0xDF, 0xDF, 0xDF, 0xDF, 0xDF, 0xDF, 0xDF, 0xDF, 0x25,
    0x4B, 0x4B, 0x4B, 0x4B, 0x4B, 0x4B, 0x4B, 0x4B, 0x4B, 0x4B, 0x4B, 0x4B, 0x4B, 0x4B, 0x4B, 0x4B,
    0x4B, 0x4B, 0x4B, 0x4B, 0x4B, 0x4B, 0x4B, 0x4B, 0x4B, 0x4B, 0x4B, 0x4B, 0x4B, 0x4B, 0x4B, 0x4B,
    0x4B, 0x4B, 0x4B, 0x4B, 0x25, 0xDF, 0xDF, 0xDF, 0xDF, 0xDF, 0xDF, 0xDF, 0xDF, 0xDF, 0xDF, 0xDF,
    0xDF, 0xDF, 0xDF, 0xDF, 0xDF, 0xDF, 0xDF, 0xDF, 0xDF, 0xDF, 0xDF, 0xDF, 0xDF, 0xDF, 0xDF, 0xDF,
    0x25, 0x4B, 0x4B, 0x4B, 0x4B, 0x4B, 0x4B, 0x4B, 0x4B, 0x4B, 0x4B, 0x4B, 0x4B, 0x4B, 0x4B, 0x4B,
    0x4B, 0x4B, 0x4B, 0x4B, 0x4B, 0x4B, 0x4B, 0x4B, 0x4B, 0x4B, 0x4B, 0x4B, 0x4B, 0x4B, 0x4B, 0x4B,
    0x4B, 0x4B, 0x4B, 0x25, 0x25, 0xDF, 0xDF, 0xDF, 0xDF, 0xDF, 0xDF, 0xDF, 0xDF, 0xDF, 0xDF, 0xDF,
    0xDF, 0xDF, 0xDF, 0xDF, 0xDF, 0xDF, 0xDF, 0xDF, 0xDF, 0xDF, 0xDF, 0xDF, 0xDF, 0xDF, 0xDF, 0xDF,
    0x25, 0x4B, 0x4B, 0x4B, 0x4B, 0x4B, 0x4B, 0x4B, 0x4B, 0x4B, 0x4B, 0x4B, 0x4B, 0x4B, 0x4B, 0x4B,
    0x4B, 0x4B, 0x4B, 0x4B, 0x4B, 0x4B, 0x4B, 0x4B, 0x4B, 0x4B, 0x4B, 0x4B, 0x4B, 0x4B, 0x4B, 0x4B,
    0x4B, 0x4B, 0x4B, 0x25, 0xDF, 0xDF, 0xDF, 0xDF, 0xDF, 0xDF, 0xDF, 0xDF, 0xDF, 0xDF, 0xDF, 0xDF,
    0xDF, 0xDF, 0xDF, 0xDF, 0xDF, 0xDF, 0xDF, 0xDF, 0xDF, 0xDF, 0xDF, 0xDF, 0xDF, 0xDF, 0xDF, 0xDF,
    0xDF, 0x25, 0x4B, 0x4B, 0x4B, 0x4B, 0x4B, 0x4B, 0x4B, 0x4B, 0x4B, 0x4B, 0x4B, 0x4B, 0x4B, 0x4B,
    0x4B, 0x4B, 0x4B, 0x4B, 0x4B, 0x4B, 0x4B, 0x4B, 0x4B, 0x4B, 0x4B, 0x4B, 0x4B, 0x4B, 0x4B, 0x4B,
    0x4B, 0x4B, 0x25, 0x25, 0xDF, 0xDF, 0xDF, 0xDF, 0xDF, 0xDF, 0xDF, 0xDF, 0xDF, 0xDF, 0xDF, 0xDF,
    0xDF, 0xDF, 0xDF, 0xDF, 0xDF, 0xDF, 0xDF, 0xDF, 0xDF, 0xDF, 0xDF, 0xDF, 0xDF, 0xDF, 0xDF, 0xDF,
    0xDF, 0x25, 0x25, 0x4B, 0x4B, 0x4B, 0x4B, 0x4B, 0x4B, 0x4B, 0x4B, 0x4B, 0x4B, 0x4B, 0x4B, 0x4B,
    0x4B, 0x4B, 0x4B, 0x4B, 0x4B, 0x4B, 0x4B, 0x4B, 0x4B, 0x4B, 0x4B, 0x4B, 0x4B, 0x4B, 0x4B, 0x4B,
    0x4B, 0x4B, 0x25, 0xDF, 0xDF, 0xDF, 0xDF, 0xDF, 0xDF, 0xDF, 0xDF, 0xDF, 0xDF, 0xDF, 0xDF, 0xDF,
    0xDF, 0xDF, 0xDF, 0xDF, 0xDF, 0xDF, 0xDF, 0xDF, 0xDF, 0xDF, 0xDF, 0xDF, 0xDF, 0xDF, 0xDF, 0xDF,
    0xDF, 0xDF, 0x25, 0x25, 0x4B, 0x4B, 0x4B, 0x4B, 0x4B, 0x4B, 0x4B, 0x4B, 0x4B, 0x4B, 0x4B, 0x4B,
    0x4B, 0x4B, 0x4B, 0x4B, 0x4B, 0x4B, 0x4B, 0x4B, 0x4B, 0x4B, 0x4B, 0x4B, 0x4B, 0x4B, 0x4B, 0x4B,
    0x4B, 0x25, 0x25, 0xDF, 0xDF, 0xDF, 0xDF, 0xDF, 0xDF, 0xDF, 0xDF, 0xDF, 0xDF, 0xDF, 0xDF, 0xDF,
    0xDF, 0xDF, 0xDF, 0xDF, 0xDF, 0xDF, 0xDF, 0xDF, 0xDF, 0xDF, 0xDF, 0xDF, 0xDF, 0xDF, 0xDF, 0xDF,
    0xDF, 0xDF, 0xDF, 0x25, 0x4B, 0x4B, 0x4B, 0x4B, 0x4B, 0x4B, 0x4B, 0x4B, 0x4B, 0x4B, 0x4B, 0x4B,
    0x4B, 0x4B, 0x4B, 0x4B, 0x4B, 0x4B, 0x4B, 0x4B, 0x4B, 0x4B, 0x4B, 0x4B, 0x4B, 0x4B, 0x4B, 0x25,
    0x25, 0x25, 0xDF, 0xDF, 0xDF, 0xDF, 0xDF, 0xDF, 0xDF, 0xDF, 0xDF, 0xDF, 0xDF, 0xDF, 0xDF, 0xDF,
    0xDF, 0xDF, 0xDF, 0xDF, 0xDF, 0xDF, 0xDF, 0xDF, 0xDF, 0xDF, 0xDF, 0xDF, 0xDF, 0xDF, 0xDF, 0xDF,
    0xDF, 0xDF, 0xDF, 0x25, 0x25, 0x4B, 0x4B, 0x4B, 0x4B, 0x4B, 0x4B, 0x4B, 0x4B, 0x4B, 0x4B, 0x4B,
    0x4B, 0x4B, 0x4B, 0x4B, 0x4B, 0x4B, 0x4B, 0x4B, 0x4B, 0x4B, 0x4B, 0x4B, 0x4B, 0x4B, 0x25, 0x25,
    0x4B, 0x25, 0xDF, 0xDF, 0xDF, 0xDF, 0xDF, 0xDF, 0xDF, 0xDF, 0xDF, 0xDF, 0xDF, 0xDF, 0xDF, 0xDF,
    0xDF, 0xDF, 0xDF, 0xDF, 0xDF, 0xDF, 0xDF, 0xDF, 0xDF, 0xDF, 0xDF, 0xDF, 0xDF, 0xDF, 0xDF, 0xDF,
    0xDF, 0xDF, 0xDF, 0x25, 0x4B, 0x25, 0x25, 0x4B, 0x4B, 0x4B, 0x4B, 0x4B, 0x4B, 0x4B, 0x4B, 0x4B,
    0x4B, 0x4B, 0x4B, 0x4B, 0x4B, 0x4B, 0x4B, 0x4B, 0x4B, 0x4B, 0x4B, 0x4B, 0x4B, 0x25, 0x25, 0x4B,
    0x4B, 0x25, 0xDF, 0xDF, 0xDF, 0xDF, 0xDF, 0xDF, 0xDF, 0xDF, 0xDF, 0xDF, 0xDF, 0xDF, 0xDF, 0xDF,
    0xDF, 0xDF, 0xDF, 0xDF, 0xDF, 0xDF, 0xDF, 0xDF, 0xDF, 0xDF, 0xDF, 0xDF, 0xDF, 0xDF, 0xDF, 0xDF,
    0xDF, 0xDF, 0xDF, 0x25, 0x4B, 0x4B, 0x25, 0x25, 0x25, 0x25, 0x4B, 0x4B, 0x4B, 0x4B, 0x4B, 0x4B,
    0x4B, 0x4B, 0x4B, 0x4B, 0x4B, 0x4B, 0x4B, 0x4B, 0x4B, 0x4B, 0x4B, 0x25, 0x25, 0x4B, 0x4B, 0x4B,
    0x4B, 0x25, 0xDF, 0xDF, 0xDF, 0xDF, 0xDF, 0xDF, 0xDF, 0xDF, 0xDF, 0xDF, 0xDF, 0xDF, 0xDF, 0xDF,
    0xDF, 0xDF, 0xDF, 0xDF, 0xDF, 0xDF, 0xDF, 0xDF, 0xDF, 0xDF, 0xDF, 0xDF, 0xDF, 0xDF, 0xDF, 0xDF,
    0xDF, 0xDF, 0xDF, 0x25, 0x4B, 0x4B, 0x4B, 0x4B, 0x4B, 0x25, 0x25, 0x25, 0x25, 0x25, 0x25, 0x4B,
    0x4B, 0x4B, 0x4B, 0x4B, 0x4B, 0x4B, 0x4B, 0x4B, 0x25, 0x25, 0x25, 0x4B, 0x4B, 0x4B, 0x4B, 0x4B,
    0x4B, 0x25, 0xDF, 0xDF, 0xDF, 0xDF, 0xDF, 0xDF, 0xDF, 0xDF, 0xDF, 0xDF, 0xDF, 0xDF, 0xDF, 0xDF,
    0xDF, 0xDF, 0xDF, 0xDF, 0xDF, 0xDF, 0xDF, 0xDF, 0xDF, 0xDF, 0xDF, 0xDF, 0xDF, 0xDF, 0xDF, 0xDF,
    0xDF, 0xDF, 0xDF, 0x25, 0x4B, 0x4B, 0x4B, 0x4B, 0x4B, 0x4B, 0x4B, 0x4B, 0x4B, 0x4B, 0x25, 0x25,
    0x25, 0x25, 0x25, 0x25, 0x25, 0x25, 0x25, 0x25, 0x25, 0x4B, 0x4B, 0x4B, 0x4B, 0x4B, 0x4B, 0x4B,
    0x4B, 0x25, 0xDF, 0xDF, 0xDF, 0xDF, 0xDF, 0xDF, 0xDF, 0xDF, 0xDF, 0xDF, 0xDF, 0xDF, 0xDF, 0xDF,
    0xDF, 0xDF, 0xDF, 0xDF, 0xDF, 0xDF, 0xDF, 0xDF, 0xDF, 0xDF, 0xDF, 0xDF, 0xDF, 0xDF, 0xDF, 0xDF,
    0xDF, 0xDF, 0xDF, 0x25, 0x4B, 0x4B, 0x4B, 0x4B, 0x4B, 0x4B, 0x4B, 0x4B, 0x4B, 0x25, 0x25, 0xDF,
    0xDF, 0xDF, 0xDF, 0xDF, 0xDF, 0xDF, 0xDF, 0x25, 0x4B, 0x4B, 0x4B, 0x4B, 0x4B, 0x4B, 0x4B, 0x4B,
    0x4B, 0x25, 0xDF, 0xDF, 0xDF, 0xDF, 0xDF, 0xDF, 0xDF, 0xDF, 0xDF, 0xDF, 0xDF, 0xDF, 0xDF, 0xDF,
    0xDF, 0xDF, 0xDF, 0xDF, 0xDF, 0xDF, 0xDF, 0xDF, 0xDF, 0xDF, 0xDF, 0xDF, 0xDF, 0xDF, 0xDF, 0xDF,
    0xDF, 0xDF, 0xDF, 0x25, 0x25, 0x4B, 0x4B, 0x4B, 0x4B, 0x4B, 0x4B, 0x4B, 0x4B, 0x25, 0xDF, 0xDF,
    0xDF, 0xDF, 0xDF, 0xDF, 0xDF, 0xDF, 0xDF, 0x25, 0x4B, 0x4B, 0x4B, 0x4B, 0x4B, 0x4B, 0x4B, 0x4B,
    0x4B, 0x25, 0xDF, 0xDF, 0xDF, 0xDF, 0xDF, 0xDF, 0xDF, 0xDF, 0xDF, 0xDF, 0xDF, 0xDF, 0xDF, 0xDF,
    0xDF, 0xDF, 0xDF, 0xDF, 0xDF, 0xDF, 0xDF, 0xDF, 0xDF, 0xDF, 0xDF, 0xDF, 0xDF, 0xDF, 0xDF, 0xDF,
    0xDF, 0xDF, 0xDF, 0xDF, 0x25, 0x4B, 0x4B, 0x4B, 0x4B, 0x4B, 0x4B, 0x25, 0x25, 0x25, 0xDF, 0xDF,
    0xDF, 0xDF, 0xDF, 0xDF, 0xDF, 0xDF, 0xDF, 0xDF, 0x25, 0x4B, 0x4B, 0x4B, 0x4B, 0x4B, 0x4B, 0x4B,
    0x25, 0x25, 0xDF, 0xDF, 0xDF, 0xDF, 0xDF, 0xDF, 0xDF, 0xDF, 0xDF, 0xDF, 0xDF, 0xDF, 0xDF, 0xDF,
    0xDF, 0xDF, 0xDF, 0xDF, 0xDF, 0xDF, 0xDF, 0xDF, 0xDF, 0xDF, 0xDF, 0xDF, 0xDF, 0xDF, 0xDF, 0xDF,
    0xDF, 0xDF, 0xDF, 0xDF, 0xDF, 0x25, 0x25, 0x25, 0x25, 0x25, 0x25, 0x25, 0xDF, 0xDF, 0xDF, 0xDF,
    0xDF, 0xDF, 0xDF, 0xDF, 0xDF, 0xDF, 0xDF, 0xDF, 0x25, 0x25, 0x4B, 0x4B, 0x4B, 0x4B, 0x25, 0x25,
    0x25, 0xDF, 0xDF, 0xDF, 0xDF, 0xDF, 0xDF, 0xDF, 0xDF, 0xDF, 0xDF, 0xDF, 0xDF, 0xDF, 0xDF, 0xDF,
    0xDF, 0xDF, 0xDF, 0xDF, 0xDF, 0xDF, 0xDF, 0xDF, 0xDF, 0xDF, 0xDF, 0xDF, 0xDF, 0xDF, 0xDF, 0xDF,
    0xDF, 0xDF, 0xDF, 0xDF, 0xDF, 0xDF, 0xDF, 0xDF, 0x25, 0x25, 0xDF, 0xDF, 0xDF, 0xDF, 0xDF, 0xDF,
    0xDF, 0xDF, 0xDF, 0xDF, 0xDF, 0xDF, 0xDF, 0xDF, 0xDF, 0xDF, 0x25, 0x25, 0x25, 0x25, 0x25, 0xDF,
    0xDF, 0xDF, 0xDF, 0xDF, 0xDF, 0xDF, 0xDF, 0xDF, 0xDF, 0xDF, 0xDF, 0xDF, 0xDF, 0xDF, 0xDF, 0xDF,
    0xDF, 0xDF, 0xDF, 0xDF, 0xDF, 0xDF, 0xDF, 0xDF, 0xDF, 0xDF, 0xDF, 0xDF, 0xDF, 0xDF, 0xDF, 0xDF,
    0xDF, 0xDF, 0xDF, 0xDF, 0xDF, 0xDF, 0xDF, 0xDF, 0xDF, 0xDF, 0xDF, 0xDF, 0xDF, 0xDF, 0xDF, 0xDF,
    0xDF, 0xDF, 0xDF, 0xDF, 0xDF, 0xDF, 0xDF, 0xDF, 0xDF, 0xDF, 0xDF, 0xDF, 0xDF, 0xDF, 0xDF, 0xDF,
    0xDF, 0xDF, 0xDF, 0xDF, 0xDF, 0xDF, 0xDF, 0xDF, 0xDF, 0xDF, 0xDF, 0xDF, 0xDF, 0xDF, 0xDF, 0xDF,
    0xDF, 0xDF, 0xDF, 0xDF, 0xDF, 0xDF, 0xDF, 0xDF, 0xDF, 0xDF, 0xDF, 0xDF, 0xDF, 0xDF, 0xDF, 0xDF,
    0xDF, 0xDF, 0xDF, 0xDF, 0xDF, 0xDF, 0xDF, 0xDF, 0xDF, 0xDF, 0xDF, 0xDF, 0xDF, 0xDF, 0xDF, 0xDF,
    0xDF, 0xDF, 0xDF, 0xDF, 0xDF, 0xDF, 0xDF, 0xDF, 0xDF, 0xDF, 0xDF, 0xDF, 0xDF, 0xDF, 0xDF, 0xDF,
    0xDF, 0xDF, 0xDF, 0xDF, 0xDF, 0xDF, 0xDF, 0xDF, 0xDF, 0xDF, 0xDF, 0xDF, 0xDF, 0xDF, 0xDF, 0xDF,
    0xDF, 0xDF, 0xDF, 0xDF, 0xDF, 0xDF, 0xDF, 0xDF, 0xDF, 0xDF, 0xDF, 0xDF, 0xDF, 0xDF, 0xDF, 0xDF,
    0xDF, 0xDF, 0xDF, 0xDF, 0xDF, 0xDF, 0xDF, 0xDF, 0xDF, 0xDF, 0xDF, 0xDF, 0xDF, 0xDF, 0xDF, 0xDF,
    0xDF, 0xDF, 0xDF, 0xDF, 0xDF, 0xDF, 0xDF, 0xDF, 0xDF, 0xDF, 0xDF, 0xDF, 0xDF, 0xDF, 0xDF, 0xDF,
    0xDF, 0xDF, 0xDF, 0xDF, 0xDF, 0xDF, 0xDF, 0xDF, 0xDF, 0xDF, 0xDF, 0xDF, 0xDF, 0xDF, 0xDF, 0xDF,
    0xDF, 0xDF, 0xDF, 0xDF, 0xDF, 0xDF, 0xDF, 0xDF, 0xDF, 0xDF, 0xDF, 0xDF, 0xDF, 0xDF, 0xDF, 0xDF,
    0xDF, 0xDF, 0xDF, 0xDF, 0xDF, 0xDF, 0xDF, 0xDF, 0xDF, 0xDF, 0xDF, 0xDF, 0xDF, 0xDF, 0xDF, 0xDF,
    0xDF, 0xDF, 0xDF, 0xDF, 0xDF, 0xDF, 0xDF, 0xDF, 0xDF, 0xDF, 0xDF, 0xDF, 0xDF, 0xDF, 0xDF, 0xDF,
    0xDF, 0xDF, 0xDF, 0xDF, 0xDF, 0xDF, 0xDF, 0xDF, 0xDF, 0xDF, 0xDF, 0xDF, 0xDF, 0xDF, 0xDF, 0xDF,
    0xDF, 0xDF, 0xDF, 0xDF, 0xDF, 0xDF, 0xDF, 0xDF, 0xDF, 0xDF, 0xDF, 0xDF, 0xDF, 0xDF, 0xDF, 0xDF,
    0xDF, 0xDF, 0xDF, 0xDF, 0xDF, 0xDF, 0xDF, 0xDF, 0xDF, 0xDF, 0xDF, 0xDF, 0xDF, 0xDF, 0xDF, 0xDF,
    0xDF, 0xDF, 0xDF, 0xDF, 0xDF, 0xDF, 0xDF, 0xDF, 0xDF, 0xDF, 0xDF, 0xDF, 0xDF, 0xDF, 0xDF, 0xDF,
    0xDF, 0xDF, 0xDF, 0xDF, 0xDF, 0xDF, 0xDF, 0xDF, 0xDF, 0xDF, 0xDF, 0xDF, 0xDF, 0xDF, 0xDF, 0xDF,
    0xDF, 0xDF, 0xDF, 0xDF, 0xDF, 0xDF, 0xDF, 0xDF, 0xDF, 0xDF, 0xDF, 0xDF, 0xDF, 0xDF, 0xDF, 0xDF,
    0xDF, 0xDF, 0xDF, 0xDF, 0xDF, 0xDF, 0xDF, 0xDF, 0xDF, 0xDF, 0xDF, 0xDF, 0xDF, 0xDF, 0xDF, 0xDF,
    0xDF, 0xDF, 0xDF, 0xDF, 0xDF, 0xDF, 0xDF, 0xDF, 0xDF, 0xDF, 0xDF, 0xDF, 0xDF, 0xDF, 0xDF, 0xDF,
    0xDF, 0xDF, 0xDF, 0xDF, 0xDF, 0xDF, 0xDF, 0xDF, 0xDF, 0xDF, 0xDF, 0xDF, 0xDF, 0xDF, 0xDF, 0xDF,
};

const uint8_t kHappySpriteFrame1[] PROGMEM = {
    0xDF, 0xDF, 0xDF, 0xDF, 0xDF, 0xDF, 0xDF, 0xDF, 0xDF, 0xDF, 0xDF, 0xDF, 0xDF, 0xDF, 0xDF, 0xDF,
    0xDF, 0xDF, 0xDF, 0xDF, 0xDF, 0xDF, 0xDF, 0xDF, 0xDF, 0xDF, 0xDF, 0xDF, 0xDF, 0xDF, 0xDF, 0xDF,
    0xDF, 0xDF, 0xDF, 0xDF, 0xDF, 0xDF, 0xDF, 0xDF, 0xDF, 0xDF, 0xDF, 0xDF, 0xDF, 0xDF, 0xDF, 0xDF,
    0xDF, 0xDF, 0xDF, 0xDF, 0xDF, 0xDF, 0xDF, 0xDF, 0xDF, 0xDF, 0xDF, 0xDF, 0xDF, 0xDF, 0xDF, 0xDF,
    0xDF, 0xDF, 0xDF, 0xDF, 0xDF, 0xDF, 0xDF, 0xDF, 0xDF, 0xDF, 0xDF, 0xDF, 0xDF, 0xDF, 0xDF, 0xDF,
    0xDF, 0xDF, 0xDF, 0xDF, 0xDF, 0xDF, 0xDF, 0xDF, 0xDF, 0xDF, 0xDF, 0xDF, 0xDF, 0xDF, 0xDF, 0xDF,
    0xDF, 0xDF, 0xDF, 0xDF, 0xDF, 0xDF, 0xDF, 0xDF, 0xDF, 0xDF, 0xDF, 0xDF, 0xDF, 0xDF, 0xDF, 0xDF,
    0xDF, 0xDF, 0xDF, 0xDF, 0xDF, 0xDF, 0xDF, 0xDF, 0xDF, 0xDF, 0xDF, 0xDF, 0xDF, 0xDF, 0xDF, 0xDF,
    0xDF, 0xDF, 0xDF, 0xDF, 0xDF, 0xDF, 0xDF, 0xDF, 0xDF, 0xDF, 0xDF, 0xDF, 0xDF, 0xDF, 0xDF, 0xDF,
    0xDF, 0xDF, 0xDF, 0xDF, 0xDF, 0xDF, 0xDF, 0xDF, 0xDF, 0xDF, 0xDF, 0xDF, 0xDF, 0xDF, 0xDF, 0xDF,
    0xDF, 0xDF, 0xDF, 0xDF, 0xDF, 0xDF, 0xDF, 0xDF, 0xDF, 0xDF, 0xDF, 0xDF, 0xDF, 0xDF, 0xDF, 0xDF,
    0xDF, 0xDF, 0xDF, 0xDF, 0xDF, 0xDF, 0xDF, 0xDF, 0xDF, 0xDF, 0xDF, 0xDF, 0xDF, 0xDF, 0xDF, 0xDF,
    0xDF, 0xDF, 0xDF, 0xDF, 0xDF, 0xDF, 0xDF, 0xDF, 0xDF, 0xDF, 0xDF, 0xDF, 0xDF, 0xDF, 0xDF, 0xDF,
    0xDF, 0xDF, 0xDF, 0xDF, 0xDF, 0xDF, 0xDF, 0xDF, 0xDF, 0xDF, 0xDF, 0xDF, 0xDF, 0xDF, 0xDF, 0xDF,
    0xDF, 0xDF, 0xDF, 0xDF, 0xDF, 0xDF, 0xDF, 0xDF, 0xDF, 0xDF, 0xDF, 0xDF, 0xDF, 0xDF, 0xDF, 0xDF,
    0xDF, 0xDF, 0xDF, 0xDF, 0xDF, 0xDF, 0xDF, 0xDF, 0xDF, 0xDF, 0xDF, 0xDF, 0xDF, 0xDF, 0xDF, 0xDF,
    0xDF, 0xDF, 0xDF, 0xDF, 0xDF, 0xDF, 0xDF, 0xDF, 0xDF, 0xDF, 0xDF, 0xDF, 0xDF, 0xDF, 0xDF, 0xDF,
    0xDF, 0xDF, 0xDF, 0xDF, 0xDF, 0xDF, 0xDF, 0xDF, 0xDF, 0xDF, 0xDF, 0xDF, 0xDF, 0xDF, 0xDF, 0xDF,
    0xDF, 0xDF, 0xDF, 0xDF, 0xDF, 0xDF, 0xDF, 0xDF, 0xDF, 0xDF, 0xDF, 0xDF, 0xDF, 0xDF, 0xDF, 0xDF,
    0xDF, 0xDF, 0xDF, 0xDF, 0xDF, 0xDF, 0xDF, 0xDF, 0xDF, 0xDF, 0xDF, 0xDF, 0xDF, 0xDF, 0xDF, 0xDF,
    0xDF, 0xDF, 0xDF, 0xDF, 0xDF, 0xDF, 0xDF, 0xDF, 0xDF, 0xDF, 0xDF, 0xDF, 0xDF, 0xDF, 0xDF, 0xDF,
    0xDF, 0xDF, 0xDF, 0xDF, 0xDF, 0xDF, 0xDF, 0xDF, 0xDF, 0xDF, 0xDF, 0xDF, 0xDF, 0xDF, 0xDF, 0xDF,
    0xDF, 0xDF, 0xDF, 0xDF, 0xDF, 0xDF, 0xDF, 0xDF, 0xDF, 0xDF, 0xDF, 0xDF, 0xDF, 0xDF, 0xDF, 0xDF,
    0xDF, 0xDF, 0xDF, 0xDF, 0xDF, 0xDF, 0xDF, 0xDF, 0xDF, 0xDF, 0xDF, 0xDF, 0xDF, 0xDF, 0xDF, 0xDF,
    0xDF, 0xDF, 0xDF, 0xDF, 0xDF, 0xDF, 0xDF, 0xDF, 0xDF, 0xDF, 0xDF, 0xDF, 0xDF, 0xDF, 0xDF, 0xDF,
    0xDF, 0xDF, 0xDF, 0xDF, 0xDF, 0xDF, 0xDF, 0xDF, 0xDF, 0xDF, 0xDF, 0xDF, 0xDF, 0xDF, 0xDF, 0xDF,
    0xDF, 0xDF, 0xDF, 0xDF, 0xDF, 0xDF, 0xDF, 0xDF, 0xDF, 0xDF, 0xDF, 0xDF, 0xDF, 0xDF, 0xDF, 0xDF,
    0xDF, 0xDF, 0xDF, 0xDF, 0xDF, 0xDF, 0xDF, 0xDF, 0xDF, 0xDF, 0xDF, 0xDF, 0xDF, 0xDF, 0xDF, 0xDF,
    0xDF, 0xDF, 0xDF, 0xDF, 0xDF, 0xDF, 0xDF, 0xDF, 0xDF, 0xDF, 0xDF, 0xDF, 0xDF, 0xDF, 0xDF, 0xDF,
    0xDF, 0xDF, 0xDF, 0xDF, 0xDF, 0xDF, 0xDF, 0xDF, 0xDF, 0xDF, 0xDF, 0xDF, 0xDF, 0xDF, 0xDF, 0xDF,
    0xDF, 0xDF, 0xDF, 0xDF, 0xDF, 0xDF, 0xDF, 0xDF, 0xDF, 0xDF, 0xDF, 0xDF, 0xDF, 0xDF, 0xDF, 0xDF,
    0xDF, 0xDF, 0xDF, 0xDF, 0xDF, 0xDF, 0xDF, 0xDF, 0xDF, 0xDF, 0xDF, 0xDF, 0xDF, 0xDF, 0xDF, 0xDF,
    0xDF, 0xDF, 0xDF, 0xDF, 0xDF, 0xDF, 0xDF, 0xDF, 0xDF, 0xDF, 0xDF, 0xDF, 0xDF, 0xDF, 0xDF, 0xDF,
    0xDF, 0xDF, 0xDF, 0xDF, 0xDF, 0xDF, 0xDF, 0xDF, 0xDF, 0xDF, 0xDF, 0xDF, 0xDF, 0xDF, 0xDF, 0xDF,
    0xDF, 0xDF, 0xDF, 0xDF, 0xDF, 0xDF, 0xDF, 0xDF, 0xDF, 0xDF, 0xDF, 0xDF, 0xDF, 0xDF, 0xDF, 0xDF,
    0xDF, 0xDF, 0xDF, 0xDF, 0xDF, 0xDF, 0xDF, 0xDF, 0xDF, 0xDF, 0xDF, 0xDF, 0xDF, 0xDF, 0xDF, 0xDF,
    0xDF, 0xDF, 0xDF, 0xDF, 0xDF, 0xDF, 0xDF, 0xDF, 0xDF, 0xDF, 0xDF, 0xDF, 0xDF, 0xDF, 0xDF, 0xDF,
    0xDF, 0xDF, 0xDF, 0xDF, 0xDF, 0xDF, 0xDF, 0xDF, 0xDF, 0xDF, 0xDF, 0xDF, 0xDF, 0xDF, 0xDF, 0xDF,
    0x25, 0x25, 0xDF, 0xDF, 0xDF, 0xDF, 0xDF, 0xDF, 0xDF, 0xDF, 0xDF, 0xDF, 0xDF, 0xDF, 0xDF, 0xDF,
    0xDF, 0xDF, 0xDF, 0xDF, 0xDF, 0xDF, 0xDF, 0xDF, 0xDF, 0xDF, 0xDF, 0xDF, 0xDF, 0xDF, 0xDF, 0xDF,
    0xDF, 0xDF, 0xDF, 0xDF, 0xDF, 0xDF, 0xDF, 0xDF, 0xDF, 0xDF, 0xDF, 0xDF, 0xDF, 0xDF, 0xDF, 0xDF,
    0xDF, 0xDF, 0xDF, 0xDF, 0xDF, 0xDF, 0xDF, 0xDF, 0xDF, 0xDF, 0xDF, 0xDF, 0xDF, 0xDF, 0xDF, 0x25,
    0x25, 0x25, 0xDF, 0xDF, 0xDF, 0xDF, 0xDF, 0xDF, 0xDF, 0xDF, 0x25, 0x25, 0x25, 0xDF, 0xDF, 0xDF,
    0xDF, 0xDF, 0xDF, 0xDF, 0xDF, 0xDF, 0xDF, 0xDF, 0xDF, 0xDF, 0xDF, 0xDF, 0xDF, 0xDF, 0xDF, 0xDF,
    0xDF, 0xDF, 0xDF, 0xDF, 0xDF, 0xDF, 0xDF, 0xDF, 0xDF, 0xDF, 0xDF, 0xDF, 0xDF, 0xDF, 0xDF, 0xDF,
    0xDF, 0xDF, 0xDF, 0xDF, 0xDF, 0xDF, 0xDF, 0xDF, 0xDF, 0xDF, 0xDF, 0xDF, 0xDF, 0xDF, 0x25, 0x25,
    0x4B, 0x25, 0xDF, 0xDF, 0xDF, 0xDF, 0xDF, 0xDF, 0xDF, 0x25, 0x25, 0x4B, 0x25, 0x25, 0xDF, 0xDF,
    0xDF, 0xDF, 0xDF, 0xDF, 0xDF, 0xDF, 0xDF, 0xDF, 0xDF, 0xDF, 0xDF, 0xDF, 0xDF, 0xDF, 0xDF, 0xDF,
    0xDF, 0xDF, 0xDF, 0xDF, 0xDF, 0xDF, 0xDF, 0xDF, 0xDF, 0xDF, 0xDF, 0xDF, 0xDF, 0xDF, 0xDF, 0xDF,
    0xDF, 0xDF, 0xDF, 0xDF, 0xDF, 0xDF, 0xDF, 0xDF, 0xDF, 0xDF, 0x25, 0x25, 0x25, 0xDF, 0x25, 0x4B,
    0x4B, 0x4B, 0x25, 0xDF, 0xDF, 0xDF, 0xDF, 0x25, 0x25, 0x4B, 0x4B, 0x4B, 0x4B, 0x25, 0xDF, 0xDF,
    0xDF, 0xDF, 0xDF, 0xDF, 0xDF, 0xDF, 0xDF, 0xDF, 0xDF, 0xDF, 0xDF, 0xDF, 0xDF, 0xDF, 0xDF, 0xDF,
    0xDF, 0xDF, 0xDF, 0xDF, 0xDF, 0xDF, 0xDF, 0xDF, 0xDF, 0xDF, 0xDF, 0xDF, 0xDF, 0xDF, 0xDF, 0xDF,
    0xDF, 0xDF, 0xDF, 0xDF, 0xDF, 0xDF, 0xDF, 0xDF, 0xDF, 0x25, 0x25, 0x51, 0x25, 0x25, 0x4B, 0x4B,
    0x4B, 0x4B, 0x25, 0xDF, 0xDF, 0xDF, 0x25, 0x25, 0x4B, 0x4B, 0x4B, 0x4B, 0x4B, 0x25, 0xDF, 0xDF,
    0xDF, 0xDF, 0xDF, 0xDF, 0xDF, 0xDF, 0xDF, 0xDF, 0xDF, 0xDF, 0xDF, 0xDF, 0xDF, 0xDF, 0xDF, 0xDF,
    0xDF, 0xDF, 0xDF, 0xDF, 0xDF, 0xDF, 0xDF, 0xDF, 0xDF, 0x25, 0x25, 0xDF, 0xDF, 0x25, 0x25, 0xDF,
    0xDF, 0xDF, 0xDF, 0xDF, 0xDF, 0xDF, 0xDF, 0xDF, 0xDF, 0x25, 0x51, 0x51, 0x25, 0x4B, 0x4B, 0x4B,
    0x4B, 0x4B, 0x25, 0xDF, 0xDF, 0xDF, 0x25, 0x4B, 0x4B, 0x4B, 0x4B, 0x4B, 0x4B, 0x25, 0xDF, 0xDF,
    0xDF, 0xDF, 0xDF, 0xDF, 0x25, 0x25, 0x25, 0xDF, 0xDF, 0xDF, 0xDF, 0xDF, 0xDF, 0xDF, 0xDF, 0xDF,
    0xDF, 0xDF, 0xDF, 0xDF, 0xDF, 0xDF, 0xDF, 0xDF, 0x25, 0x25, 0xD3, 0x25, 0x25, 0x25, 0xD3, 0x25,
    0xDF, 0xDF, 0xDF, 0xDF, 0xDF, 0x25, 0x25, 0x25, 0x25, 0x25, 0x51, 0x25, 0x25, 0x4B, 0x4B, 0x4B,
    0x4B, 0x4B, 0x25, 0xDF, 0x25, 0x25, 0x4B, 0x4B, 0x4B, 0x4B, 0x4B, 0x4B, 0x4B, 0x25, 0xDF, 0xDF,
    0xDF, 0xDF, 0xDF, 0x25, 0xD3, 0xD3, 0x25, 0xDF, 0xDF, 0xDF, 0xDF, 0xDF, 0xDF, 0xDF, 0xDF, 0xDF,
    0xDF, 0xDF, 0xDF, 0xDF, 0xDF, 0xDF, 0xDF, 0xDF, 0x25, 0xD3, 0xD3, 0xD3, 0x25, 0xD3, 0xD3, 0x25,
    0xDF, 0xDF, 0xDF, 0xDF, 0xDF, 0x25, 0x51, 0x51, 0x25, 0x51, 0x51, 0x25, 0x4B, 0x4B, 0x4B, 0x4B,
    0x4B, 0x4B, 0x4B, 0x25, 0x25, 0x4B, 0x4B, 0x4B, 0x4B, 0x4B, 0x4B, 0x4B, 0x4B, 0x25, 0xDF, 0xDF,
    0xDF, 0xDF, 0xDF, 0x25, 0x25, 0xD3, 0x25, 0x25, 0x25, 0x25, 0xDF, 0xDF, 0xDF, 0xDF, 0xDF, 0xDF,
    0xDF, 0xDF, 0xDF, 0xDF, 0xDF, 0xDF, 0xDF, 0xDF, 0xDF, 0x25, 0x25, 0x25, 0x25, 0x25, 0x25, 0xDF,
    0xDF, 0xDF, 0xDF, 0xDF, 0xDF, 0xDF, 0x25, 0x51, 0x51, 0x51, 0x25, 0x4B, 0x4B, 0x4B, 0x4B, 0x4B,
    0x4B, 0x4B, 0x4B, 0x25, 0x25, 0x4B, 0x4B, 0x4B, 0x4B, 0x4B, 0x4B, 0x4B, 0x4B, 0x25, 0xDF, 0xDF,
    0xDF, 0xDF, 0x25, 0x25, 0x25, 0x25, 0x25, 0xD3, 0xD3, 0x25, 0x25, 0xDF, 0xDF, 0xDF, 0xDF, 0xDF,
    0xDF, 0xDF, 0xDF, 0xDF, 0xDF, 0xDF, 0xDF, 0xDF, 0x25, 0x25, 0xD3, 0xD3, 0x25, 0xD3, 0xD3, 0x25,
    0xDF, 0xDF, 0xDF, 0xDF, 0xDF, 0xDF, 0x25, 0x51, 0x25, 0x25, 0x4B, 0x4B, 0x4B, 0x4B, 0x4B, 0x4B,
    0x4B, 0x4B, 0x4B, 0x4B, 0x4B, 0x4B, 0x4B, 0x4B, 0x4B, 0x4B, 0x4B, 0x4B, 0x4B, 0x25, 0xDF, 0xDF,
    0xDF, 0x25, 0x25, 0xD3, 0xD3, 0x25, 0x25, 0xD3, 0xD3, 0xD3, 0x25, 0xDF, 0xDF, 0xDF, 0xDF, 0xDF,
    0xDF, 0xDF, 0xDF, 0xDF, 0xDF, 0xDF, 0xDF, 0xDF, 0x25, 0xD3, 0xD3, 0xD3, 0x25, 0xD3, 0xD3, 0x25,
    0xDF, 0xDF, 0xDF, 0xDF, 0xDF, 0xDF, 0x25, 0x25, 0x25, 0x4B, 0x4B, 0x4B, 0x4B, 0x4B, 0x4B, 0x4B,
    0x4B, 0x4B, 0x4B, 0x4B, 0x4B, 0x4B, 0x4B, 0x4B, 0x4B, 0x4B, 0x4B, 0x4B, 0x4B, 0x25, 0xDF, 0xDF,
    0xDF, 0x25, 0xD3, 0xD3, 0xD3, 0x25, 0x25, 0x25, 0x25, 0x25, 0xDF, 0xDF, 0xDF, 0xDF, 0xDF, 0xDF,
    0xDF, 0xDF, 0xDF, 0xDF, 0xDF, 0xDF, 0xDF, 0xDF, 0x25, 0x25, 0xD3, 0x25, 0x25, 0xD3, 0xD3, 0x25,
    0xDF, 0xDF, 0xDF, 0xDF, 0x25, 0x25, 0x25, 0x4B, 0x4B, 0x4B, 0x4B, 0x4B, 0x4B, 0x4B, 0x4B, 0x4B,
    0x4B, 0x4B, 0x4B, 0x4B, 0x4B, 0x4B, 0x4B, 0x4B, 0x4B, 0x4B, 0x4B, 0x4B, 0x4B, 0x25, 0x25, 0xDF,
    0xDF, 0xDF, 0x25, 0xD3, 0x25, 0x25, 0xD3, 0xD3, 0x25, 0xDF, 0xDF, 0xDF, 0xDF, 0xDF, 0xDF, 0xDF,
    0xDF, 0xDF, 0xDF, 0xDF, 0xDF, 0xDF, 0xDF, 0xDF, 0xDF, 0x25, 0x25, 0xDF, 0xDF, 0x25, 0x25, 0xDF,
    0xDF, 0xDF, 0xDF, 0x25, 0x25, 0x4B, 0x4B, 0x4B, 0x4B, 0x4B, 0x4B, 0x4B, 0x4B, 0x4B, 0x4B, 0x4B,
    0x4B, 0x4B, 0x4B, 0x4B, 0x4B, 0x4B, 0x4B, 0x4B, 0x4B, 0x4B, 0x4B, 0x4B, 0x4B, 0x4B, 0x4B, 0x25,
    0x25, 0xDF, 0xDF, 0x25, 0x25, 0x25, 0xD3, 0xD3, 0x25, 0xDF, 0xDF, 0xDF, 0xDF, 0xDF, 0xDF, 0xDF,
    0xDF, 0xDF, 0xDF, 0xDF, 0xDF, 0xDF, 0xDF, 0xDF, 0xDF, 0xDF, 0xDF, 0xDF, 0xDF, 0xDF, 0xDF, 0xDF,
    0xDF, 0xDF, 0x25, 0x25, 0x4B, 0x4B, 0x4B, 0x4B, 0x4B, 0x4B, 0x4B, 0x4B, 0x4B, 0x4B, 0x4B, 0x4B,
    0x4B, 0x4B, 0x4B, 0x4B, 0x4B, 0x4B, 0x4B, 0x4B, 0x4B, 0x4B, 0x4B, 0x4B, 0x4B, 0x4B, 0x4B, 0x4B,
    0x25, 0x25, 0xDF, 0xDF, 0xDF, 0x25, 0x25, 0x25, 0x25, 0xDF, 0xDF, 0xDF, 0xDF, 0xDF, 0xDF, 0xDF,
    0xDF, 0xDF, 0xDF, 0xDF, 0xDF, 0xDF, 0xDF, 0xDF, 0xDF, 0xDF, 0xDF, 0xDF, 0xDF, 0xDF, 0xDF, 0xDF,
    0xDF, 0x25, 0x25, 0x4B, 0x4B, 0x4B, 0x4B, 0x4B, 0x4B, 0x4B, 0x4B, 0x4B, 0x4B, 0x25, 0x4B, 0x4B,
    0x4B, 0x4B, 0x4B, 0x4B, 0x4B, 0x25, 0x4B, 0x4B, 0x4B, 0x4B, 0x4B, 0x4B, 0x4B, 0x4B, 0x4B, 0x4B,
    0x4B, 0x25, 0x25, 0xDF, 0xDF, 0xDF, 0xDF, 0xDF, 0xDF, 0xDF, 0xDF, 0xDF, 0xDF, 0xDF, 0xDF, 0xDF,
    0xDF, 0xDF, 0xDF, 0xDF, 0xDF, 0xDF, 0xDF, 0xDF, 0xDF, 0xDF, 0xDF, 0xDF, 0xDF, 0xDF, 0xDF, 0xDF,
    0xDF, 0x25, 0x4B, 0x4B, 0x4B, 0x4B, 0x4B, 0x4B, 0x4B, 0x4B, 0x4B, 0x4B, 0x25, 0x4B, 0x25, 0x4B,
    0x4B, 0x4B, 0x4B, 0x4B, 0x25, 0x4B, 0x25, 0x4B, 0x4B, 0x4B, 0x4B, 0x4B, 0x4B, 0x4B, 0x4B, 0x4B,
    0x4B, 0x4B, 0x25, 0x25, 0xDF, 0xDF, 0xDF, 0xDF, 0xDF, 0xDF, 0xDF, 0xDF, 0xDF, 0xDF, 0xDF, 0xDF,
    0xDF, 0xDF, 0xDF, 0xDF, 0xDF, 0xDF, 0xDF, 0xDF, 0xDF, 0xDF, 0xDF, 0x25, 0x25, 0x25, 0x25, 0x25,
    0x25, 0x25, 0x4B, 0x4B, 0x4B, 0x4B, 0x4B, 0x4B, 0x4B, 0x4B, 0x4B, 0x25, 0x4B, 0x4B, 0x4B, 0x25,
    0x4B, 0x4B, 0x4B, 0x25, 0x4B, 0x4B, 0x4B, 0x25, 0x4B, 0x4B, 0x4B, 0x4B, 0x4B, 0x4B, 0x4B, 0x4B,
    0x4B, 0x4B, 0x4B, 0x25, 0xDF, 0x25, 0x25, 0x25, 0x25, 0x25, 0xDF, 0xDF, 0xDF, 0xDF, 0xDF, 0xDF,
    0xDF, 0xDF, 0xDF, 0xDF, 0xDF, 0xDF, 0xDF, 0xDF, 0xDF, 0xDF, 0x25, 0x25, 0x4B, 0x4B, 0x4B, 0x4B,
    0x25, 0x4B, 0x4B, 0x4B, 0x4B, 0x4B, 0x4B, 0x4B, 0x4B, 0x4B, 0x4B, 0x4B, 0x4B, 0x4B, 0x4B, 0x4B,
    0x4B, 0x4B, 0x4B, 0x4B, 0x4B, 0x4B, 0x4B, 0x4B, 0x4B, 0x4B, 0x4B, 0x4B, 0x4B, 0x4B, 0x4B, 0x4B,
    0x4B, 0x4B, 0x4B, 0x4B, 0x25, 0x25, 0x4B, 0x4B, 0x4B, 0x25, 0x25, 0xDF, 0xDF, 0xDF, 0xDF, 0xDF,
    0xDF, 0xDF, 0xDF, 0xDF, 0xDF, 0xDF, 0xDF, 0xDF, 0xDF, 0xDF, 0x25, 0x4B, 0x4B, 0x4B, 0x4B, 0x25,
    0x25, 0x4B, 0x25, 0x25, 0x25, 0x25, 0x25, 0x4B, 0x4B, 0x4B, 0x4B, 0x4B, 0x4B, 0x4B, 0x4B, 0x4B,
    0x4B, 0x4B, 0x4B, 0x4B, 0x4B, 0x4B, 0x4B, 0x4B, 0x4B, 0x4B, 0x4B, 0x4B, 0x4B, 0x25, 0x25, 0x25,
    0x25, 0x25, 0x25, 0x4B, 0x25, 0x25, 0x4B, 0x4B, 0x4B, 0x4B, 0x25, 0xDF, 0xDF, 0xDF, 0xDF, 0xDF,
    0xDF, 0xDF, 0xDF, 0xDF, 0xDF, 0xDF, 0xDF, 0xDF, 0xDF, 0xDF, 0x25, 0x4B, 0x4B, 0x4B, 0x4B, 0x25,
    0x4B, 0x4B, 0x4B, 0x4B, 0x4B, 0x4B, 0x4B, 0x4B, 0x4B, 0x4B, 0x4B, 0x4B, 0x25, 0x4B, 0x4B, 0x4B,
    0x4B, 0x25, 0x4B, 0x4B, 0x4B, 0x4B, 0x25, 0x4B, 0x4B, 0x4B, 0x4B, 0x4B, 0x4B, 0x4B, 0x4B, 0x4B,
    0x4B, 0x4B, 0x4B, 0x4B, 0x4B, 0x25, 0x4B, 0x4B, 0x4B, 0x4B, 0x25, 0xDF, 0xDF, 0xDF, 0xDF, 0xDF,
    0xDF, 0xDF, 0xDF, 0xDF, 0xDF, 0xDF, 0xDF, 0xDF, 0xDF, 0xDF, 0x25, 0x4B, 0x4B, 0x4B, 0x25, 0x25,
    0x4B, 0x4B, 0x4B, 0x4B, 0x4B, 0x4B, 0x4B, 0x4B, 0x4B, 0x4B, 0x4B, 0x4B, 0x25, 0x4B, 0x4B, 0x4B,
    0x25, 0x4B, 0x25, 0x4B, 0x4B, 0x4B, 0x25, 0x4B, 0x4B, 0x4B, 0x4B, 0x4B, 0x4B, 0x4B, 0x4B, 0x4B,
    0x4B, 0x4B, 0x4B, 0x4B, 0x4B, 0x25, 0x4B, 0x4B, 0x4B, 0x4B, 0x25, 0xDF, 0xDF, 0xDF, 0xDF, 0xDF,
    0xDF, 0xDF, 0xDF, 0xDF, 0xDF, 0xDF, 0xDF, 0xDF, 0xDF, 0xDF, 0x25, 0x4B, 0x4B, 0x4B, 0x25, 0x4B,
    0x4B, 0x4B, 0x4B, 0x25, 0x25, 0x25, 0x25, 0x4B, 0x4B, 0x4B, 0x4B, 0x4B, 0x4B, 0x25, 0x25, 0x25,
    0x4B, 0x4B, 0x4B, 0x25, 0x25, 0x25, 0x4B, 0x4B, 0x4B, 0x4B, 0x4B, 0x4B, 0x4B, 0x25, 0x25, 0x25,
    0x4B, 0x4B, 0x4B, 0x4B, 0x4B, 0x25, 0x25, 0x4B, 0x4B, 0x4B, 0x25, 0xDF, 0xDF, 0xDF, 0xDF, 0xDF,
    0xDF, 0xDF, 0xDF, 0xDF, 0xDF, 0xDF, 0xDF, 0xDF, 0xDF, 0xDF, 0x25, 0x4B, 0x4B, 0x4B, 0x25, 0x4B,
    0x4B, 0x25, 0x25, 0x25, 0x4B, 0x4B, 0x4B, 0x4B, 0x4B, 0x4B, 0x4B, 0x4B, 0x4B, 0x4B, 0x4B, 0x4B,
    0x4B, 0x4B, 0x4B, 0x4B, 0x4B, 0x4B, 0x4B, 0x4B, 0x4B, 0x4B, 0x4B, 0x4B, 0x4B, 0x4B, 0x4B, 0x25,
    0x25, 0x25, 0x25, 0x4B, 0x4B, 0x4B, 0x25, 0x4B, 0x4B, 0x4B, 0x25, 0xDF, 0xDF, 0xDF, 0xDF, 0xDF,
    0xDF, 0xDF, 0xDF, 0xDF, 0xDF, 0xDF, 0xDF, 0xDF, 0xDF, 0xDF, 0xDF, 0x25, 0x4B, 0x4B, 0x25, 0x4B,
    0x4B, 0x4B, 0x4B, 0x4B, 0x4B, 0x4B, 0x4B, 0x4B, 0x4B, 0x4B, 0x4B, 0x4B, 0x4B, 0x4B, 0x4B, 0x4B,
    0x4B, 0x4B, 0x4B, 0x4B, 0x4B, 0x4B, 0x4B, 0x4B, 0x4B, 0x4B, 0x4B, 0x4B, 0x4B, 0x4B, 0x4B, 0x4B,
    0x4B, 0x4B, 0x4B, 0x4B, 0x4B, 0x4B, 0x25, 0x4B, 0x4B, 0x25, 0xDF, 0xDF, 0xDF, 0xDF, 0xDF, 0xDF,
    0xDF, 0xDF, 0xDF, 0xDF, 0xDF, 0xDF, 0xDF, 0xDF, 0xDF, 0xDF, 0xDF, 0x25, 0x25, 0x4B, 0x25, 0x4B,
    0x4B, 0x4B, 0x4B, 0x4B, 0x4B, 0x4B, 0x4B, 0x4B, 0x4B, 0x4B, 0x4B, 0x4B, 0x4B, 0x4B, 0x4B, 0x4B,
    0x4B, 0x4B, 0x4B, 0x4B, 0x4B, 0x4B, 0x4B, 0x4B, 0x4B, 0x4B, 0x4B, 0x4B, 0x4B, 0x4B, 0x4B, 0x4B,
    0x4B, 0x4B, 0x4B, 0x4B, 0x4B, 0x4B, 0x25, 0x4B, 0x4B, 0x25, 0xDF, 0xDF, 0xDF, 0xDF, 0xDF, 0xDF,
    0xDF, 0xDF, 0xDF, 0xDF, 0xDF, 0xDF, 0xDF, 0xDF, 0xDF, 0xDF, 0xDF, 0xDF, 0x25, 0x25, 0x25, 0x4B,
    0x4B, 0x4B, 0x4B, 0x4B, 0x4B, 0x4B, 0x4B, 0x4B, 0x4B, 0x4B, 0x4B, 0x4B, 0x4B, 0x4B, 0x4B, 0x4B,
    0x4B, 0x4B, 0x4B, 0x4B, 0x4B, 0x4B, 0x4B, 0x4B, 0x4B, 0x4B, 0x4B, 0x4B, 0x4B, 0x4B, 0x4B, 0x4B,
    0x4B, 0x4B, 0x4B, 0x4B, 0x4B, 0x4B, 0x25, 0x25, 0x25, 0xDF, 0xDF, 0xDF, 0xDF, 0xDF, 0xDF, 0xDF,
    0xDF, 0xDF, 0xDF, 0xDF, 0xDF, 0xDF, 0xDF, 0xDF, 0xDF, 0xDF, 0xDF, 0xDF, 0xDF, 0x25, 0x25, 0x4B,
    0x4B, 0x4B, 0x4B, 0x4B, 0x4B, 0x4B, 0x4B, 0x4B, 0x4B, 0x4B, 0x4B, 0x4B, 0x4B, 0x4B, 0x4B, 0x4B,
    0x4B, 0x4B, 0x4B, 0x4B, 0x4B, 0x4B, 0x4B, 0x4B, 0x4B, 0x4B, 0x4B, 0x4B, 0x4B, 0x4B, 0x4B, 0x4B,
    0x4B, 0x4B, 0x4B, 0x4B, 0x4B, 0x4B, 0x25, 0x25, 0xDF, 0xDF, 0xDF, 0xDF, 0xDF, 0xDF, 0xDF, 0xDF,
    0xDF, 0xDF, 0xDF, 0xDF, 0xDF, 0xDF, 0xDF, 0xDF, 0xDF, 0xDF, 0xDF, 0xDF, 0xDF, 0xDF, 0x25, 0x4B,
    0x4B, 0x4B, 0x4B, 0x4B, 0x4B, 0x4B, 0x4B, 0x4B, 0x4B, 0x4B, 0x4B, 0x4B, 0x4B, 0x4B, 0x4B, 0x4B,
    0x4B, 0x4B, 0x4B, 0x4B, 0x4B, 0x4B, 0x4B, 0x4B, 0x4B, 0x4B, 0x4B, 0x4B, 0x4B, 0x4B, 0x4B, 0x4B,
    0x4B, 0x4B, 0x4B, 0x4B, 0x4B, 0x4B, 0x25, 0xDF, 0xDF, 0xDF, 0xDF, 0xDF, 0xDF, 0xDF, 0xDF, 0xDF,
    0xDF, 0xDF, 0xDF, 0xDF, 0xDF, 0xDF, 0xDF, 0xDF, 0xDF, 0xDF, 0xDF, 0xDF, 0xDF, 0xDF, 0x25, 0x4B,
    0x4B, 0x4B, 0x4B, 0x4B, 0x4B, 0x4B, 0x4B, 0x4B, 0x4B, 0x4B, 0x4B, 0x4B, 0x4B, 0x4B, 0x4B, 0x4B,
    0x4B, 0x4B, 0x4B, 0x4B, 0x4B, 0x4B, 0x4B, 0x4B, 0x4B, 0x4B, 0x4B, 0x4B, 0x4B, 0x4B, 0x4B, 0x4B,
    0x4B, 0x4B, 0x4B, 0x4B, 0x4B, 0x4B, 0x25, 0xDF, 0xDF, 0xDF, 0xDF, 0xDF, 0xDF, 0xDF, 0xDF, 0xDF,
    0xDF, 0xDF, 0xDF, 0xDF, 0xDF, 0xDF, 0xDF, 0xDF, 0xDF, 0xDF, 0xDF, 0xDF, 0xDF, 0xDF, 0x25, 0x4B,
    0x4B, 0x4B, 0x4B, 0x4B, 0x4B, 0x4B, 0x4B, 0x4B, 0x4B, 0x4B, 0x4B, 0x4B, 0x4B, 0x4B, 0x4B, 0x4B,
    0x4B, 0x4B, 0x4B, 0x4B, 0x4B, 0x4B, 0x4B, 0x4B, 0x4B, 0x4B, 0x4B, 0x4B, 0x4B, 0x4B, 0x4B, 0x4B,
    0x4B, 0x4B, 0x4B, 0x4B, 0x4B, 0x25, 0xDF, 0xDF, 0xDF, 0xDF, 0xDF, 0xDF, 0xDF, 0xDF, 0xDF, 0xDF,
    0xDF, 0xDF, 0xDF, 0xDF, 0xDF, 0xDF, 0xDF, 0xDF, 0xDF, 0xDF, 0xDF, 0xDF, 0xDF, 0xDF, 0x25, 0x4B,
    0x4B, 0x4B, 0x4B, 0x4B, 0x4B, 0x4B, 0x4B, 0x4B, 0x4B, 0x4B, 0x4B, 0x4B, 0x4B, 0x4B, 0x4B, 0x4B,
    0x4B, 0x4B, 0x4B, 0x4B, 0x4B, 0x4B, 0x4B, 0x4B, 0x4B, 0x4B, 0x4B, 0x4B, 0x4B, 0x4B, 0x4B, 0x4B,
    0x4B, 0x4B, 0x4B, 0x4B, 0x4B, 0x25, 0xDF, 0xDF, 0xDF, 0xDF, 0xDF, 0xDF, 0xDF, 0xDF, 0xDF, 0xDF,
    0xDF, 0xDF, 0xDF, 0xDF, 0xDF, 0xDF, 0xDF, 0xDF, 0xDF, 0xDF, 0xDF, 0xDF, 0xDF, 0xDF, 0xDF, 0x25,
    0x4B, 0x4B, 0x4B, 0x4B, 0x4B, 0x4B, 0x4B, 0x4B, 0x4B, 0x4B, 0x4B, 0x4B, 0x4B, 0x4B, 0x4B, 0x4B,
    0x4B, 0x4B, 0x4B, 0x4B, 0x4B, 0x4B, 0x4B, 0x4B, 0x4B, 0x4B, 0x4B, 0x4B, 0x4B, 0x4B, 0x4B, 0x4B,
    0x4B, 0x4B, 0x4B, 0x4B, 0x4B, 0x25, 0xDF, 0xDF, 0xDF, 0xDF, 0xDF, 0xDF, 0xDF, 0xDF, 0xDF, 0xDF,
    0xDF, 0xDF, 0xDF, 0xDF, 0xDF, 0xDF, 0xDF, 0xDF, 0xDF, 0xDF, 0xDF, 0xDF, 0xDF, 0xDF, 0xDF, 0x25,
    0x4B, 0x4B, 0x4B, 0x4B, 0x4B, 0x4B, 0x4B, 0x4B, 0x4B, 0x4B, 0x4B, 0x4B, 0x4B, 0x4B, 0x4B, 0x4B,
    0x4B, 0x4B, 0x4B, 0x4B, 0x4B, 0x4B, 0x4B, 0x4B, 0x4B, 0x4B, 0x4B, 0x4B, 0x4B, 0x4B, 0x4B, 0x4B,
    0x4B, 0x4B, 0x4B, 0x4B, 0x25, 0xDF, 0xDF, 0xDF, 0xDF, 0xDF, 0xDF, 0xDF, 0xDF, 0xDF, 0xDF, 0xDF,
    0xDF, 0xDF, 0xDF, 0xDF, 0xDF, 0xDF, 0xDF, 0xDF, 0xDF, 0xDF, 0xDF, 0xDF, 0xDF, 0xDF, 0xDF, 0x25,
    0x4B, 0x4B, 0x4B, 0x4B, 0x4B, 0x4B, 0x4B, 0x4B, 0x4B, 0x4B, 0x4B, 0x4B, 0x4B, 0x4B, 0x4B, 0x4B,
    0x4B, 0x4B, 0x4B, 0x4B, 0x4B, 0x4B, 0x4B, 0x4B, 0x4B, 0x4B, 0x4B, 0x4B, 0x4B, 0x4B, 0x4B, 0x4B,
    0x4B, 0x4B, 0x4B, 0x4B, 0x25, 0xDF, 0xDF, 0xDF, 0xDF, 0xDF, 0xDF, 0xDF, 0xDF, 0xDF, 0xDF, 0xDF,
    0xDF, 0xDF, 0xDF, 0xDF, 0xDF, 0xDF, 0xDF, 0xDF, 0xDF, 0xDF, 0xDF, 0xDF, 0xDF, 0xDF, 0xDF, 0xDF,
    0x25, 0x4B, 0x4B, 0x4B, 0x4B, 0x4B, 0x4B, 0x4B, 0x4B, 0x4B, 0x4B, 0x4B, 0x4B, 0x4B, 0x4B, 0x4B,
    0x4B, 0x4B, 0x4B, 0x4B, 0x4B, 0x4B, 0x4B, 0x4B, 0x4B, 0x4B, 0x4B, 0x4B, 0x4B, 0x4B, 0x4B, 0x4B,
    0x4B, 0x4B, 0x4B, 0x25, 0x25, 0xDF, 0xDF, 0xDF, 0xDF, 0xDF, 0xDF, 0xDF, 0xDF, 0xDF, 0xDF, 0xDF,
    0xDF, 0xDF, 0xDF, 0xDF, 0xDF, 0xDF, 0xDF, 0xDF, 0xDF, 0xDF, 0xDF, 0xDF, 0xDF, 0xDF, 0xDF, 0xDF,
    0x25, 0x25, 0x4B, 0x4B, 0x4B, 0x4B, 0x4B, 0x4B, 0x4B, 0x4B, 0x4B, 0x4B, 0x4B, 0x4B, 0x4B, 0x4B,
    0x4B, 0x4B, 0x4B, 0x4B, 0x4B, 0x4B, 0x4B, 0x4B, 0x4B, 0x4B, 0x4B, 0x4B, 0x4B, 0x4B, 0x4B, 0x4B,
    0x4B, 0x4B, 0x25, 0x25, 0xDF, 0xDF, 0xDF, 0xDF, 0xDF, 0xDF, 0xDF, 0xDF, 0xDF, 0xDF, 0xDF, 0xDF,
    0xDF, 0xDF, 0xDF, 0xDF, 0xDF, 0xDF, 0xDF, 0xDF, 0xDF, 0xDF, 0xDF, 0xDF, 0xDF, 0xDF, 0xDF, 0xDF,
    0xDF, 0x25, 0x4B, 0x4B, 0x4B, 0x4B, 0x4B, 0x4B, 0x4B, 0x4B, 0x4B, 0x4B, 0x4B, 0x4B, 0x4B, 0x4B,
    0x4B, 0x4B, 0x4B, 0x4B, 0x4B, 0x4B, 0x4B, 0x4B, 0x4B, 0x4B, 0x4B, 0x4B, 0x4B, 0x4B, 0x4B, 0x4B,
    0x4B, 0x4B, 0x25, 0xDF, 0xDF, 0xDF, 0xDF, 0xDF, 0xDF, 0xDF, 0xDF, 0xDF, 0xDF, 0xDF, 0xDF, 0xDF,
    0xDF, 0xDF, 0xDF, 0xDF, 0xDF, 0xDF, 0xDF, 0xDF, 0xDF, 0xDF, 0xDF, 0xDF, 0xDF, 0xDF, 0xDF, 0xDF,
    0xDF, 0xDF, 0x25, 0x4B, 0x4B, 0x4B, 0x4B, 0x4B, 0x4B, 0x4B, 0x4B, 0x4B, 0x4B, 0x4B, 0x4B, 0x4B,
    0x4B, 0x4B, 0x4B, 0x4B, 0x4B, 0x4B, 0x4B, 0x4B, 0x4B, 0x4B, 0x4B, 0x4B, 0x4B, 0x4B, 0x4B, 0x4B,
    0x4B, 0x25, 0xDF, 0xDF, 0xDF, 0xDF, 0xDF, 0xDF, 0xDF, 0xDF, 0xDF, 0xDF, 0xDF, 0xDF, 0xDF, 0xDF,
    0xDF, 0xDF, 0xDF, 0xDF, 0xDF, 0xDF, 0xDF, 0xDF, 0xDF, 0xDF, 0xDF, 0xDF, 0xDF, 0xDF, 0xDF, 0xDF,
    0xDF, 0xDF, 0x25, 0x25, 0x4B, 0x4B, 0x4B, 0x4B, 0x4B, 0x4B, 0x4B, 0x4B, 0x4B, 0x4B, 0x4B, 0x4B,
    0x4B, 0x4B, 0x4B, 0x4B, 0x4B, 0x4B, 0x4B, 0x4B, 0x4B, 0x4B, 0x4B, 0x4B, 0x4B, 0x4B, 0x4B, 0x4B,
    0x25, 0x25, 0xDF, 0xDF, 0xDF, 0xDF, 0xDF, 0xDF, 0xDF, 0xDF, 0xDF, 0xDF, 0xDF, 0xDF, 0xDF, 0xDF,
    0xDF, 0xDF, 0xDF, 0xDF, 0xDF, 0xDF, 0xDF, 0xDF, 0xDF, 0xDF, 0xDF, 0xDF, 0xDF, 0xDF, 0xDF, 0xDF,
    0xDF, 0xDF, 0xDF, 0x25, 0x25, 0x4B, 0x4B, 0x4B, 0x4B, 0x4B, 0x4B, 0x4B, 0x4B, 0x4B, 0x4B, 0x4B,
    0x4B, 0x4B, 0x4B, 0x4B, 0x4B, 0x4B, 0x4B, 0x4B, 0x4B, 0x4B, 0x4B, 0x4B, 0x4B, 0x4B, 0x25, 0x25,
    0x4B, 0x25, 0xDF, 0xDF, 0xDF, 0xDF, 0xDF, 0xDF, 0xDF, 0xDF, 0xDF, 0xDF, 0xDF, 0xDF, 0xDF, 0xDF,
    0xDF, 0xDF, 0xDF, 0xDF, 0xDF, 0xDF, 0xDF, 0xDF, 0xDF, 0xDF, 0xDF, 0xDF, 0xDF, 0xDF, 0xDF, 0xDF,
    0xDF, 0xDF, 0xDF, 0x25, 0x25, 0x25, 0x4B, 0x4B, 0x4B, 0x4B, 0x4B, 0x4B, 0x4B, 0x4B, 0x4B, 0x4B,
    0x4B, 0x4B, 0x4B, 0x4B, 0x4B, 0x4B, 0x4B, 0x4B, 0x4B, 0x4B, 0x4B, 0x4B, 0x4B, 0x25, 0x25, 0x4B,
    0x4B, 0x25, 0xDF, 0xDF, 0xDF, 0xDF, 0xDF, 0xDF, 0xDF, 0xDF, 0xDF, 0xDF, 0xDF, 0xDF, 0xDF, 0xDF,
    0xDF, 0xDF, 0xDF, 0xDF, 0xDF, 0xDF, 0xDF, 0xDF, 0xDF, 0xDF, 0xDF, 0xDF, 0xDF, 0xDF, 0xDF, 0xDF,
    0xDF, 0xDF, 0xDF, 0x25, 0x4B, 0x25, 0x25, 0x4B, 0x4B, 0x4B, 0x4B, 0x4B, 0x4B, 0x4B, 0x4B, 0x4B,
    0x4B, 0x4B, 0x4B, 0x4B, 0x4B, 0x4B, 0x4B, 0x4B, 0x4B, 0x4B, 0x4B, 0x25, 0x25, 0x25, 0x4B, 0x4B,
    0x4B, 0x25, 0xDF, 0xDF, 0xDF, 0xDF, 0xDF, 0xDF, 0xDF, 0xDF, 0xDF, 0xDF, 0xDF, 0xDF, 0xDF, 0xDF,
    0xDF, 0xDF, 0xDF, 0xDF, 0xDF, 0xDF, 0xDF, 0xDF, 0xDF, 0xDF, 0xDF, 0xDF, 0xDF, 0xDF, 0xDF, 0xDF,
    0xDF, 0xDF, 0xDF, 0x25, 0x4B, 0x4B, 0x4B, 0x25, 0x25, 0x25, 0x4B, 0x4B, 0x4B, 0x4B, 0x4B, 0x4B,
    0x4B, 0x4B, 0x4B, 0x4B, 0x4B, 0x4B, 0x4B, 0x4B, 0x25, 0x25, 0x25, 0x25, 0x4B, 0x4B, 0x4B, 0x4B,
    0x4B, 0x25, 0xDF, 0xDF, 0xDF, 0xDF, 0xDF, 0xDF, 0xDF, 0xDF, 0xDF, 0xDF, 0xDF, 0xDF, 0xDF, 0xDF,
    0xDF, 0xDF, 0xDF, 0xDF, 0xDF, 0xDF, 0xDF, 0xDF, 0xDF, 0xDF, 0xDF, 0xDF, 0xDF, 0xDF, 0xDF, 0xDF,
    0xDF, 0xDF, 0xDF, 0x25, 0x4B, 0x4B, 0x4B, 0x4B, 0x4B, 0x4B, 0x25, 0x25, 0x25, 0x25, 0x25, 0x25,
    0x25, 0x25, 0x25, 0x25, 0x25, 0x25, 0x25, 0x25, 0x25, 0x4B, 0x4B, 0x4B, 0x4B, 0x4B, 0x4B, 0x4B,
    0x4B, 0x25, 0xDF, 0xDF, 0xDF, 0xDF, 0xDF, 0xDF, 0xDF, 0xDF, 0xDF, 0xDF, 0xDF, 0xDF, 0xDF, 0xDF,
    0xDF, 0xDF, 0xDF, 0xDF, 0xDF, 0xDF, 0xDF, 0xDF, 0xDF, 0xDF, 0xDF, 0xDF, 0xDF, 0xDF, 0xDF, 0xDF,
    0xDF, 0xDF, 0xDF, 0x25, 0x4B, 0x4B, 0x4B, 0x4B, 0x4B, 0x4B, 0x4B, 0x4B, 0x4B, 0x25, 0xDF, 0xDF,
    0xDF, 0xDF, 0xDF, 0xDF, 0xDF, 0xDF, 0x25, 0x4B, 0x4B, 0x4B, 0x4B, 0x4B, 0x4B, 0x4B, 0x4B, 0x4B,
    0x4B, 0x25, 0xDF, 0xDF, 0xDF, 0xDF, 0xDF, 0xDF, 0xDF, 0xDF, 0xDF, 0xDF, 0xDF, 0xDF, 0xDF, 0xDF,
    0xDF, 0xDF, 0xDF, 0xDF, 0xDF, 0xDF, 0xDF, 0xDF, 0xDF, 0xDF, 0xDF, 0xDF, 0xDF, 0xDF, 0xDF, 0xDF,
    0xDF, 0xDF, 0xDF, 0x25, 0x25, 0x4B, 0x4B, 0x4B, 0x4B, 0x4B, 0x4B, 0x4B, 0x4B, 0x25, 0xDF, 0xDF,
    0xDF, 0xDF, 0xDF, 0xDF, 0xDF, 0xDF, 0xDF, 0x25, 0x4B, 0x4B, 0x4B, 0x4B, 0x4B, 0x4B, 0x4B, 0x4B,
    0x25, 0x25, 0xDF, 0xDF, 0xDF, 0xDF, 0xDF, 0xDF, 0xDF, 0xDF, 0xDF, 0xDF, 0xDF, 0xDF, 0xDF, 0xDF,
    0xDF, 0xDF, 0xDF, 0xDF, 0xDF, 0xDF, 0xDF, 0xDF, 0xDF, 0xDF, 0xDF, 0xDF, 0xDF, 0xDF, 0xDF, 0xDF,
    0xDF, 0xDF, 0xDF, 0xDF, 0x25, 0x4B, 0x4B, 0x4B, 0x4B, 0x4B, 0x4B, 0x4B, 0x25, 0x25, 0xDF, 0xDF,
    0xDF, 0xDF, 0xDF, 0xDF, 0xDF, 0xDF, 0xDF, 0x25, 0x25, 0x4B, 0x4B, 0x4B, 0x4B, 0x4B, 0x4B, 0x4B,
    0x25, 0xDF, 0xDF, 0xDF, 0xDF, 0xDF, 0xDF, 0xDF, 0xDF, 0xDF, 0xDF, 0xDF, 0xDF, 0xDF, 0xDF, 0xDF,
    0xDF, 0xDF, 0xDF, 0xDF, 0xDF, 0xDF, 0xDF, 0xDF, 0xDF, 0xDF, 0xDF, 0xDF, 0xDF, 0xDF, 0xDF, 0xDF,
    0xDF, 0xDF, 0xDF, 0xDF, 0xDF, 0x25, 0x25, 0x4B, 0x4B, 0x4B, 0x4B, 0x25, 0x25, 0xDF, 0xDF, 0xDF,
    0xDF, 0xDF, 0xDF, 0xDF, 0xDF, 0xDF, 0xDF, 0xDF, 0x25, 0x25, 0x4B, 0x4B, 0x4B, 0x4B, 0x4B, 0x25,
    0x25, 0xDF, 0xDF, 0xDF, 0xDF, 0xDF, 0xDF, 0xDF, 0xDF, 0xDF, 0xDF, 0xDF, 0xDF, 0xDF, 0xDF, 0xDF,
    0xDF, 0xDF, 0xDF, 0xDF, 0xDF, 0xDF, 0xDF, 0xDF, 0xDF, 0xDF, 0xDF, 0xDF, 0xDF, 0xDF, 0xDF, 0xDF,
    0xDF, 0xDF, 0xDF, 0xDF, 0xDF, 0xDF, 0x25, 0x25, 0x25, 0x25, 0x25, 0xDF, 0xDF, 0xDF, 0xDF, 0xDF,
    0xDF, 0xDF, 0xDF, 0xDF, 0xDF, 0xDF, 0xDF, 0xDF, 0xDF, 0x25, 0x25, 0x25, 0x25, 0x25, 0x25, 0x25,
    0xDF, 0xDF, 0xDF, 0xDF, 0xDF, 0xDF, 0xDF, 0xDF, 0xDF, 0xDF, 0xDF, 0xDF, 0xDF, 0xDF, 0xDF, 0xDF,
    0xDF, 0xDF, 0xDF, 0xDF, 0xDF, 0xDF, 0xDF, 0xDF, 0xDF, 0xDF, 0xDF, 0xDF, 0xDF, 0xDF, 0xDF, 0xDF,
    0xDF, 0xDF, 0xDF, 0xDF, 0xDF, 0xDF, 0xDF, 0xDF, 0xDF, 0xDF, 0xDF, 0xDF, 0xDF, 0xDF, 0xDF, 0xDF,
    0xDF, 0xDF, 0xDF, 0xDF, 0xDF, 0xDF, 0xDF, 0xDF, 0xDF, 0xDF, 0xDF, 0xDF, 0xDF, 0xDF, 0xDF, 0xDF,
    0xDF, 0xDF, 0xDF, 0xDF, 0xDF, 0xDF, 0xDF, 0xDF, 0xDF, 0xDF, 0xDF, 0xDF, 0xDF, 0xDF, 0xDF, 0xDF,
    0xDF, 0xDF, 0xDF, 0xDF, 0xDF, 0xDF, 0xDF, 0xDF, 0xDF, 0xDF, 0xDF, 0xDF, 0xDF, 0xDF, 0xDF, 0xDF,
    0xDF, 0xDF, 0xDF, 0xDF, 0xDF, 0xDF, 0xDF, 0xDF, 0xDF, 0xDF, 0xDF, 0xDF, 0xDF, 0xDF, 0xDF, 0xDF,
    0xDF, 0xDF, 0xDF, 0xDF, 0xDF, 0xDF, 0xDF, 0xDF, 0xDF, 0xDF, 0xDF, 0xDF, 0xDF, 0xDF, 0xDF, 0xDF,
    0xDF, 0xDF, 0xDF, 0xDF, 0xDF, 0xDF, 0xDF, 0xDF, 0xDF, 0xDF, 0xDF, 0xDF, 0xDF, 0xDF, 0xDF, 0xDF,
    0xDF, 0xDF, 0xDF, 0xDF, 0xDF, 0xDF, 0xDF, 0xDF, 0xDF, 0xDF, 0xDF, 0xDF, 0xDF, 0xDF, 0xDF, 0xDF,
    0xDF, 0xDF, 0xDF, 0xDF, 0xDF, 0xDF, 0xDF, 0xDF, 0xDF, 0xDF, 0xDF, 0xDF, 0xDF, 0xDF, 0xDF, 0xDF,
    0xDF, 0xDF, 0xDF, 0xDF, 0xDF, 0xDF, 0xDF, 0xDF, 0xDF, 0xDF, 0xDF, 0xDF, 0xDF, 0xDF, 0xDF, 0xDF,
    0xDF, 0xDF, 0xDF, 0xDF, 0xDF, 0xDF, 0xDF, 0xDF, 0xDF, 0xDF, 0xDF, 0xDF, 0xDF, 0xDF, 0xDF, 0xDF,
    0xDF, 0xDF, 0xDF, 0xDF, 0xDF, 0xDF, 0xDF, 0xDF, 0xDF, 0xDF, 0xDF, 0xDF, 0xDF, 0xDF, 0xDF, 0xDF,
    0xDF, 0xDF, 0xDF, 0xDF, 0xDF, 0xDF, 0xDF, 0xDF, 0xDF, 0xDF, 0xDF, 0xDF, 0xDF, 0xDF, 0xDF, 0xDF,
    0xDF, 0xDF, 0xDF, 0xDF, 0xDF, 0xDF, 0xDF, 0xDF, 0xDF, 0xDF, 0xDF, 0xDF, 0xDF, 0xDF, 0xDF, 0xDF,
    0xDF, 0xDF, 0xDF, 0xDF, 0xDF, 0xDF, 0xDF, 0xDF, 0xDF, 0xDF, 0xDF, 0xDF, 0xDF, 0xDF, 0xDF, 0xDF,
    0xDF, 0xDF, 0xDF, 0xDF, 0xDF, 0xDF, 0xDF, 0xDF, 0xDF, 0xDF, 0xDF, 0xDF, 0xDF, 0xDF, 0xDF, 0xDF,
    0xDF, 0xDF, 0xDF, 0xDF, 0xDF, 0xDF, 0xDF, 0xDF, 0xDF, 0xDF, 0xDF, 0xDF, 0xDF, 0xDF, 0xDF, 0xDF,
    0xDF, 0xDF, 0xDF, 0xDF, 0xDF, 0xDF, 0xDF, 0xDF, 0xDF, 0xDF, 0xDF, 0xDF, 0xDF, 0xDF, 0xDF, 0xDF,
    0xDF, 0xDF, 0xDF, 0xDF, 0xDF, 0xDF, 0xDF, 0xDF, 0xDF, 0xDF, 0xDF, 0xDF, 0xDF, 0xDF, 0xDF, 0xDF,
    0xDF, 0xDF, 0xDF, 0xDF, 0xDF, 0xDF, 0xDF, 0xDF, 0xDF, 0xDF, 0xDF, 0xDF, 0xDF, 0xDF, 0xDF, 0xDF,
    0xDF, 0xDF, 0xDF, 0xDF, 0xDF, 0xDF, 0xDF, 0xDF, 0xDF, 0xDF, 0xDF, 0xDF, 0xDF, 0xDF, 0xDF, 0xDF,
    0xDF, 0xDF, 0xDF, 0xDF, 0xDF, 0xDF, 0xDF, 0xDF, 0xDF, 0xDF, 0xDF, 0xDF, 0xDF, 0xDF, 0xDF, 0xDF,
    0xDF, 0xDF, 0xDF, 0xDF, 0xDF, 0xDF, 0xDF, 0xDF, 0xDF, 0xDF, 0xDF, 0xDF, 0xDF, 0xDF, 0xDF, 0xDF,
};

constexpr int kHappySpriteWidth = 64;
constexpr int kHappySpriteHeight = 64;
constexpr int kHappySpriteFrameCount = 2;
const uint8_t* const kHappySpriteFrames[kHappySpriteFrameCount] = {
    kHappySpriteFrame0,
    kHappySpriteFrame1,
};

// Mood: Sad
const uint8_t kSadSpriteFrame0[] PROGMEM = {
    0xDF, 0xDF, 0xDF, 0xDF, 0xDF, 0xDF, 0xDF, 0xDF, 0xDF, 0xDF, 0xDF, 0xDF, 0xDF, 0xDF, 0xDF, 0xDF,
    0xDF, 0xDF, 0xDF, 0xDF, 0xDF, 0xDF, 0xDF, 0xDF, 0xDF, 0xDF, 0xDF, 0xDF, 0xDF, 0xDF, 0xDF, 0xDF,
    0xDF, 0xDF, 0xDF, 0xDF, 0xDF, 0xDF, 0xDF, 0xDF, 0xDF, 0xDF, 0xDF, 0xDF, 0xDF, 0xDF, 0xDF, 0xDF,
    0xDF, 0xDF, 0xDF, 0xDF, 0xDF, 0xDF, 0xDF, 0xDF, 0xDF, 0xDF, 0xDF, 0xDF, 0xDF, 0xDF, 0xDF, 0xDF,
    0xDF, 0xDF, 0xDF, 0xDF, 0xDF, 0xDF, 0xDF, 0xDF, 0xDF, 0xDF, 0xDF, 0xDF, 0xDF, 0xDF, 0xDF, 0xDF,
    0xDF, 0xDF, 0xDF, 0xDF, 0xDF, 0xDF, 0xDF, 0xDF, 0xDF, 0xDF, 0xDF, 0xDF, 0xDF, 0xDF, 0xDF, 0xDF,
    0xDF, 0xDF, 0xDF, 0xDF, 0xDF, 0xDF, 0xDF, 0xDF, 0xDF, 0xDF, 0xDF, 0xDF, 0xDF, 0xDF, 0xDF, 0xDF,
    0xDF, 0xDF, 0xDF, 0xDF, 0xDF, 0xDF, 0xDF, 0xDF, 0xDF, 0xDF, 0xDF, 0xDF, 0xDF, 0xDF, 0xDF, 0xDF,
    0xDF, 0xDF, 0xDF, 0xDF, 0xDF, 0xDF, 0xDF, 0xDF, 0xDF, 0xDF, 0xDF, 0xDF, 0xDF, 0xDF, 0xDF, 0xDF,
    0xDF, 0xDF, 0xDF, 0xDF, 0xDF, 0xDF, 0xDF, 0xDF, 0xDF, 0xDF, 0xDF, 0xDF, 0xDF, 0xDF, 0xDF, 0xDF,
    0xDF, 0xDF, 0xDF, 0xDF, 0xDF, 0xDF, 0xDF, 0xDF, 0xDF, 0xDF, 0xDF, 0xDF, 0xDF, 0xDF, 0xDF, 0xDF,
    0xDF, 0xDF, 0xDF, 0xDF, 0xDF, 0xDF, 0xDF, 0xDF, 0xDF, 0xDF, 0xDF, 0xDF, 0xDF, 0xDF, 0xDF, 0xDF,
    0xDF, 0xDF, 0xDF, 0xDF, 0xDF, 0xDF, 0xDF, 0xDF, 0xDF, 0xDF, 0xDF, 0xDF, 0xDF, 0xDF, 0xDF, 0xDF,
    0xDF, 0xDF, 0xDF, 0xDF, 0xDF, 0xDF, 0xDF, 0xDF, 0xDF, 0xDF, 0xDF, 0xDF, 0xDF, 0xDF, 0xDF, 0xDF,
    0xDF, 0xDF, 0xDF, 0xDF, 0xDF, 0xDF, 0xDF, 0xDF, 0xDF, 0xDF, 0xDF, 0xDF, 0xDF, 0xDF, 0xDF, 0xDF,
    0xDF, 0xDF, 0xDF, 0xDF, 0xDF, 0xDF, 0xDF, 0xDF, 0xDF, 0xDF, 0xDF, 0xDF, 0xDF, 0xDF, 0xDF, 0xDF,
    0xDF, 0xDF, 0xDF, 0xDF, 0xDF, 0xDF, 0xDF, 0xDF, 0xDF, 0xDF, 0xDF, 0xDF, 0xDF, 0xDF, 0xDF, 0xDF,
    0xDF, 0xDF, 0xDF, 0xDF, 0xDF, 0xDF, 0xDF, 0xDF, 0xDF, 0xDF, 0xDF, 0xDF, 0xDF, 0xDF, 0xDF, 0xDF,
    0xDF, 0xDF, 0xDF, 0xDF, 0xDF, 0xDF, 0xDF, 0xDF, 0xDF, 0xDF, 0xDF, 0xDF, 0xDF, 0xDF, 0xDF, 0xDF,
    0xDF, 0xDF, 0xDF, 0xDF, 0xDF, 0xDF, 0xDF, 0xDF, 0xDF, 0xDF, 0xDF, 0xDF, 0xDF, 0xDF, 0xDF, 0xDF,
    0xDF, 0xDF, 0xDF, 0xDF, 0xDF, 0xDF, 0xDF, 0xDF, 0xDF, 0xDF, 0xDF, 0xDF, 0xDF, 0xDF, 0xDF, 0xDF,
    0xDF, 0xDF, 0xDF, 0xDF, 0xDF, 0xDF, 0xDF, 0xDF, 0xDF, 0xDF, 0xDF, 0xDF, 0xDF, 0xDF, 0xDF, 0xDF,
    0xDF, 0xDF, 0xDF, 0xDF, 0xDF, 0xDF, 0xDF, 0xDF, 0xDF, 0xDF, 0xDF, 0xDF, 0xDF, 0xDF, 0xDF, 0xDF,
    0xDF, 0xDF, 0xDF, 0xDF, 0xDF, 0xDF, 0xDF, 0xDF, 0xDF, 0xDF, 0xDF, 0xDF, 0xDF, 0xDF, 0xDF, 0xDF,
    0xDF, 0xDF, 0xDF, 0xDF, 0xDF, 0xDF, 0xDF, 0xDF, 0xDF, 0xDF, 0xDF, 0xDF, 0xDF, 0xDF, 0xDF, 0xDF,
    0xDF, 0xDF, 0xDF, 0xDF, 0xDF, 0xDF, 0xDF, 0xDF, 0xDF, 0xDF, 0xDF, 0xDF, 0xDF, 0xDF, 0xDF, 0xDF,
    0xDF, 0xDF, 0xDF, 0xDF, 0xDF, 0xDF, 0xDF, 0xDF, 0xDF, 0xDF, 0xDF, 0xDF, 0xDF, 0xDF, 0xDF, 0xDF,
    0xDF, 0xDF, 0xDF, 0xDF, 0xDF, 0xDF, 0xDF, 0xDF, 0xDF, 0xDF, 0xDF, 0xDF, 0xDF, 0xDF, 0xDF, 0xDF,
    0xDF, 0xDF, 0xDF, 0xDF, 0xDF, 0xDF, 0xDF, 0xDF, 0xDF, 0xDF, 0xDF, 0xDF, 0xDF, 0xDF, 0xDF, 0xDF,
    0xDF, 0xDF, 0xDF, 0xDF, 0xDF, 0xDF, 0xDF, 0xDF, 0xDF, 0xDF, 0xDF, 0xDF, 0xDF, 0xDF, 0xDF, 0xDF,
    0xDF, 0xDF, 0xDF, 0xDF, 0xDF, 0xDF, 0xDF, 0xDF, 0xDF, 0xDF, 0xDF, 0xDF, 0xDF, 0xDF, 0xDF, 0xDF,
    0xDF, 0xDF, 0xDF, 0xDF, 0xDF, 0xDF, 0xDF, 0xDF, 0xDF, 0xDF, 0xDF, 0xDF, 0xDF, 0xDF, 0xDF, 0xDF,
    0xDF, 0xDF, 0xDF, 0xDF, 0xDF, 0xDF, 0xDF, 0xDF, 0xDF, 0xDF, 0xDF, 0xDF, 0xDF, 0xDF, 0xDF, 0xDF,
    0xDF, 0xDF, 0xDF, 0xDF, 0xDF, 0xDF, 0xDF, 0xDF, 0xDF, 0xDF, 0xDF, 0xDF, 0xDF, 0xDF, 0xDF, 0xDF,
    0xDF, 0xDF, 0xDF, 0xDF, 0xDF, 0xDF, 0xDF, 0xDF, 0xDF, 0xDF, 0xDF, 0xDF, 0xDF, 0xDF, 0xDF, 0xDF,
    0xDF, 0xDF, 0xDF, 0xDF, 0xDF, 0xDF, 0xDF, 0xDF, 0xDF, 0xDF, 0xDF, 0xDF, 0xDF, 0xDF, 0xDF, 0xDF,
    0xDF, 0xDF, 0xDF, 0xDF, 0xDF, 0xDF, 0xDF, 0xDF, 0xDF, 0xDF, 0xDF, 0xDF, 0xDF, 0xDF, 0xDF, 0xDF,
    0xDF, 0xDF, 0xDF, 0xDF, 0xDF, 0xDF, 0xDF, 0xDF, 0xDF, 0xDF, 0xDF, 0xDF, 0xDF, 0xDF, 0xDF, 0xDF,
    0xDF, 0xDF, 0xDF, 0xDF, 0xDF, 0xDF, 0xDF, 0xDF, 0xDF, 0xDF, 0xDF, 0xDF, 0xDF, 0xDF, 0xDF, 0xDF,
    0xDF, 0xDF, 0xDF, 0xDF, 0xDF, 0xDF, 0xDF, 0xDF, 0xDF, 0xDF, 0xDF, 0xDF, 0xDF, 0xDF, 0xDF, 0xDF,
    0xDF, 0xDF, 0xDF, 0xDF, 0xDF, 0xDF, 0xDF, 0xDF, 0xDF, 0xDF, 0xDF, 0xDF, 0xDF, 0xDF, 0xDF, 0xDF,
    0xDF, 0xDF, 0xDF, 0xDF, 0xDF, 0xDF, 0xDF, 0xDF, 0xDF, 0xDF, 0xDF, 0xDF, 0xDF, 0xDF, 0xDF, 0xDF,
    0xDF, 0xDF, 0xDF, 0xDF, 0xDF, 0xDF, 0xDF, 0xDF, 0xDF, 0xDF, 0xDF, 0xDF, 0xDF, 0xDF, 0xDF, 0xDF,
    0xDF, 0xDF, 0xDF, 0xDF, 0xDF, 0xDF, 0xDF, 0xDF, 0xDF, 0xDF, 0xDF, 0xDF, 0xDF, 0xDF, 0xDF, 0xDF,
    0xDF, 0xDF, 0xDF, 0xDF, 0xDF, 0xDF, 0xDF, 0xDF, 0xDF, 0xDF, 0xDF, 0xDF, 0xDF, 0xDF, 0xDF, 0xDF,
    0xDF, 0xDF, 0xDF, 0xDF, 0xDF, 0xDF, 0xDF, 0xDF, 0xDF, 0xDF, 0xDF, 0xDF, 0xDF, 0xDF, 0xDF, 0xDF,
    0xDF, 0xDF, 0xDF, 0xDF, 0xDF, 0xDF, 0xDF, 0xDF, 0xDF, 0xDF, 0xDF, 0xDF, 0xDF, 0xDF, 0xDF, 0xDF,
    0xDF, 0xDF, 0xDF, 0xDF, 0xDF, 0xDF, 0xDF, 0xDF, 0xDF, 0xDF, 0xDF, 0xDF, 0xDF, 0xDF, 0xDF, 0xDF,
    0xDF, 0xDF, 0xDF, 0xDF, 0xDF, 0xDF, 0xDF, 0xDF, 0xDF, 0xDF, 0xDF, 0xDF, 0xDF, 0xDF, 0xDF, 0xDF,
    0xDF, 0xDF, 0xDF, 0xDF, 0xDF, 0xDF, 0xDF, 0xDF, 0xDF, 0xDF, 0xDF, 0xDF, 0xDF, 0xDF, 0xDF, 0xDF,
    0x25, 0x25, 0x25, 0x25, 0xDF, 0xDF, 0xDF, 0xDF, 0xDF, 0xDF, 0xDF, 0xDF, 0xDF, 0xDF, 0xDF, 0xDF,
    0xDF, 0xDF, 0xDF, 0xDF, 0xDF, 0xDF, 0xDF, 0xDF, 0xDF, 0xDF, 0xDF, 0xDF, 0xDF, 0xDF, 0xDF, 0xDF,
    0xDF, 0xDF, 0xDF, 0xDF, 0xDF, 0xDF, 0xDF, 0xDF, 0xDF, 0xDF, 0xDF, 0xDF, 0xDF, 0xDF, 0xDF, 0xDF,
    0xDF, 0xDF, 0xDF, 0xDF, 0xDF, 0xDF, 0xDF, 0xDF, 0xDF, 0xDF, 0xDF, 0xDF, 0xDF, 0xDF, 0xDF, 0x25,
    0x25, 0x51, 0x51, 0x51, 0x25, 0xDF, 0xDF, 0xDF, 0xDF, 0xDF, 0xDF, 0xDF, 0xDF, 0xDF, 0xDF, 0xDF,
    0xDF, 0xDF, 0xDF, 0xDF, 0xDF, 0xDF, 0xDF, 0xDF, 0xDF, 0xDF, 0xDF, 0xDF, 0xDF, 0xDF, 0xDF, 0xDF,
    0xDF, 0xDF, 0xDF, 0xDF, 0xDF, 0xDF, 0xDF, 0xDF, 0xDF, 0xDF, 0xDF, 0xDF, 0xDF, 0xDF, 0xDF, 0xDF,
    0xDF, 0xDF, 0xDF, 0xDF, 0xDF, 0xDF, 0xDF, 0xDF, 0xDF, 0x25, 0x25, 0x25, 0xDF, 0xDF, 0x25, 0x25,
    0x51, 0x51, 0x51, 0x51, 0x25, 0xDF, 0xDF, 0xDF, 0xDF, 0xDF, 0xDF, 0xDF, 0xDF, 0xDF, 0xDF, 0xDF,
    0xDF, 0xDF, 0xDF, 0xDF, 0xDF, 0xDF, 0xDF, 0xDF, 0xDF, 0xDF, 0xDF, 0xDF, 0xDF, 0xDF, 0xDF, 0xDF,
    0xDF, 0xDF, 0xDF, 0xDF, 0xDF, 0xDF, 0xDF, 0xDF, 0xDF, 0xDF, 0xDF, 0xDF, 0xDF, 0xDF, 0xDF, 0xDF,
    0xDF, 0xDF, 0xDF, 0xDF, 0xDF, 0xDF, 0xDF, 0xDF, 0x25, 0x51, 0x51, 0x25, 0x25, 0x25, 0x25, 0x25,
    0x51, 0x51, 0x51, 0x51, 0x25, 0xDF, 0xDF, 0x25, 0x25, 0x25, 0xDF, 0xDF, 0xDF, 0xDF, 0xDF, 0xDF,
    0xDF, 0xDF, 0xDF, 0xDF, 0xDF, 0xDF, 0xDF, 0xDF, 0xDF, 0xDF, 0xDF, 0xDF, 0xDF, 0xDF, 0xDF, 0xDF,
    0xDF, 0xDF, 0xDF, 0xDF, 0xDF, 0xDF, 0xDF, 0xDF, 0xDF, 0xDF, 0xDF, 0xDF, 0xDF, 0xDF, 0xDF, 0xDF,
    0xDF, 0xDF, 0xDF, 0xDF, 0xDF, 0xDF, 0xDF, 0xDF, 0x25, 0x51, 0x51, 0x51, 0x51, 0x25, 0x4B, 0x4B,
    0x25, 0x51, 0x51, 0x51, 0x25, 0x25, 0x25, 0x25, 0x25, 0x25, 0x25, 0xDF, 0xDF, 0xDF, 0xDF, 0xDF,
    0xDF, 0xDF, 0xDF, 0xDF, 0xDF, 0xDF, 0xDF, 0xDF, 0xDF, 0xDF, 0xDF, 0xDF, 0xDF, 0xDF, 0xDF, 0xDF,
    0xDF, 0xDF, 0xDF, 0xDF, 0xDF, 0xDF, 0xDF, 0xDF, 0xDF, 0xDF, 0xDF, 0xDF, 0xDF, 0xDF, 0xDF, 0xDF,
    0xDF, 0xDF, 0xDF, 0xDF, 0xDF, 0xDF, 0xDF, 0xDF, 0x25, 0x51, 0x51, 0x25, 0x25, 0x4B, 0x4B, 0x4B,
    0x25, 0x51, 0x51, 0x51, 0x51, 0x51, 0x25, 0x4B, 0x4B, 0x4B, 0x25, 0xDF, 0xDF, 0xDF, 0xDF, 0xDF,
    0xDF, 0xDF, 0xDF, 0xDF, 0xDF, 0xDF, 0xDF, 0xDF, 0xDF, 0xDF, 0xDF, 0xDF, 0xDF, 0xDF, 0xDF, 0xDF,
    0xDF, 0xDF, 0xDF, 0xDF, 0xDF, 0xDF, 0xDF, 0xDF, 0xDF, 0xDF, 0xDF, 0xDF, 0xDF, 0xDF, 0xDF, 0xDF,
    0xDF, 0xDF, 0xDF, 0xDF, 0xDF, 0xDF, 0xDF, 0xDF, 0x25, 0x25, 0x51, 0x25, 0x4B, 0x4B, 0x4B, 0x4B,
    0x25, 0x25, 0x51, 0x51, 0x51, 0x25, 0x4B, 0x4B, 0x4B, 0x4B, 0x25, 0x25, 0xDF, 0xDF, 0xDF, 0xDF,
    0xDF, 0xDF, 0xDF, 0xDF, 0xDF, 0xDF, 0xDF, 0xDF, 0xDF, 0xDF, 0xDF, 0xDF, 0xDF, 0xDF, 0xDF, 0xDF,
    0xDF, 0xDF, 0xDF, 0xDF, 0xDF, 0xDF, 0xDF, 0xDF, 0xDF, 0xDF, 0xDF, 0xDF, 0xDF, 0xDF, 0xDF, 0xDF,
    0xDF, 0xDF, 0xDF, 0xDF, 0xDF, 0xDF, 0xDF, 0xDF, 0x25, 0x25, 0x25, 0x4B, 0x4B, 0x4B, 0x4B, 0x4B,
    0x4B, 0x25, 0x51, 0x51, 0x25, 0x25, 0x4B, 0x4B, 0x4B, 0x4B, 0x4B, 0x25, 0x25, 0x25, 0xDF, 0xDF,
    0xDF, 0xDF, 0xDF, 0xDF, 0xDF, 0xDF, 0xDF, 0xDF, 0xDF, 0xDF, 0xDF, 0xDF, 0xDF, 0xDF, 0xDF, 0xDF,
    0xDF, 0xDF, 0xDF, 0xDF, 0xDF, 0xDF, 0xDF, 0xDF, 0xDF, 0xDF, 0xDF, 0xDF, 0xDF, 0xDF, 0xDF, 0xDF,
    0xDF, 0xDF, 0xDF, 0xDF, 0xDF, 0xDF, 0xDF, 0x25, 0x25, 0x25, 0x25, 0x4B, 0x4B, 0x4B, 0x4B, 0x4B,
    0x4B, 0x25, 0x51, 0x51, 0x25, 0x25, 0x4B, 0x4B, 0x4B, 0x4B, 0x4B, 0x4B, 0x25, 0x4B, 0x25, 0x25,
    0xDF, 0xDF, 0xDF, 0xDF, 0xDF, 0xDF, 0xDF, 0xDF, 0xDF, 0xDF, 0xDF, 0xDF, 0xDF, 0xDF, 0xDF, 0xDF,
    0xDF, 0xDF, 0xDF, 0xDF, 0xDF, 0xDF, 0xDF, 0xDF, 0xDF, 0xDF, 0xDF, 0xDF, 0xDF, 0xDF, 0xDF, 0xDF,
    0xDF, 0xDF, 0xDF, 0xDF, 0xDF, 0x25, 0x25, 0x4B, 0x25, 0x25, 0x4B, 0x4B, 0x4B, 0x4B, 0x4B, 0x4B,
    0x4B, 0x25, 0x25, 0x25, 0x25, 0x4B, 0x4B, 0x4B, 0x4B, 0x4B, 0x4B, 0x4B, 0x25, 0x4B, 0x4B, 0x4B,
    0x25, 0xDF, 0xDF, 0xDF, 0xDF, 0xDF, 0xDF, 0xDF, 0xDF, 0xDF, 0xDF, 0xDF, 0xDF, 0xDF, 0xDF, 0xDF,
    0xDF, 0xDF, 0xDF, 0xDF, 0xDF, 0xDF, 0xDF, 0xDF, 0xDF, 0xDF, 0xDF, 0x8D, 0xDF, 0x8D, 0xDF, 0x8D,
    0xDF, 0xDF, 0xDF, 0xDF, 0x25, 0x25, 0x4B, 0x4B, 0x25, 0x4B, 0x4B, 0x4B, 0x4B, 0x4B, 0x4B, 0x4B,
    0x4B, 0x4B, 0x25, 0x25, 0x4B, 0x4B, 0x4B, 0x4B, 0x4B, 0x4B, 0x4B, 0x4B, 0x25, 0x4B, 0x4B, 0x4B,
    0x25, 0x25, 0xDF, 0xDF, 0xDF, 0xDF, 0xDF, 0xDF, 0xDF, 0xDF, 0xDF, 0xDF, 0xDF, 0xDF, 0xDF, 0xDF,
    0xDF, 0xDF, 0xDF, 0xDF, 0xDF, 0xDF, 0xDF, 0xDF, 0xDF, 0xDF, 0xDF, 0x8D, 0xDF, 0x8D, 0xDF, 0xDF,
    0xDF, 0xDF, 0xDF, 0x25, 0x25, 0x4B, 0x4B, 0x4B, 0x25, 0x4B, 0x4B, 0x4B, 0x4B, 0x4B, 0x4B, 0x4B,
    0x4B, 0x4B, 0x25, 0x25, 0x4B, 0x4B, 0x4B, 0x4B, 0x4B, 0x4B, 0x4B, 0x4B, 0x4B, 0x25, 0x4B, 0x4B,
    0x4B, 0x25, 0xDF, 0xDF, 0xDF, 0xDF, 0xDF, 0xDF, 0xDF, 0xDF, 0xDF, 0xDF, 0xDF, 0xDF, 0xDF, 0xDF,
    0xDF, 0xDF, 0xDF, 0xDF, 0xDF, 0xDF, 0xDF, 0xDF, 0xDF, 0xDF, 0xDF, 0x8D, 0xDF, 0x8D, 0xDF, 0xDF,
    0xDF, 0xDF, 0x25, 0x25, 0x4B, 0x4B, 0x4B, 0x4B, 0x4B, 0x4B, 0x4B, 0x4B, 0x4B, 0x4B, 0x4B, 0x4B,
    0x4B, 0x4B, 0x4B, 0x4B, 0x4B, 0x4B, 0x4B, 0x4B, 0x4B, 0x4B, 0x4B, 0x4B, 0x4B, 0x4B, 0x4B, 0x4B,
    0x4B, 0x4B, 0x25, 0xDF, 0xDF, 0xDF, 0xDF, 0xDF, 0xDF, 0xDF, 0xDF, 0xDF, 0xDF, 0xDF, 0xDF, 0xDF,
    0xDF, 0xDF, 0xDF, 0xDF, 0xDF, 0xDF, 0xDF, 0xDF, 0xDF, 0xDF, 0xDF, 0x8D, 0xDF, 0xDF, 0xDF, 0xDF,
    0xDF, 0x25, 0x25, 0x4B, 0x4B, 0x4B, 0x4B, 0x4B, 0x4B, 0x4B, 0x4B, 0x4B, 0x4B, 0x4B, 0x4B, 0x4B,
    0x4B, 0x4B, 0x4B, 0x4B, 0x4B, 0x4B, 0x4B, 0x4B, 0x4B, 0x4B, 0x4B, 0x4B, 0x4B, 0x4B, 0x4B, 0x4B,
    0x4B, 0x4B, 0x4B, 0x25, 0xDF, 0xDF, 0xDF, 0xDF, 0xDF, 0xDF, 0xDF, 0xDF, 0xDF, 0xDF, 0xDF, 0xDF,
    0xDF, 0xDF, 0xDF, 0xDF, 0xDF, 0xDF, 0xDF, 0xDF, 0xDF, 0xDF, 0xDF, 0x8D, 0xDF, 0xDF, 0xDF, 0xDF,
    0xDF, 0x25, 0x4B, 0x4B, 0x4B, 0x4B, 0x4B, 0x4B, 0x4B, 0x4B, 0x4B, 0x4B, 0x4B, 0x4B, 0x4B, 0x4B,
    0x4B, 0x4B, 0x4B, 0x4B, 0x4B, 0x4B, 0x4B, 0x4B, 0x4B, 0x4B, 0x4B, 0x4B, 0x4B, 0x4B, 0x4B, 0x4B,
    0x4B, 0x4B, 0x4B, 0x4B, 0x25, 0xDF, 0xDF, 0xDF, 0xDF, 0xDF, 0xDF, 0xDF, 0xDF, 0xDF, 0xDF, 0xDF,
    0xDF, 0xDF, 0xDF, 0xDF, 0xDF, 0xDF, 0xDF, 0xDF, 0xDF, 0xDF, 0xDF, 0xDF, 0xDF, 0xDF, 0xDF, 0xDF,
    0xDF, 0x25, 0x4B, 0x4B, 0x4B, 0x4B, 0x4B, 0x4B, 0x4B, 0x4B, 0x4B, 0x4B, 0x4B, 0x4B, 0x4B, 0x4B,
    0x4B, 0x4B, 0x4B, 0x4B, 0x4B, 0x4B, 0x4B, 0x4B, 0x4B, 0x4B, 0x4B, 0x4B, 0x4B, 0x4B, 0x4B, 0x4B,
    0x4B, 0x4B, 0x4B, 0x4B, 0x25, 0xDF, 0xDF, 0xDF, 0xDF, 0xDF, 0xDF, 0xDF, 0xDF, 0xDF, 0xDF, 0xDF,
    0xDF, 0xDF, 0xDF, 0xDF, 0xDF, 0xDF, 0xDF, 0xDF, 0xDF, 0xDF, 0xDF, 0xDF, 0xDF, 0xDF, 0xDF, 0xDF,
    0x25, 0x4B, 0x4B, 0x4B, 0x4B, 0x4B, 0x4B, 0x4B, 0x4B, 0x4B, 0x4B, 0x4B, 0x4B, 0x4B, 0x4B, 0x4B,
    0x4B, 0x4B, 0x4B, 0x4B, 0x4B, 0x4B, 0x4B, 0x4B, 0x4B, 0x4B, 0x4B, 0x4B, 0x4B, 0x4B, 0x4B, 0x4B,
    0x4B, 0x4B, 0x4B, 0x4B, 0x25, 0x25, 0xDF, 0xDF, 0xDF, 0xDF, 0xDF, 0xDF, 0xDF, 0xDF, 0xDF, 0xDF,
    0xDF, 0xDF, 0xDF, 0xDF, 0xDF, 0xDF, 0xDF, 0xDF, 0xDF, 0xDF, 0xDF, 0xDF, 0xDF, 0xDF, 0xDF, 0x25,
    0x25, 0x4B, 0x4B, 0x4B, 0x4B, 0x4B, 0x4B, 0x4B, 0x4B, 0x4B, 0x4B, 0x4B, 0x4B, 0x4B, 0x4B, 0x4B,
    0x4B, 0x4B, 0x4B, 0x4B, 0x4B, 0x4B, 0x4B, 0x4B, 0x4B, 0x4B, 0x4B, 0x4B, 0x4B, 0x4B, 0x4B, 0x4B,
    0x4B, 0x4B, 0x4B, 0x4B, 0x4B, 0x25, 0xDF, 0xDF, 0xDF, 0xDF, 0xDF, 0xDF, 0xDF, 0xDF, 0xDF, 0xDF,
    0xDF, 0xDF, 0xDF, 0xDF, 0xDF, 0xDF, 0xDF, 0xDF, 0xDF, 0xDF, 0xDF, 0xDF, 0xDF, 0xDF, 0xDF, 0x25,
    0x4B, 0x4B, 0x4B, 0x4B, 0x4B, 0x4B, 0x4B, 0x4B, 0x4B, 0x4B, 0x4B, 0x4B, 0x4B, 0x4B, 0x4B, 0x4B,
    0x4B, 0x4B, 0x4B, 0x4B, 0x4B, 0x4B, 0x4B, 0x4B, 0x4B, 0x4B, 0x4B, 0x4B, 0x4B, 0x4B, 0x4B, 0x4B,
    0x4B, 0x4B, 0x4B, 0x4B, 0x4B, 0x25, 0xDF, 0xDF, 0xDF, 0xDF, 0xDF, 0xDF, 0xDF, 0xDF, 0xDF, 0xDF,
    0xDF, 0xDF, 0xDF, 0xDF, 0xDF, 0xDF, 0xDF, 0xDF, 0xDF, 0xDF, 0xDF, 0xDF, 0xDF, 0xDF, 0xDF, 0x25,
    0x4B, 0x4B, 0x4B, 0x4B, 0x4B, 0x4B, 0x4B, 0x4B, 0x4B, 0x4B, 0x4B, 0x4B, 0x4B, 0x25, 0x25, 0x4B,
    0x4B, 0x4B, 0x4B, 0x4B, 0x4B, 0x4B, 0x4B, 0x4B, 0x4B, 0x4B, 0x4B, 0x4B, 0x4B, 0x4B, 0x4B, 0x4B,
    0x4B, 0x4B, 0x4B, 0x4B, 0x4B, 0x25, 0xDF, 0xDF, 0xDF, 0xDF, 0xDF, 0xDF, 0xDF, 0xDF, 0xDF, 0xDF,
    0xDF, 0xDF, 0xDF, 0xDF, 0xDF, 0xDF, 0xDF, 0xDF, 0xDF, 0xDF, 0xDF, 0xDF, 0xDF, 0xDF, 0xDF, 0x25,
    0x4B, 0x4B, 0x4B, 0x4B, 0x4B, 0x4B, 0x4B, 0x4B, 0x4B, 0x4B, 0x4B, 0x4B, 0x4B, 0x25, 0x25, 0x4B,
    0x4B, 0x4B, 0x4B, 0x4B, 0x4B, 0x4B, 0x4B, 0x4B, 0x4B, 0x4B, 0x4B, 0x4B, 0x4B, 0x4B, 0x4B, 0x4B,
    0x4B, 0x4B, 0x4B, 0x4B, 0x4B, 0x25, 0xDF, 0xDF, 0xDF, 0xDF, 0xDF, 0xDF, 0xDF, 0xDF, 0xDF, 0xDF,
    0xDF, 0xDF, 0xDF, 0xDF, 0xDF, 0xDF, 0xDF, 0xDF, 0xDF, 0xDF, 0xDF, 0xDF, 0xDF, 0x25, 0x25, 0x25,
    0x4B, 0x4B, 0x4B, 0x4B, 0x4B, 0x4B, 0x4B, 0x4B, 0x4B, 0x4B, 0x4B, 0x4B, 0x4B, 0x4B, 0x4B, 0x4B,
    0x4B, 0x4B, 0x4B, 0x4B, 0x4B, 0x4B, 0x4B, 0x25, 0x25, 0x4B, 0x4B, 0x4B, 0x4B, 0x4B, 0x4B, 0x4B,
    0x4B, 0x4B, 0x4B, 0x4B, 0x4B, 0x25, 0x25, 0xDF, 0xDF, 0xDF, 0xDF, 0xDF, 0xDF, 0xDF, 0xDF, 0xDF,
    0xDF, 0xDF, 0xDF, 0xDF, 0xDF, 0xDF, 0xDF, 0xDF, 0xDF, 0xDF, 0xDF, 0xDF, 0x25, 0x25, 0x25, 0x4B,
    0x4B, 0x4B, 0x4B, 0x4B, 0x4B, 0x4B, 0x4B, 0x4B, 0x4B, 0x4B, 0x4B, 0x4B, 0x4B, 0x4B, 0x4B, 0x4B,
    0x4B, 0x4B, 0x4B, 0x4B, 0x4B, 0x4B, 0x4B, 0x25, 0x25, 0x4B, 0x4B, 0x4B, 0x4B, 0x4B, 0x4B, 0x4B,
    0x4B, 0x4B, 0x4B, 0x4B, 0x4B, 0x25, 0x25, 0x25, 0xDF, 0xDF, 0xDF, 0xDF, 0xDF, 0xDF, 0xDF, 0xDF,
    0xDF, 0xDF, 0xDF, 0xDF, 0xDF, 0xDF, 0xDF, 0xDF, 0xDF, 0xDF, 0xDF, 0xDF, 0x25, 0x4B, 0x25, 0x4B,
    0x4B, 0x4B, 0x4B, 0x4B, 0x4B, 0x25, 0x25, 0x25, 0x25, 0x4B, 0x4B, 0x4B, 0x4B, 0x4B, 0x4B, 0x4B,
    0x4B, 0x4B, 0x4B, 0x4B, 0x4B, 0x4B, 0x4B, 0x4B, 0x4B, 0x4B, 0x4B, 0x4B, 0x4B, 0x4B, 0x4B, 0x4B,
    0x4B, 0x4B, 0x4B, 0x4B, 0x4B, 0x25, 0x4B, 0x25, 0xDF, 0xDF, 0xDF, 0xDF, 0xDF, 0xDF, 0xDF, 0xDF,
    0xDF, 0xDF, 0xDF, 0xDF, 0xDF, 0xDF, 0xDF, 0xDF, 0xDF, 0xDF, 0xDF, 0x25, 0x4B, 0x4B, 0x25, 0x4B,
    0x4B, 0x4B, 0x4B, 0x25, 0x25, 0x25, 0x4B, 0x4B, 0x4B, 0x4B, 0x4B, 0x4B, 0x4B, 0x4B, 0x4B, 0x4B,
    0x4B, 0x4B, 0x4B, 0x4B, 0x4B, 0x4B, 0x4B, 0x4B, 0x4B, 0x4B, 0x4B, 0x4B, 0x4B, 0x25, 0x25, 0x4B,
    0x4B, 0x4B, 0x4B, 0x4B, 0x4B, 0x25, 0x4B, 0x25, 0x25, 0xDF, 0xDF, 0xDF, 0xDF, 0xDF, 0xDF, 0xDF,
    0xDF, 0xDF, 0xDF, 0xDF, 0xDF, 0xDF, 0xDF, 0xDF, 0xDF, 0xDF, 0xDF, 0x25, 0x4B, 0x4B, 0x25, 0x4B,
    0x4B, 0x4B, 0x4B, 0x4B, 0x4B, 0x4B, 0x4B, 0x25, 0x25, 0x4B, 0x4B, 0x4B, 0x4B, 0x4B, 0x4B, 0x4B,
    0x4B, 0x25, 0x4B, 0x4B, 0x4B, 0x4B, 0x4B, 0x4B, 0x4B, 0x4B, 0x4B, 0x4B, 0x4B, 0x4B, 0x4B, 0x25,
    0x25, 0x25, 0x4B, 0x4B, 0x4B, 0x25, 0x4B, 0x4B, 0x25, 0xDF, 0xDF, 0xDF, 0xDF, 0xDF, 0xDF, 0xDF,
    0xDF, 0xDF, 0xDF, 0xDF, 0xDF, 0xDF, 0xDF, 0xDF, 0xDF, 0xDF, 0xDF, 0x25, 0x4B, 0x4B, 0x25, 0x4B,
    0x4B, 0x4B, 0x4B, 0x4B, 0x4B, 0x25, 0x25, 0x25, 0x4B, 0x4B, 0x4B, 0x4B, 0x4B, 0x4B, 0x25, 0x25,
    0x25, 0x25, 0x25, 0x4B, 0x4B, 0x4B, 0x4B, 0x4B, 0x4B, 0x4B, 0x4B, 0x4B, 0x25, 0x4B, 0x4B, 0x4B,
    0x4B, 0x4B, 0x4B, 0x4B, 0x4B, 0x25, 0x4B, 0x4B, 0x25, 0xDF, 0xDF, 0xDF, 0xDF, 0xDF, 0xDF, 0xDF,
    0xDF, 0xDF, 0xDF, 0xDF, 0xDF, 0xDF, 0xDF, 0xDF, 0xDF, 0xDF, 0xDF, 0x25, 0x4B, 0x4B, 0x25, 0x4B,
    0x4B, 0x4B, 0x4B, 0x4B, 0x4B, 0x25, 0x4B, 0x4B, 0x4B, 0x4B, 0x4B, 0x4B, 0x4B, 0x25, 0x4B, 0x4B,
    0x4B, 0x4B, 0x4B, 0x25, 0x25, 0x4B, 0x4B, 0x4B, 0x4B, 0x4B, 0x4B, 0x4B, 0x4B, 0x25, 0x4B, 0x4B,
    0x4B, 0x4B, 0x4B, 0x4B, 0x25, 0x25, 0x4B, 0x25, 0xDF, 0xDF, 0xDF, 0xDF, 0xDF, 0xDF, 0xDF, 0xDF,
    0xDF, 0xDF, 0xDF, 0xDF, 0xDF, 0xDF, 0xDF, 0xDF, 0xDF, 0xDF, 0xDF, 0x25, 0x4B, 0x4B, 0x4B, 0x25,
    0x4B, 0x4B, 0x4B, 0x4B, 0x4B, 0x4B, 0x4B, 0x4B, 0x4B, 0x4B, 0x4B, 0x4B, 0x4B, 0x4B, 0x4B, 0x4B,
    0x4B, 0x4B, 0x4B, 0x4B, 0x4B, 0x25, 0x4B, 0x4B, 0x4B, 0x4B, 0x4B, 0x4B, 0x4B, 0x4B, 0x25, 0x25,
    0x4B, 0x4B, 0x4B, 0x4B, 0x25, 0x4B, 0x25, 0x25, 0xDF, 0xDF, 0xDF, 0xDF, 0xDF, 0xDF, 0xDF, 0xDF,
    0xDF, 0xDF, 0xDF, 0xDF, 0xDF, 0xDF, 0xDF, 0xDF, 0xDF, 0xDF, 0xDF, 0xDF, 0x25, 0x4B, 0x4B, 0x25,
    0x4B, 0x4B, 0x4B, 0x4B, 0x4B, 0x4B, 0x4B, 0x4B, 0x4B, 0x4B, 0x4B, 0x4B, 0x4B, 0x4B, 0x4B, 0x4B,
    0x4B, 0x4B, 0x4B, 0x4B, 0x4B, 0x4B, 0x25, 0x4B, 0x4B, 0x4B, 0x4B, 0x4B, 0x4B, 0x4B, 0x4B, 0x25,
    0x25, 0x4B, 0x4B, 0x25, 0x25, 0x25, 0x25, 0xDF, 0xDF, 0xDF, 0xDF, 0xDF, 0xDF, 0xDF, 0xDF, 0xDF,
    0xDF, 0xDF, 0xDF, 0xDF, 0xDF, 0xDF, 0xDF, 0xDF, 0xDF, 0xDF, 0xDF, 0xDF, 0xDF, 0x25, 0x25, 0x25,
    0x25, 0x4B, 0x4B, 0x4B, 0x4B, 0x4B, 0x4B, 0x4B, 0x4B, 0x4B, 0x4B, 0x4B, 0x4B, 0x4B, 0x4B, 0x4B,
    0x4B, 0x4B, 0x4B, 0x4B, 0x4B, 0x4B, 0x25, 0x4B, 0x4B, 0x4B, 0x4B, 0x4B, 0x4B, 0x4B, 0x4B, 0x4B,
    0x4B, 0x4B, 0x4B, 0x25, 0x25, 0xDF, 0xDF, 0xDF, 0xDF, 0xDF, 0xDF, 0xDF, 0xDF, 0xDF, 0xDF, 0xDF,
    0xDF, 0xDF, 0xDF, 0xDF, 0xDF, 0xDF, 0xDF, 0xDF, 0xDF, 0xDF, 0xDF, 0xDF, 0xDF, 0xDF, 0xDF, 0xDF,
    0x25, 0x4B, 0x4B, 0x4B, 0x4B, 0x4B, 0x4B, 0x4B, 0x4B, 0x4B, 0x4B, 0x4B, 0x4B, 0x4B, 0x4B, 0x4B,
    0x4B, 0x4B, 0x4B, 0x4B, 0x4B, 0x4B, 0x4B, 0x4B, 0x4B, 0x4B, 0x4B, 0x4B, 0x4B, 0x4B, 0x4B, 0x4B,
    0x4B, 0x4B, 0x25, 0x25, 0xDF, 0xDF, 0xDF, 0xDF, 0xDF, 0xDF, 0xDF, 0xDF, 0xDF, 0xDF, 0xDF, 0xDF,
    0xDF, 0xDF, 0xDF, 0xDF, 0xDF, 0xDF, 0xDF, 0xDF, 0xDF, 0xDF, 0xDF, 0xDF, 0xDF, 0xDF, 0xDF, 0xDF,
    0xDF, 0x25, 0x4B, 0x4B, 0x4B, 0x4B, 0x4B, 0x4B, 0x4B, 0x4B, 0x4B, 0x4B, 0x4B, 0x4B, 0x4B, 0x4B,
    0x4B, 0x4B, 0x4B, 0x4B, 0x4B, 0x4B, 0x4B, 0x4B, 0x4B, 0x4B, 0x4B, 0x4B, 0x4B, 0x4B, 0x4B, 0x4B,
    0x4B, 0x4B, 0x25, 0xDF, 0xDF, 0xDF, 0xDF, 0xDF, 0xDF, 0xDF, 0xDF, 0xDF, 0xDF, 0xDF, 0xDF, 0xDF,
    0xDF, 0xDF, 0xDF, 0xDF, 0xDF, 0xDF, 0xDF, 0xDF, 0xDF, 0xDF, 0xDF, 0xDF, 0xDF, 0xDF, 0xDF, 0xDF,
    0xDF, 0xDF, 0x25, 0x4B, 0x4B, 0x4B, 0x4B, 0x4B, 0x4B, 0x4B, 0x4B, 0x4B, 0x4B, 0x4B, 0x4B, 0x4B,
    0x4B, 0x4B, 0x4B, 0x4B, 0x4B, 0x4B, 0x4B, 0x4B, 0x4B, 0x4B, 0x4B, 0x4B, 0x4B, 0x4B, 0x4B, 0x4B,
    0x4B, 0x25, 0xDF, 0xDF, 0xDF, 0xDF, 0xDF, 0xDF, 0xDF, 0xDF, 0xDF, 0xDF, 0xDF, 0xDF, 0xDF, 0xDF,
    0xDF, 0xDF, 0xDF, 0xDF, 0xDF, 0xDF, 0xDF, 0xDF, 0xDF, 0xDF, 0xDF, 0xDF, 0xDF, 0xDF, 0xDF, 0xDF,
    0xDF, 0xDF, 0x25, 0x25, 0x4B, 0x4B, 0x4B, 0x4B, 0x4B, 0x4B, 0x4B, 0x4B, 0x4B, 0x4B, 0x4B, 0x4B,
    0x4B, 0x4B, 0x4B, 0x4B, 0x4B, 0x4B, 0x4B, 0x4B, 0x4B, 0x4B, 0x4B, 0x4B, 0x4B, 0x4B, 0x4B, 0x4B,
    0x25, 0x25, 0xDF, 0xDF, 0xDF, 0xDF, 0xDF, 0xDF, 0xDF, 0xDF, 0xDF, 0xDF, 0xDF, 0xDF, 0xDF, 0xDF,
    0xDF, 0xDF, 0xDF, 0xDF, 0xDF, 0xDF, 0xDF, 0xDF, 0xDF, 0xDF, 0xDF, 0xDF, 0xDF, 0xDF, 0xDF, 0xDF,
    0xDF, 0xDF, 0xDF, 0x25, 0x25, 0x4B, 0x4B, 0x4B, 0x4B, 0x4B, 0x4B, 0x4B, 0x4B, 0x4B, 0x4B, 0x4B,
    0x4B, 0x4B, 0x4B, 0x4B, 0x4B, 0x4B, 0x4B, 0x4B, 0x4B, 0x4B, 0x4B, 0x4B, 0x4B, 0x4B, 0x4B, 0x25,
    0xDF, 0xDF, 0xDF, 0xDF, 0xDF, 0xDF, 0xDF, 0xDF, 0xDF, 0xDF, 0xDF, 0xDF, 0xDF, 0xDF, 0xDF, 0xDF,
    0xDF, 0xDF, 0xDF, 0xDF, 0xDF, 0xDF, 0xDF, 0xDF, 0xDF, 0xDF, 0xDF, 0xDF, 0xDF, 0xDF, 0xDF, 0xDF,
    0xDF, 0xDF, 0xDF, 0xDF, 0x25, 0x25, 0x4B, 0x4B, 0x4B, 0x4B, 0x4B, 0x4B, 0x4B, 0x4B, 0x4B, 0x4B,
    0x4B, 0x4B, 0x4B, 0x4B, 0x4B, 0x4B, 0x4B, 0x4B, 0x4B, 0x4B, 0x4B, 0x4B, 0x4B, 0x4B, 0x25, 0x25,
    0xDF, 0xDF, 0xDF, 0xDF, 0xDF, 0xDF, 0xDF, 0xDF, 0xDF, 0xDF, 0xDF, 0xDF, 0xDF, 0xDF, 0xDF, 0xDF,
    0xDF, 0xDF, 0xDF, 0xDF, 0xDF, 0xDF, 0xDF, 0xDF, 0xDF, 0xDF, 0xDF, 0xDF, 0xDF, 0xDF, 0xDF, 0xDF,
    0xDF, 0xDF, 0xDF, 0xDF, 0xDF, 0x25, 0x25, 0x4B, 0x4B, 0x4B, 0x4B, 0x4B, 0x4B, 0x4B, 0x4B, 0x4B,
    0x4B, 0x4B, 0x4B, 0x4B, 0x4B, 0x4B, 0x4B, 0x4B, 0x4B, 0x4B, 0x4B, 0x25, 0x25, 0x25, 0x4B, 0x25,
    0xDF, 0xDF, 0xDF, 0xDF, 0xDF, 0xDF, 0xDF, 0xDF, 0xDF, 0xDF, 0xDF, 0xDF, 0xDF, 0xDF, 0xDF, 0xDF,
    0xDF, 0xDF, 0xDF, 0xDF, 0xDF, 0xDF, 0xDF, 0xDF, 0xDF, 0xDF, 0xDF, 0xDF, 0xDF, 0xDF, 0xDF, 0xDF,
    0xDF, 0xDF, 0xDF, 0xDF, 0xDF, 0x25, 0x25, 0x25, 0x25, 0x4B, 0x4B, 0x4B, 0x4B, 0x4B, 0x4B, 0x4B,
    0x4B, 0x4B, 0x4B, 0x4B, 0x4B, 0x4B, 0x4B, 0x25, 0x25, 0x25, 0x25, 0x4B, 0x4B, 0x4B, 0x4B, 0x25,
    0xDF, 0xDF, 0xDF, 0xDF, 0xDF, 0xDF, 0xDF, 0xDF, 0xDF, 0xDF, 0xDF, 0xDF, 0xDF, 0xDF, 0xDF, 0xDF,
    0xDF, 0xDF, 0xDF, 0xDF, 0xDF, 0xDF, 0xDF, 0xDF, 0xDF, 0xDF, 0xDF, 0xDF, 0xDF, 0xDF, 0xDF, 0xDF,
    0xDF, 0xDF, 0xDF, 0xDF, 0xDF, 0x25, 0x4B, 0x4B, 0x25, 0x25, 0x25, 0x25, 0x25, 0x25, 0x25, 0x25,
    0x25, 0x25, 0x25, 0x25, 0x25, 0x25, 0x25, 0x25, 0x4B, 0x4B, 0x4B, 0x4B, 0x4B, 0x4B, 0x4B, 0x25,
    0xDF, 0xDF, 0xDF, 0xDF, 0xDF, 0xDF, 0xDF, 0xDF, 0xDF, 0xDF, 0xDF, 0xDF, 0xDF, 0xDF, 0xDF, 0xDF,
    0xDF, 0xDF, 0xDF, 0xDF, 0xDF, 0xDF, 0xDF, 0xDF, 0xDF, 0xDF, 0xDF, 0xDF, 0xDF, 0xDF, 0xDF, 0xDF,
    0xDF, 0xDF, 0xDF, 0xDF, 0xDF, 0x25, 0x4B, 0x4B, 0x4B, 0x4B, 0x4B, 0x4B, 0x4B, 0x4B, 0x25, 0xDF,
    0xDF, 0xDF, 0xDF, 0xDF, 0xDF, 0x25, 0x4B, 0x4B, 0x4B, 0x4B, 0x4B, 0x4B, 0x4B, 0x4B, 0x4B, 0x25,
    0xDF, 0xDF, 0xDF, 0xDF, 0xDF, 0xDF, 0xDF, 0xDF, 0xDF, 0xDF, 0xDF, 0xDF, 0xDF, 0xDF, 0xDF, 0xDF,
    0xDF, 0xDF, 0xDF, 0xDF, 0xDF, 0xDF, 0xDF, 0xDF, 0xDF, 0xDF, 0xDF, 0xDF, 0xDF, 0xDF, 0xDF, 0xDF,
    0xDF, 0xDF, 0xDF, 0xDF, 0xDF, 0x25, 0x4B, 0x4B, 0x4B, 0x4B, 0x4B, 0x4B, 0x4B, 0x4B, 0x25, 0xDF,
    0xDF, 0xDF, 0xDF, 0xDF, 0xDF, 0x25, 0x4B, 0x4B, 0x4B, 0x4B, 0x4B, 0x4B, 0x4B, 0x4B, 0x25, 0xDF,
    0xDF, 0xDF, 0xDF, 0xDF, 0xDF, 0xDF, 0xDF, 0xDF, 0xDF, 0xDF, 0xDF, 0xDF, 0xDF, 0xDF, 0xDF, 0xDF,
    0xDF, 0xDF, 0xDF, 0xDF, 0xDF, 0xDF, 0xDF, 0xDF, 0xDF, 0xDF, 0xDF, 0xDF, 0xDF, 0xDF, 0xDF, 0xDF,
    0xDF, 0xDF, 0xDF, 0xDF, 0xDF, 0xDF, 0x25, 0x4B, 0x4B, 0x4B, 0x4B, 0x4B, 0x4B, 0x25, 0xDF, 0xDF,
    0xDF, 0xDF, 0xDF, 0xDF, 0xDF, 0x25, 0x25, 0x4B, 0x4B, 0x4B, 0x4B, 0x4B, 0x4B, 0x25, 0x25, 0xDF,
    0xDF, 0xDF, 0xDF, 0xDF, 0xDF, 0xDF, 0xDF, 0xDF, 0xDF, 0xDF, 0xDF, 0xDF, 0xDF, 0xDF, 0xDF, 0xDF,
    0xDF, 0xDF, 0xDF, 0xDF, 0xDF, 0xDF, 0xDF, 0xDF, 0xDF, 0xDF, 0xDF, 0xDF, 0xDF, 0xDF, 0xDF, 0xDF,
    0xDF, 0xDF, 0xDF, 0xDF, 0xDF, 0xDF, 0x25, 0x4B, 0x4B, 0x4B, 0x4B, 0x4B, 0x25, 0x25, 0xDF, 0xDF,
    0xDF, 0xDF, 0xDF, 0xDF, 0xDF, 0xDF, 0x25, 0x25, 0x4B, 0x4B, 0x4B, 0x4B, 0x4B, 0x25, 0xDF, 0xDF,
    0xDF, 0xDF, 0xDF, 0xDF, 0xDF, 0xDF, 0xDF, 0xDF, 0xDF, 0xDF, 0xDF, 0xDF, 0xDF, 0xDF, 0xDF, 0xDF,
    0xDF, 0xDF, 0xDF, 0xDF, 0xDF, 0xDF, 0xDF, 0xDF, 0xDF, 0xDF, 0xDF, 0xDF, 0xDF, 0xDF, 0xDF, 0xDF,
    0xDF, 0xDF, 0xDF, 0xDF, 0xDF, 0xDF, 0xDF, 0x25, 0x4B, 0x4B, 0x4B, 0x25, 0x25, 0xDF, 0xDF, 0xDF,
    0xDF, 0xDF, 0xDF, 0xDF, 0xDF, 0xDF, 0xDF, 0x25, 0x25, 0x4B, 0x4B, 0x4B, 0x25, 0xDF, 0xDF, 0xDF,
    0xDF, 0xDF, 0xDF, 0xDF, 0xDF, 0xDF, 0xDF, 0xDF, 0xDF, 0xDF, 0xDF, 0xDF, 0xDF, 0xDF, 0xDF, 0xDF,
    0xDF, 0xDF, 0xDF, 0xDF, 0xDF, 0xDF, 0xDF, 0xDF, 0xDF, 0xDF, 0xDF, 0xDF, 0xDF, 0xDF, 0xDF, 0xDF,
    0xDF, 0xDF, 0xDF, 0xDF, 0xDF, 0xDF, 0xDF, 0xDF, 0x25, 0x25, 0x25, 0xDF, 0xDF, 0xDF, 0xDF, 0xDF,
    0xDF, 0xDF, 0xDF, 0xDF, 0xDF, 0xDF, 0xDF, 0xDF, 0xDF, 0x25, 0x25, 0x25, 0xDF, 0xDF, 0xDF, 0xDF,
    0xDF, 0xDF, 0xDF, 0xDF, 0xDF, 0xDF, 0xDF, 0xDF, 0xDF, 0xDF, 0xDF, 0xDF, 0xDF, 0xDF, 0xDF, 0xDF,
    0xDF, 0xDF, 0xDF, 0xDF, 0xDF, 0xDF, 0xDF, 0xDF, 0xDF, 0xDF, 0xDF, 0xDF, 0xDF, 0xDF, 0xDF, 0xDF,
    0xDF, 0xDF, 0xDF, 0xDF, 0xDF, 0xDF, 0xDF, 0xDF, 0xDF, 0xDF, 0xDF, 0xDF, 0xDF, 0xDF, 0xDF, 0xDF,
    0xDF, 0xDF, 0xDF, 0xDF, 0xDF, 0xDF, 0xDF, 0xDF, 0xDF, 0xDF, 0xDF, 0xDF, 0xDF, 0xDF, 0xDF, 0xDF,
    0xDF, 0xDF, 0xDF, 0xDF, 0xDF, 0xDF, 0xDF, 0xDF, 0xDF, 0xDF, 0xDF, 0xDF, 0xDF, 0xDF, 0xDF, 0xDF,
    0xDF, 0xDF, 0xDF, 0xDF, 0xDF, 0xDF, 0xDF, 0xDF, 0xDF, 0xDF, 0xDF, 0xDF, 0xDF, 0xDF, 0xDF, 0xDF,
    0xDF, 0xDF, 0xDF, 0xDF, 0xDF, 0xDF, 0xDF, 0xDF, 0xDF, 0xDF, 0xDF, 0xDF, 0xDF, 0xDF, 0xDF, 0xDF,
    0xDF, 0xDF, 0xDF, 0xDF, 0xDF, 0xDF, 0xDF, 0xDF, 0xDF, 0xDF, 0xDF, 0xDF, 0xDF, 0xDF, 0xDF, 0xDF,
    0xDF, 0xDF, 0xDF, 0xDF, 0xDF, 0xDF, 0xDF, 0xDF, 0xDF, 0xDF, 0xDF, 0xDF, 0xDF, 0xDF, 0xDF, 0xDF,
    0xDF, 0xDF, 0xDF, 0xDF, 0xDF, 0xDF, 0xDF, 0xDF, 0xDF, 0xDF, 0xDF, 0xDF, 0xDF, 0xDF, 0xDF, 0xDF,
    0xDF, 0xDF, 0xDF, 0xDF, 0xDF, 0xDF, 0xDF, 0xDF, 0xDF, 0xDF, 0xDF, 0xDF, 0xDF, 0xDF, 0xDF, 0xDF,
    0xDF, 0xDF, 0xDF, 0xDF, 0xDF, 0xDF, 0xDF, 0xDF, 0xDF, 0xDF, 0xDF, 0xDF, 0xDF, 0xDF, 0xDF, 0xDF,
    0xDF, 0xDF, 0xDF, 0xDF, 0xDF, 0xDF, 0xDF, 0xDF, 0xDF, 0xDF, 0xDF, 0xDF, 0xDF, 0xDF, 0xDF, 0xDF,
    0xDF, 0xDF, 0xDF, 0xDF, 0xDF, 0xDF, 0xDF, 0xDF, 0xDF, 0xDF, 0xDF, 0xDF, 0xDF, 0xDF, 0xDF, 0xDF,
    0xDF, 0xDF, 0xDF, 0xDF, 0xDF, 0xDF, 0xDF, 0xDF, 0xDF, 0xDF, 0xDF, 0xDF, 0xDF, 0xDF, 0xDF, 0xDF,
    0xDF, 0xDF, 0xDF, 0xDF, 0xDF, 0xDF, 0xDF, 0xDF, 0xDF, 0xDF, 0xDF, 0xDF, 0xDF, 0xDF, 0xDF, 0xDF,
    0xDF, 0xDF, 0xDF, 0xDF, 0xDF, 0xDF, 0xDF, 0xDF, 0xDF, 0xDF, 0xDF, 0xDF, 0xDF, 0xDF, 0xDF, 0xDF,
    0xDF, 0xDF, 0xDF, 0xDF, 0xDF, 0xDF, 0xDF, 0xDF, 0xDF, 0xDF, 0xDF, 0xDF, 0xDF, 0xDF, 0xDF, 0xDF,
    0xDF, 0xDF, 0xDF, 0xDF, 0xDF, 0xDF, 0xDF, 0xDF, 0xDF, 0xDF, 0xDF, 0xDF, 0xDF, 0xDF, 0xDF, 0xDF,
    0xDF, 0xDF, 0xDF, 0xDF, 0xDF, 0xDF, 0xDF, 0xDF, 0xDF, 0xDF, 0xDF, 0xDF, 0xDF, 0xDF, 0xDF, 0xDF,
    0xDF, 0xDF, 0xDF, 0xDF, 0xDF, 0xDF, 0xDF, 0xDF, 0xDF, 0xDF, 0xDF, 0xDF, 0xDF, 0xDF, 0xDF, 0xDF,
    0xDF, 0xDF, 0xDF, 0xDF, 0xDF, 0xDF, 0xDF, 0xDF, 0xDF, 0xDF, 0xDF, 0xDF, 0xDF, 0xDF, 0xDF, 0xDF,
    0xDF, 0xDF, 0xDF, 0xDF, 0xDF, 0xDF, 0xDF, 0xDF, 0xDF, 0xDF, 0xDF, 0xDF, 0xDF, 0xDF, 0xDF, 0xDF,
    0xDF, 0xDF, 0xDF, 0xDF, 0xDF, 0xDF, 0xDF, 0xDF, 0xDF, 0xDF, 0xDF, 0xDF, 0xDF, 0xDF, 0xDF, 0xDF,
    0xDF, 0xDF, 0xDF, 0xDF, 0xDF, 0xDF, 0xDF, 0xDF, 0xDF, 0xDF, 0xDF, 0xDF, 0xDF, 0xDF, 0xDF, 0xDF,
};

const uint8_t kSadSpriteFrame1[] PROGMEM = {
    0xDF, 0xDF, 0xDF, 0xDF, 0xDF, 0xDF, 0xDF, 0xDF, 0xDF, 0xDF, 0xDF, 0xDF, 0xDF, 0xDF, 0xDF, 0xDF,
    0xDF, 0xDF, 0xDF, 0xDF, 0xDF, 0xDF, 0xDF, 0xDF, 0xDF, 0xDF, 0xDF, 0xDF, 0xDF, 0xDF, 0xDF, 0xDF,
    0xDF, 0xDF, 0xDF, 0xDF, 0xDF, 0xDF, 0xDF, 0xDF, 0xDF, 0xDF, 0xDF, 0xDF, 0xDF, 0xDF, 0xDF, 0xDF,
    0xDF, 0xDF, 0xDF, 0xDF, 0xDF, 0xDF, 0xDF, 0xDF, 0xDF, 0xDF, 0xDF, 0xDF, 0xDF, 0xDF, 0xDF, 0xDF,
    0xDF, 0xDF, 0xDF, 0xDF, 0xDF, 0xDF, 0xDF, 0xDF, 0xDF, 0xDF, 0xDF, 0xDF, 0xDF, 0xDF, 0xDF, 0xDF,
    0xDF, 0xDF, 0xDF, 0xDF, 0xDF, 0xDF, 0xDF, 0xDF, 0xDF, 0xDF, 0xDF, 0xDF, 0xDF, 0xDF, 0xDF, 0xDF,
    0xDF, 0xDF, 0xDF, 0xDF, 0xDF, 0xDF, 0xDF, 0xDF, 0xDF, 0xDF, 0xDF, 0xDF, 0xDF, 0xDF, 0xDF, 0xDF,
    0xDF, 0xDF, 0xDF, 0xDF, 0xDF, 0xDF, 0xDF, 0xDF, 0xDF, 0xDF, 0xDF, 0xDF, 0xDF, 0xDF, 0xDF, 0xDF,
    0xDF, 0xDF, 0xDF, 0xDF, 0xDF, 0xDF, 0xDF, 0xDF, 0xDF, 0xDF, 0xDF, 0xDF, 0xDF, 0xDF, 0xDF, 0xDF,
    0xDF, 0xDF, 0xDF, 0xDF, 0xDF, 0xDF, 0xDF, 0xDF, 0xDF, 0xDF, 0xDF, 0xDF, 0xDF, 0xDF, 0xDF, 0xDF,
    0xDF, 0xDF, 0xDF, 0xDF, 0xDF, 0xDF, 0xDF, 0xDF, 0xDF, 0xDF, 0xDF, 0xDF, 0xDF, 0xDF, 0xDF, 0xDF,
    0xDF, 0xDF, 0xDF, 0xDF, 0xDF, 0xDF, 0xDF, 0xDF, 0xDF, 0xDF, 0xDF, 0xDF, 0xDF, 0xDF, 0xDF, 0xDF,
    0xDF, 0xDF, 0xDF, 0xDF, 0xDF, 0xDF, 0xDF, 0xDF, 0xDF, 0xDF, 0xDF, 0xDF, 0xDF, 0xDF, 0xDF, 0xDF,
    0xDF, 0xDF, 0xDF, 0xDF, 0xDF, 0xDF, 0xDF, 0xDF, 0xDF, 0xDF, 0xDF, 0xDF, 0xDF, 0xDF, 0xDF, 0xDF,
    0xDF, 0xDF, 0xDF, 0xDF, 0xDF, 0xDF, 0xDF, 0xDF, 0xDF, 0xDF, 0xDF, 0xDF, 0xDF, 0xDF, 0xDF, 0xDF,
    0xDF, 0xDF, 0xDF, 0xDF, 0xDF, 0xDF, 0xDF, 0xDF, 0xDF, 0xDF, 0xDF, 0xDF, 0xDF, 0xDF, 0xDF, 0xDF,
    0xDF, 0xDF, 0xDF, 0xDF, 0xDF, 0xDF, 0xDF, 0xDF, 0xDF, 0xDF, 0xDF, 0xDF, 0xDF, 0xDF, 0xDF, 0xDF,
    0xDF, 0xDF, 0xDF, 0xDF, 0xDF, 0xDF, 0xDF, 0xDF, 0xDF, 0xDF, 0xDF, 0xDF, 0xDF, 0xDF, 0xDF, 0xDF,
    0xDF, 0xDF, 0xDF, 0xDF, 0xDF, 0xDF, 0xDF, 0xDF, 0xDF, 0xDF, 0xDF, 0xDF, 0xDF, 0xDF, 0xDF, 0xDF,
    0xDF, 0xDF, 0xDF, 0xDF, 0xDF, 0xDF, 0xDF, 0xDF, 0xDF, 0xDF, 0xDF, 0xDF, 0xDF, 0xDF, 0xDF, 0xDF,
    0xDF, 0xDF, 0xDF, 0xDF, 0xDF, 0xDF, 0xDF, 0xDF, 0xDF, 0xDF, 0xDF, 0xDF, 0xDF, 0xDF, 0xDF, 0xDF,
    0xDF, 0xDF, 0xDF, 0xDF, 0xDF, 0xDF, 0xDF, 0xDF, 0xDF, 0xDF, 0xDF, 0xDF, 0xDF, 0xDF, 0xDF, 0xDF,
    0xDF, 0xDF, 0xDF, 0xDF, 0xDF, 0xDF, 0xDF, 0xDF, 0xDF, 0xDF, 0xDF, 0xDF, 0xDF, 0xDF, 0xDF, 0xDF,
    0xDF, 0xDF, 0xDF, 0xDF, 0xDF, 0xDF, 0xDF, 0xDF, 0xDF, 0xDF, 0xDF, 0xDF, 0xDF, 0xDF, 0xDF, 0xDF,
    0xDF, 0xDF, 0xDF, 0xDF, 0xDF, 0xDF, 0xDF, 0xDF, 0xDF, 0xDF, 0xDF, 0xDF, 0xDF, 0xDF, 0xDF, 0xDF,
    0xDF, 0xDF, 0xDF, 0xDF, 0xDF, 0xDF, 0xDF, 0xDF, 0xDF, 0xDF, 0xDF, 0xDF, 0xDF, 0xDF, 0xDF, 0xDF,
    0xDF, 0xDF, 0xDF, 0xDF, 0xDF, 0xDF, 0xDF, 0xDF, 0xDF, 0xDF, 0xDF, 0xDF, 0xDF, 0xDF, 0xDF, 0xDF,
    0xDF, 0xDF, 0xDF, 0xDF, 0xDF, 0xDF, 0xDF, 0xDF, 0xDF, 0xDF, 0xDF, 0xDF, 0xDF, 0xDF, 0xDF, 0xDF,
    0xDF, 0xDF, 0xDF, 0xDF, 0xDF, 0xDF, 0xDF, 0xDF, 0xDF, 0xDF, 0xDF, 0xDF, 0xDF, 0xDF, 0xDF, 0xDF,
    0xDF, 0xDF, 0xDF, 0xDF, 0xDF, 0xDF, 0xDF, 0xDF, 0xDF, 0xDF, 0xDF, 0xDF, 0xDF, 0xDF, 0xDF, 0xDF,
    0xDF, 0xDF, 0xDF, 0xDF, 0xDF, 0xDF, 0xDF, 0xDF, 0xDF, 0xDF, 0xDF, 0xDF, 0xDF, 0xDF, 0xDF, 0xDF,
    0xDF, 0xDF, 0xDF, 0xDF, 0xDF, 0xDF, 0xDF, 0xDF, 0xDF, 0xDF, 0xDF, 0xDF, 0xDF, 0xDF, 0xDF, 0xDF,
    0xDF, 0xDF, 0xDF, 0xDF, 0xDF, 0xDF, 0xDF, 0xDF, 0xDF, 0xDF, 0xDF, 0xDF, 0xDF, 0xDF, 0xDF, 0xDF,
    0xDF, 0xDF, 0xDF, 0xDF, 0xDF, 0xDF, 0xDF, 0xDF, 0xDF, 0xDF, 0xDF, 0xDF, 0xDF, 0xDF, 0xDF, 0xDF,
    0xDF, 0xDF, 0xDF, 0xDF, 0xDF, 0xDF, 0xDF, 0xDF, 0xDF, 0xDF, 0xDF, 0xDF, 0xDF, 0xDF, 0xDF, 0xDF,
    0xDF, 0xDF, 0xDF, 0xDF, 0xDF, 0xDF, 0xDF, 0xDF, 0xDF, 0xDF, 0xDF, 0xDF, 0xDF, 0xDF, 0xDF, 0xDF,
    0xDF, 0xDF, 0xDF, 0xDF, 0xDF, 0xDF, 0xDF, 0xDF, 0xDF, 0xDF, 0xDF, 0xDF, 0xDF, 0xDF, 0xDF, 0xDF,
    0xDF, 0xDF, 0xDF, 0xDF, 0xDF, 0xDF, 0xDF, 0xDF, 0xDF, 0xDF, 0xDF, 0xDF, 0xDF, 0xDF, 0xDF, 0xDF,
    0xDF, 0xDF, 0xDF, 0xDF, 0xDF, 0xDF, 0xDF, 0xDF, 0xDF, 0xDF, 0xDF, 0xDF, 0xDF, 0xDF, 0xDF, 0xDF,
    0xDF, 0xDF, 0xDF, 0xDF, 0xDF, 0xDF, 0xDF, 0xDF, 0xDF, 0xDF, 0xDF, 0xDF, 0xDF, 0xDF, 0xDF, 0xDF,
    0xDF, 0xDF, 0xDF, 0xDF, 0xDF, 0xDF, 0xDF, 0xDF, 0xDF, 0xDF, 0xDF, 0xDF, 0xDF, 0xDF, 0xDF, 0xDF,
    0xDF, 0xDF, 0xDF, 0xDF, 0xDF, 0xDF, 0xDF, 0xDF, 0xDF, 0xDF, 0xDF, 0xDF, 0xDF, 0xDF, 0xDF, 0xDF,
    0xDF, 0xDF, 0xDF, 0xDF, 0xDF, 0xDF, 0xDF, 0xDF, 0xDF, 0xDF, 0xDF, 0xDF, 0xDF, 0xDF, 0xDF, 0xDF,
    0xDF, 0xDF, 0xDF, 0xDF, 0xDF, 0xDF, 0xDF, 0xDF, 0xDF, 0xDF, 0xDF, 0xDF, 0xDF, 0xDF, 0xDF, 0xDF,
    0xDF, 0xDF, 0xDF, 0xDF, 0xDF, 0xDF, 0xDF, 0xDF, 0xDF, 0xDF, 0xDF, 0xDF, 0xDF, 0xDF, 0xDF, 0xDF,
    0xDF, 0xDF, 0xDF, 0xDF, 0xDF, 0xDF, 0xDF, 0xDF, 0xDF, 0xDF, 0xDF, 0xDF, 0xDF, 0xDF, 0xDF, 0xDF,
    0xDF, 0xDF, 0xDF, 0xDF, 0xDF, 0xDF, 0xDF, 0xDF, 0xDF, 0xDF, 0xDF, 0xDF, 0xDF, 0xDF, 0xDF, 0xDF,
    0xDF, 0xDF, 0xDF, 0xDF, 0xDF, 0xDF, 0xDF, 0xDF, 0xDF, 0xDF, 0xDF, 0xDF, 0xDF, 0xDF, 0xDF, 0xDF,
    0xDF, 0xDF, 0xDF, 0xDF, 0xDF, 0xDF, 0xDF, 0xDF, 0xDF, 0xDF, 0xDF, 0xDF, 0xDF, 0xDF, 0xDF, 0xDF,
    0xDF, 0xDF, 0xDF, 0xDF, 0xDF, 0xDF, 0xDF, 0xDF, 0xDF, 0xDF, 0xDF, 0xDF, 0xDF, 0xDF, 0xDF, 0xDF,
    0x25, 0x25, 0x25, 0x25, 0xDF, 0xDF, 0xDF, 0xDF, 0xDF, 0xDF, 0xDF, 0xDF, 0xDF, 0xDF, 0xDF, 0xDF,
    0xDF, 0xDF, 0xDF, 0xDF, 0xDF, 0xDF, 0xDF, 0xDF, 0xDF, 0xDF, 0xDF, 0xDF, 0xDF, 0xDF, 0xDF, 0xDF,
    0xDF, 0xDF, 0xDF, 0xDF, 0xDF, 0xDF, 0xDF, 0xDF, 0xDF, 0xDF, 0xDF, 0xDF, 0xDF, 0xDF, 0xDF, 0xDF,
    0xDF, 0xDF, 0xDF, 0xDF, 0xDF, 0xDF, 0xDF, 0xDF, 0xDF, 0xDF, 0xDF, 0xDF, 0xDF, 0xDF, 0xDF, 0x25,
    0x25, 0x51, 0x51, 0x51, 0x25, 0xDF, 0xDF, 0xDF, 0xDF, 0xDF, 0xDF, 0xDF, 0xDF, 0xDF, 0xDF, 0xDF,
    0xDF, 0xDF, 0xDF, 0xDF, 0xDF, 0xDF, 0xDF, 0xDF, 0xDF, 0xDF, 0xDF, 0xDF, 0xDF, 0xDF, 0xDF, 0xDF,
    0xDF, 0xDF, 0xDF, 0xDF, 0xDF, 0xDF, 0xDF, 0xDF, 0xDF, 0xDF, 0xDF, 0xDF, 0xDF, 0xDF, 0xDF, 0xDF,
    0xDF, 0xDF, 0xDF, 0xDF, 0xDF, 0xDF, 0xDF, 0xDF, 0xDF, 0x25, 0x25, 0x25, 0xDF, 0xDF, 0x25, 0x25,
    0x51, 0x51, 0x51, 0x51, 0x25, 0xDF, 0xDF, 0xDF, 0xDF, 0xDF, 0xDF, 0xDF, 0xDF, 0xDF, 0xDF, 0xDF,
    0xDF, 0xDF, 0xDF, 0xDF, 0xDF, 0xDF, 0xDF, 0xDF, 0xDF, 0xDF, 0xDF, 0xDF, 0xDF, 0xDF, 0xDF, 0xDF,
    0xDF, 0xDF, 0xDF, 0xDF, 0xDF, 0xDF, 0xDF, 0xDF, 0xDF, 0xDF, 0xDF, 0xDF, 0xDF, 0xDF, 0xDF, 0xDF,
    0xDF, 0xDF, 0xDF, 0xDF, 0xDF, 0xDF, 0xDF, 0xDF, 0x25, 0x51, 0x51, 0x25, 0x25, 0x25, 0x25, 0x25,
    0x51, 0x51, 0x51, 0x51, 0x25, 0xDF, 0xDF, 0x25, 0x25, 0x25, 0xDF, 0xDF, 0xDF, 0xDF, 0xDF, 0xDF,
    0xDF, 0xDF, 0xDF, 0xDF, 0xDF, 0xDF, 0xDF, 0xDF, 0xDF, 0xDF, 0xDF, 0xDF, 0xDF, 0xDF, 0xDF, 0xDF,
    0xDF, 0xDF, 0xDF, 0xDF, 0xDF, 0xDF, 0xDF, 0xDF, 0xDF, 0xDF, 0xDF, 0xDF, 0xDF, 0xDF, 0xDF, 0xDF,
    0xDF, 0xDF, 0xDF, 0xDF, 0xDF, 0xDF, 0xDF, 0xDF, 0x25, 0x51, 0x51, 0x51, 0x51, 0x25, 0x4B, 0x4B,
    0x25, 0x51, 0x51, 0x51, 0x25, 0x25, 0x25, 0x25, 0x25, 0x25, 0x25, 0xDF, 0xDF, 0xDF, 0xDF, 0xDF,
    0xDF, 0xDF, 0xDF, 0xDF, 0xDF, 0xDF, 0xDF, 0xDF, 0xDF, 0xDF, 0xDF, 0xDF, 0xDF, 0xDF, 0xDF, 0xDF,
    0xDF, 0xDF, 0xDF, 0xDF, 0xDF, 0xDF, 0xDF, 0xDF, 0xDF, 0xDF, 0xDF, 0xDF, 0xDF, 0xDF, 0xDF, 0xDF,
    0xDF, 0xDF, 0xDF, 0xDF, 0xDF, 0xDF, 0xDF, 0xDF, 0x25, 0x51, 0x51, 0x25, 0x25, 0x4B, 0x4B, 0x4B,
    0x25, 0x51, 0x51, 0x51, 0x51, 0x51, 0x25, 0x4B, 0x4B, 0x4B, 0x25, 0xDF, 0xDF, 0xDF, 0xDF, 0xDF,
    0xDF, 0xDF, 0xDF, 0xDF, 0xDF, 0xDF, 0xDF, 0xDF, 0xDF, 0xDF, 0xDF, 0xDF, 0xDF, 0xDF, 0xDF, 0xDF,
    0xDF, 0xDF, 0xDF, 0xDF, 0xDF, 0xDF, 0xDF, 0xDF, 0xDF, 0xDF, 0xDF, 0xDF, 0xDF, 0xDF, 0xDF, 0xDF,
    0xDF, 0xDF, 0xDF, 0xDF, 0xDF, 0xDF, 0xDF, 0xDF, 0x25, 0x25, 0x51, 0x25, 0x4B, 0x4B, 0x4B, 0x4B,
    0x25, 0x25, 0x51, 0x51, 0x51, 0x25, 0x4B, 0x4B, 0x4B, 0x4B, 0x25, 0x25, 0xDF, 0xDF, 0xDF, 0xDF,
    0xDF, 0xDF, 0xDF, 0xDF, 0xDF, 0xDF, 0xDF, 0xDF, 0xDF, 0xDF, 0xDF, 0xDF, 0xDF, 0xDF, 0xDF, 0xDF,
    0xDF, 0xDF, 0xDF, 0xDF, 0xDF, 0xDF, 0xDF, 0xDF, 0xDF, 0xDF, 0xDF, 0xDF, 0xDF, 0xDF, 0xDF, 0xDF,
    0xDF, 0xDF, 0xDF, 0xDF, 0xDF, 0xDF, 0xDF, 0xDF, 0x25, 0x25, 0x25, 0x4B, 0x4B, 0x4B, 0x4B, 0x4B,
    0x4B, 0x25, 0x51, 0x51, 0x25, 0x25, 0x4B, 0x4B, 0x4B, 0x4B, 0x4B, 0x25, 0x25, 0x25, 0xDF, 0xDF,
    0xDF, 0xDF, 0xDF, 0xDF, 0xDF, 0xDF, 0xDF, 0xDF, 0xDF, 0xDF, 0xDF, 0xDF, 0xDF, 0xDF, 0xDF, 0xDF,
    0xDF, 0xDF, 0xDF, 0xDF, 0xDF, 0xDF, 0xDF, 0xDF, 0xDF, 0xDF, 0xDF, 0xDF, 0xDF, 0xDF, 0xDF, 0xDF,
    0xDF, 0xDF, 0xDF, 0xDF, 0xDF, 0xDF, 0xDF, 0x25, 0x25, 0x25, 0x25, 0x4B, 0x4B, 0x4B, 0x4B, 0x4B,
    0x4B, 0x25, 0x51, 0x51, 0x25, 0x25, 0x4B, 0x4B, 0x4B, 0x4B, 0x4B, 0x4B, 0x25, 0x4B, 0x25, 0x25,
    0xDF, 0xDF, 0xDF, 0xDF, 0xDF, 0xDF, 0xDF, 0xDF, 0xDF, 0xDF, 0xDF, 0xDF, 0xDF, 0xDF, 0xDF, 0xDF,
    0xDF, 0xDF, 0xDF, 0xDF, 0xDF, 0xDF, 0xDF, 0xDF, 0xDF, 0xDF, 0xDF, 0xDF, 0xDF, 0xDF, 0xDF, 0xDF,
    0xDF, 0xDF, 0xDF, 0xDF, 0xDF, 0x25, 0x25, 0x4B, 0x25, 0x25, 0x4B, 0x4B, 0x4B, 0x4B, 0x4B, 0x4B,
    0x4B, 0x25, 0x25, 0x25, 0x25, 0x4B, 0x4B, 0x4B, 0x4B, 0x4B, 0x4B, 0x4B, 0x25, 0x4B, 0x4B, 0x4B,
    0x25, 0xDF, 0xDF, 0xDF, 0xDF, 0xDF, 0xDF, 0xDF, 0xDF, 0xDF, 0xDF, 0xDF, 0xDF, 0xDF, 0xDF, 0xDF,
    0xDF, 0xDF, 0xDF, 0xDF, 0xDF, 0xDF, 0xDF, 0xDF, 0xDF, 0xDF, 0xDF, 0x8D, 0xDF, 0x8D, 0xDF, 0x8D,
    0xDF, 0xDF, 0xDF, 0xDF, 0x25, 0x25, 0x4B, 0x4B, 0x25, 0x4B, 0x4B, 0x4B, 0x4B, 0x4B, 0x4B, 0x4B,
    0x4B, 0x4B, 0x25, 0x25, 0x4B, 0x4B, 0x4B, 0x4B, 0x4B, 0x4B, 0x4B, 0x4B, 0x25, 0x4B, 0x4B, 0x4B,
    0x25, 0x25, 0xDF, 0xDF, 0xDF, 0xDF, 0xDF, 0xDF, 0xDF, 0xDF, 0xDF, 0xDF, 0xDF, 0xDF, 0xDF, 0xDF,
    0xDF, 0xDF, 0xDF, 0xDF, 0xDF, 0xDF, 0xDF, 0xDF, 0xDF, 0xDF, 0xDF, 0x8D, 0xDF, 0x8D, 0xDF, 0x8D,
    0xDF, 0xDF, 0xDF, 0x25, 0x25, 0x4B, 0x4B, 0x4B, 0x25, 0x4B, 0x4B, 0x4B, 0x4B, 0x4B, 0x4B, 0x4B,
    0x4B, 0x4B, 0x25, 0x25, 0x4B, 0x4B, 0x4B, 0x4B, 0x4B, 0x4B, 0x4B, 0x4B, 0x4B, 0x25, 0x4B, 0x4B,
    0x4B, 0x25, 0xDF, 0xDF, 0xDF, 0xDF, 0xDF, 0xDF, 0xDF, 0xDF, 0xDF, 0xDF, 0xDF, 0xDF, 0xDF, 0xDF,
    0xDF, 0xDF, 0xDF, 0xDF, 0xDF, 0xDF, 0xDF, 0xDF, 0xDF, 0xDF, 0xDF, 0x8D, 0xDF, 0x8D, 0xDF, 0xDF,
    0xDF, 0xDF, 0x25, 0x25, 0x4B, 0x4B, 0x4B, 0x4B, 0x4B, 0x4B, 0x4B, 0x4B, 0x4B, 0x4B, 0x4B, 0x4B,
    0x4B, 0x4B, 0x4B, 0x4B, 0x4B, 0x4B, 0x4B, 0x4B, 0x4B, 0x4B, 0x4B, 0x4B, 0x4B, 0x4B, 0x4B, 0x4B,
    0x4B, 0x4B, 0x25, 0xDF, 0xDF, 0xDF, 0xDF, 0xDF, 0xDF, 0xDF, 0xDF, 0xDF, 0xDF, 0xDF, 0xDF, 0xDF,
    0xDF, 0xDF, 0xDF, 0xDF, 0xDF, 0xDF, 0xDF, 0xDF, 0xDF, 0xDF, 0xDF, 0x8D, 0xDF, 0x8D, 0xDF, 0xDF,
    0xDF, 0x25, 0x25, 0x4B, 0x4B, 0x4B, 0x4B, 0x4B, 0x4B, 0x4B, 0x4B, 0x4B, 0x4B, 0x4B, 0x4B, 0x4B,
    0x4B, 0x4B, 0x4B, 0x4B, 0x4B, 0x4B, 0x4B, 0x4B, 0x4B, 0x4B, 0x4B, 0x4B, 0x4B, 0x4B, 0x4B, 0x4B,
    0x4B, 0x4B, 0x4B, 0x25, 0xDF, 0xDF, 0xDF, 0xDF, 0xDF, 0xDF, 0xDF, 0xDF, 0xDF, 0xDF, 0xDF, 0xDF,
    0xDF, 0xDF, 0xDF, 0xDF, 0xDF, 0xDF, 0xDF, 0xDF, 0xDF, 0xDF, 0xDF, 0x8D, 0xDF, 0xDF, 0xDF, 0xDF,
    0xDF, 0x25, 0x4B, 0x4B, 0x4B, 0x4B, 0x4B, 0x4B, 0x4B, 0x4B, 0x4B, 0x4B, 0x4B, 0x4B, 0x4B, 0x4B,
    0x4B, 0x4B, 0x4B, 0x4B, 0x4B, 0x4B, 0x4B, 0x4B, 0x4B, 0x4B, 0x4B, 0x4B, 0x4B, 0x4B, 0x4B, 0x4B,
    0x4B, 0x4B, 0x4B, 0x4B, 0x25, 0xDF, 0xDF, 0xDF, 0xDF, 0xDF, 0xDF, 0xDF, 0xDF, 0xDF, 0xDF, 0xDF,
    0xDF, 0xDF, 0xDF, 0xDF, 0xDF, 0xDF, 0xDF, 0xDF, 0xDF, 0xDF, 0xDF, 0x8D, 0xDF, 0xDF, 0xDF, 0xDF,
    0xDF, 0x25, 0x4B, 0x4B, 0x4B, 0x4B, 0x4B, 0x4B, 0x4B, 0x4B, 0x4B, 0x4B, 0x4B, 0x4B, 0x4B, 0x4B,
    0x4B, 0x4B, 0x4B, 0x4B, 0x4B, 0x4B, 0x4B, 0x4B, 0x4B, 0x4B, 0x4B, 0x4B, 0x4B, 0x4B, 0x4B, 0x4B,
    0x4B, 0x4B, 0x4B, 0x4B, 0x25, 0xDF, 0xDF, 0xDF, 0xDF, 0xDF, 0xDF, 0xDF, 0xDF, 0xDF, 0xDF, 0xDF,
    0xDF, 0xDF, 0xDF, 0xDF, 0xDF, 0xDF, 0xDF, 0xDF, 0xDF, 0xDF, 0xDF, 0xDF, 0xDF, 0xDF, 0xDF, 0xDF,
    0x25, 0x4B, 0x4B, 0x4B, 0x4B, 0x4B, 0x4B, 0x4B, 0x4B, 0x4B, 0x4B, 0x4B, 0x4B, 0x4B, 0x4B, 0x4B,
    0x4B, 0x4B, 0x4B, 0x4B, 0x4B, 0x4B, 0x4B, 0x4B, 0x4B, 0x4B, 0x4B, 0x4B, 0x4B, 0x4B, 0x4B, 0x4B,
    0x4B, 0x4B, 0x4B, 0x4B, 0x25, 0x25, 0xDF, 0xDF, 0xDF, 0xDF, 0xDF, 0xDF, 0xDF, 0xDF, 0xDF, 0xDF,
    0xDF, 0xDF, 0xDF, 0xDF, 0xDF, 0xDF, 0xDF, 0xDF, 0xDF, 0xDF, 0xDF, 0x8D, 0xDF, 0xDF, 0xDF, 0x25,
    0x25, 0x4B, 0x4B, 0x4B, 0x4B, 0x4B, 0x4B, 0x4B, 0x4B, 0x4B, 0x4B, 0x4B, 0x4B, 0x4B, 0x4B, 0x4B,
    0x4B, 0x4B, 0x4B, 0x4B, 0x4B, 0x4B, 0x4B, 0x4B, 0x4B, 0x4B, 0x4B, 0x4B, 0x4B, 0x4B, 0x4B, 0x4B,
    0x4B, 0x4B, 0x4B, 0x4B, 0x4B, 0x25, 0xDF, 0xDF, 0xDF, 0xDF, 0xDF, 0xDF, 0xDF, 0xDF, 0xDF, 0xDF,
    0xDF, 0xDF, 0xDF, 0xDF, 0xDF, 0xDF, 0xDF, 0xDF, 0xDF, 0xDF, 0xDF, 0xDF, 0xDF, 0xDF, 0xDF, 0x25,
    0x4B, 0x4B, 0x4B, 0x4B, 0x4B, 0x4B, 0x4B, 0x4B, 0x4B, 0x4B, 0x4B, 0x4B, 0x4B, 0x4B, 0x4B, 0x4B,
    0x4B, 0x4B, 0x4B, 0x4B, 0x4B, 0x4B, 0x4B, 0x4B, 0x4B, 0x4B, 0x4B, 0x4B, 0x4B, 0x4B, 0x4B, 0x4B,
    0x4B, 0x4B, 0x4B, 0x4B, 0x4B, 0x25, 0xDF, 0xDF, 0xDF, 0xDF, 0xDF, 0xDF, 0xDF, 0xDF, 0xDF, 0xDF,
    0xDF, 0xDF, 0xDF, 0xDF, 0xDF, 0xDF, 0xDF, 0xDF, 0xDF, 0xDF, 0xDF, 0xDF, 0xDF, 0xDF, 0xDF, 0x25,
    0x4B, 0x4B, 0x4B, 0x4B, 0x4B, 0x4B, 0x4B, 0x4B, 0x4B, 0x4B, 0x4B, 0x4B, 0x4B, 0x4B, 0x4B, 0x4B,
    0x4B, 0x4B, 0x4B, 0x4B, 0x4B, 0x4B, 0x4B, 0x4B, 0x4B, 0x4B, 0x4B, 0x4B, 0x4B, 0x4B, 0x4B, 0x4B,
    0x4B, 0x4B, 0x4B, 0x4B, 0x4B, 0x25, 0xDF, 0xDF, 0xDF, 0xDF, 0xDF, 0xDF, 0xDF, 0xDF, 0xDF, 0xDF,
    0xDF, 0xDF, 0xDF, 0xDF, 0xDF, 0xDF, 0xDF, 0xDF, 0xDF, 0xDF, 0xDF, 0xDF, 0xDF, 0xDF, 0xDF, 0x25,
    0x4B, 0x4B, 0x4B, 0x4B, 0x4B, 0x4B, 0x4B, 0x4B, 0x4B, 0x4B, 0x4B, 0x4B, 0x4B, 0x25, 0x25, 0x4B,
    0x4B, 0x4B, 0x4B, 0x4B, 0x4B, 0x4B, 0x4B, 0x4B, 0x4B, 0x4B, 0x4B, 0x4B, 0x4B, 0x4B, 0x4B, 0x4B,
    0x4B, 0x4B, 0x4B, 0x4B, 0x4B, 0x25, 0xDF, 0xDF, 0xDF, 0xDF, 0xDF, 0xDF, 0xDF, 0xDF, 0xDF, 0xDF,
    0xDF, 0xDF, 0xDF, 0xDF, 0xDF, 0xDF, 0xDF, 0xDF, 0xDF, 0xDF, 0xDF, 0xDF, 0xDF, 0x25, 0x25, 0x25,
    0x4B, 0x4B, 0x4B, 0x4B, 0x4B, 0x4B, 0x4B, 0x4B, 0x4B, 0x4B, 0x4B, 0x4B, 0x4B, 0x4B, 0x4B, 0x4B,
    0x4B, 0x4B, 0x4B, 0x4B, 0x4B, 0x4B, 0x4B, 0x4B, 0x4B, 0x4B, 0x4B, 0x4B, 0x4B, 0x4B, 0x4B, 0x4B,
    0x4B, 0x4B, 0x4B, 0x4B, 0x4B, 0x25, 0x25, 0xDF, 0xDF, 0xDF, 0xDF, 0xDF, 0xDF, 0xDF, 0xDF, 0xDF,
    0xDF, 0xDF, 0xDF, 0xDF, 0xDF, 0xDF, 0xDF, 0xDF, 0xDF, 0xDF, 0xDF, 0xDF, 0x25, 0x25, 0x25, 0x4B,
    0x4B, 0x4B, 0x4B, 0x4B, 0x4B, 0x4B, 0x4B, 0x4B, 0x4B, 0x4B, 0x4B, 0x4B, 0x4B, 0x4B, 0x4B, 0x4B,
    0x4B, 0x4B, 0x4B, 0x4B, 0x4B, 0x4B, 0x4B, 0x25, 0x25, 0x4B, 0x4B, 0x4B, 0x4B, 0x4B, 0x4B, 0x4B,
    0x4B, 0x4B, 0x4B, 0x4B, 0x4B, 0x25, 0x25, 0x25, 0xDF, 0xDF, 0xDF, 0xDF, 0xDF, 0xDF, 0xDF, 0xDF,
    0xDF, 0xDF, 0xDF, 0xDF, 0xDF, 0xDF, 0xDF, 0xDF, 0xDF, 0xDF, 0xDF, 0xDF, 0x25, 0x4B, 0x25, 0x4B,
    0x4B, 0x4B, 0x4B, 0x4B, 0x4B, 0x4B, 0x25, 0x25, 0x25, 0x4B, 0x4B, 0x4B, 0x4B, 0x4B, 0x4B, 0x4B,
    0x4B, 0x4B, 0x4B, 0x4B, 0x4B, 0x4B, 0x4B, 0x4B, 0x4B, 0x4B, 0x4B, 0x4B, 0x25, 0x4B, 0x4B, 0x4B,
    0x4B, 0x4B, 0x4B, 0x4B, 0x4B, 0x25, 0x4B, 0x25, 0xDF, 0xDF, 0xDF, 0xDF, 0xDF, 0xDF, 0xDF, 0xDF,
    0xDF, 0xDF, 0xDF, 0xDF, 0xDF, 0xDF, 0xDF, 0xDF, 0xDF, 0xDF, 0xDF, 0x25, 0x4B, 0x4B, 0x25, 0x4B,
    0x4B, 0x4B, 0x4B, 0x4B, 0x25, 0x25, 0x25, 0x4B, 0x4B, 0x4B, 0x4B, 0x4B, 0x4B, 0x4B, 0x4B, 0x4B,
    0x4B, 0x4B, 0x4B, 0x4B, 0x4B, 0x4B, 0x4B, 0x4B, 0x4B, 0x4B, 0x4B, 0x4B, 0x25, 0x25, 0x25, 0x4B,
    0x4B, 0x4B, 0x4B, 0x4B, 0x4B, 0x25, 0x4B, 0x25, 0x25, 0xDF, 0xDF, 0xDF, 0xDF, 0xDF, 0xDF, 0xDF,
    0xDF, 0xDF, 0xDF, 0xDF, 0xDF, 0xDF, 0xDF, 0xDF, 0xDF, 0xDF, 0xDF, 0x25, 0x4B, 0x4B, 0x25, 0x4B,
    0x4B, 0x4B, 0x4B, 0x25, 0x25, 0x4B, 0x4B, 0x4B, 0x4B, 0x4B, 0x4B, 0x4B, 0x4B, 0x4B, 0x4B, 0x4B,
    0x4B, 0x25, 0x4B, 0x4B, 0x4B, 0x4B, 0x4B, 0x4B, 0x4B, 0x4B, 0x4B, 0x4B, 0x4B, 0x4B, 0x25, 0x25,
    0x25, 0x4B, 0x4B, 0x4B, 0x4B, 0x25, 0x4B, 0x4B, 0x25, 0xDF, 0xDF, 0xDF, 0xDF, 0xDF, 0xDF, 0xDF,
    0xDF, 0xDF, 0xDF, 0xDF, 0xDF, 0xDF, 0xDF, 0xDF, 0xDF, 0xDF, 0xDF, 0x25, 0x4B, 0x4B, 0x25, 0x4B,
    0x4B, 0x4B, 0x4B, 0x4B, 0x4B, 0x4B, 0x4B, 0x25, 0x25, 0x4B, 0x4B, 0x4B, 0x4B, 0x4B, 0x25, 0x25,
    0x25, 0x25, 0x25, 0x4B, 0x4B, 0x4B, 0x4B, 0x4B, 0x4B, 0x4B, 0x4B, 0x4B, 0x25, 0x4B, 0x4B, 0x4B,
    0x25, 0x4B, 0x4B, 0x4B, 0x4B, 0x25, 0x4B, 0x4B, 0x25, 0xDF, 0xDF, 0xDF, 0xDF, 0xDF, 0xDF, 0xDF,
    0xDF, 0xDF, 0xDF, 0xDF, 0xDF, 0xDF, 0xDF, 0xDF, 0xDF, 0xDF, 0xDF, 0x25, 0x4B, 0x4B, 0x25, 0x4B,
    0x4B, 0x4B, 0x4B, 0x4B, 0x4B, 0x25, 0x25, 0x4B, 0x4B, 0x4B, 0x4B, 0x4B, 0x4B, 0x25, 0x4B, 0x4B,
    0x4B, 0x4B, 0x4B, 0x25, 0x25, 0x4B, 0x4B, 0x4B, 0x4B, 0x4B, 0x4B, 0x4B, 0x25, 0x25, 0x4B, 0x4B,
    0x4B, 0x4B, 0x4B, 0x4B, 0x25, 0x25, 0x4B, 0x25, 0xDF, 0xDF, 0xDF, 0xDF, 0xDF, 0xDF, 0xDF, 0xDF,
    0xDF, 0xDF, 0xDF, 0xDF, 0xDF, 0xDF, 0xDF, 0xDF, 0xDF, 0xDF, 0xDF, 0x25, 0x4B, 0x4B, 0x4B, 0x25,
    0x4B, 0x4B, 0x4B, 0x4B, 0x25, 0x25, 0x4B, 0x4B, 0x4B, 0x4B, 0x4B, 0x4B, 0x4B, 0x4B, 0x4B, 0x4B,
    0x4B, 0x4B, 0x4B, 0x4B, 0x4B, 0x25, 0x4B, 0x4B, 0x4B, 0x4B, 0x4B, 0x4B, 0x4B, 0x25, 0x25, 0x4B,
    0x4B, 0x4B, 0x4B, 0x4B, 0x25, 0x4B, 0x25, 0x25, 0xDF, 0xDF, 0xDF, 0xDF, 0xDF, 0xDF, 0xDF, 0xDF,
    0xDF, 0xDF, 0xDF, 0xDF, 0xDF, 0xDF, 0xDF, 0xDF, 0xDF, 0xDF, 0xDF, 0xDF, 0x25, 0x4B, 0x4B, 0x25,
    0x4B, 0x4B, 0x4B, 0x4B, 0x25, 0x4B, 0x4B, 0x4B, 0x4B, 0x4B, 0x4B, 0x4B, 0x4B, 0x4B, 0x4B, 0x4B,
    0x4B, 0x4B, 0x4B, 0x4B, 0x4B, 0x4B, 0x25, 0x4B, 0x4B, 0x4B, 0x4B, 0x4B, 0x4B, 0x4B, 0x25, 0x25,
    0x4B, 0x4B, 0x4B, 0x25, 0x25, 0x25, 0x25, 0xDF, 0xDF, 0xDF, 0xDF, 0xDF, 0xDF, 0xDF, 0xDF, 0xDF,
    0xDF, 0xDF, 0xDF, 0xDF, 0xDF, 0xDF, 0xDF, 0xDF, 0xDF, 0xDF, 0xDF, 0xDF, 0xDF, 0x25, 0x25, 0x25,
    0x25, 0x4B, 0x4B, 0x4B, 0x4B, 0x4B, 0x4B, 0x4B, 0x4B, 0x4B, 0x4B, 0x4B, 0x4B, 0x4B, 0x4B, 0x4B,
    0x4B, 0x4B, 0x4B, 0x4B, 0x4B, 0x4B, 0x25, 0x4B, 0x4B, 0x4B, 0x4B, 0x4B, 0x4B, 0x4B, 0x4B, 0x4B,
    0x4B, 0x4B, 0x4B, 0x25, 0x25, 0xDF, 0xDF, 0xDF, 0xDF, 0xDF, 0xDF, 0xDF, 0xDF, 0xDF, 0xDF, 0xDF,
    0xDF, 0xDF, 0xDF, 0xDF, 0xDF, 0xDF, 0xDF, 0xDF, 0xDF, 0xDF, 0xDF, 0xDF, 0xDF, 0xDF, 0xDF, 0xDF,
    0x25, 0x4B, 0x4B, 0x4B, 0x4B, 0x4B, 0x4B, 0x4B, 0x4B, 0x4B, 0x4B, 0x4B, 0x4B, 0x4B, 0x4B, 0x4B,
    0x4B, 0x4B, 0x4B, 0x4B, 0x4B, 0x4B, 0x4B, 0x4B, 0x4B, 0x4B, 0x4B, 0x4B, 0x4B, 0x4B, 0x4B, 0x4B,
    0x4B, 0x4B, 0x25, 0x25, 0xDF, 0xDF, 0xDF, 0xDF, 0xDF, 0xDF, 0xDF, 0xDF, 0xDF, 0xDF, 0xDF, 0xDF,
    0xDF, 0xDF, 0xDF, 0xDF, 0xDF, 0xDF, 0xDF, 0xDF, 0xDF, 0xDF, 0xDF, 0xDF, 0xDF, 0xDF, 0xDF, 0xDF,
    0xDF, 0x25, 0x4B, 0x4B, 0x4B, 0x4B, 0x4B, 0x4B, 0x4B, 0x4B, 0x4B, 0x4B, 0x4B, 0x4B, 0x4B, 0x4B,
    0x4B, 0x4B, 0x4B, 0x4B, 0x4B, 0x4B, 0x4B, 0x4B, 0x4B, 0x4B, 0x4B, 0x4B, 0x4B, 0x4B, 0x4B, 0x4B,
    0x4B, 0x4B, 0x25, 0xDF, 0xDF, 0xDF, 0xDF, 0xDF, 0xDF, 0xDF, 0xDF, 0xDF, 0xDF, 0xDF, 0xDF, 0xDF,
    0xDF, 0xDF, 0xDF, 0xDF, 0xDF, 0xDF, 0xDF, 0xDF, 0xDF, 0xDF, 0xDF, 0xDF, 0xDF, 0xDF, 0xDF, 0xDF,
    0xDF, 0xDF, 0x25, 0x4B, 0x4B, 0x4B, 0x4B, 0x4B, 0x4B, 0x4B, 0x4B, 0x4B, 0x4B, 0x4B, 0x4B, 0x4B,
    0x4B, 0x4B, 0x4B, 0x4B, 0x4B, 0x4B, 0x4B, 0x4B, 0x4B, 0x4B, 0x4B, 0x4B, 0x4B, 0x4B, 0x4B, 0x4B,
    0x4B, 0x25, 0xDF, 0xDF, 0xDF, 0xDF, 0xDF, 0xDF, 0xDF, 0xDF, 0xDF, 0xDF, 0xDF, 0xDF, 0xDF, 0xDF,
    0xDF, 0xDF, 0xDF, 0xDF, 0xDF, 0xDF, 0xDF, 0xDF, 0xDF, 0xDF, 0xDF, 0xDF, 0xDF, 0xDF, 0xDF, 0xDF,
    0xDF, 0xDF, 0x25, 0x25, 0x4B, 0x4B, 0x4B, 0x4B, 0x4B, 0x4B, 0x4B, 0x4B, 0x4B, 0x4B, 0x4B, 0x4B,
    0x4B, 0x4B, 0x4B, 0x4B, 0x4B, 0x4B, 0x4B, 0x4B, 0x4B, 0x4B, 0x4B, 0x4B, 0x4B, 0x4B, 0x4B, 0x4B,
    0x25, 0x25, 0xDF, 0xDF, 0xDF, 0xDF, 0xDF, 0xDF, 0xDF, 0xDF, 0xDF, 0xDF, 0xDF, 0xDF, 0xDF, 0xDF,
    0xDF, 0xDF, 0xDF, 0xDF, 0xDF, 0xDF, 0xDF, 0xDF, 0xDF, 0xDF, 0xDF, 0xDF, 0xDF, 0xDF, 0xDF, 0xDF,
    0xDF, 0xDF, 0xDF, 0x25, 0x25, 0x4B, 0x4B, 0x4B, 0x4B, 0x4B, 0x4B, 0x4B, 0x4B, 0x4B, 0x4B, 0x4B,
    0x4B, 0x4B, 0x4B, 0x4B, 0x4B, 0x4B, 0x4B, 0x4B, 0x4B, 0x4B, 0x4B, 0x4B, 0x4B, 0x4B, 0x4B, 0x25,
    0xDF, 0xDF, 0xDF, 0xDF, 0xDF, 0xDF, 0xDF, 0xDF, 0xDF, 0xDF, 0xDF, 0xDF, 0xDF, 0xDF, 0xDF, 0xDF,
    0xDF, 0xDF, 0xDF, 0xDF, 0xDF, 0xDF, 0xDF, 0xDF, 0xDF, 0xDF, 0xDF, 0xDF, 0xDF, 0xDF, 0xDF, 0xDF,
    0xDF, 0xDF, 0xDF, 0xDF, 0x25, 0x25, 0x4B, 0x4B, 0x4B, 0x4B, 0x4B, 0x4B, 0x4B, 0x4B, 0x4B, 0x4B,
    0x4B, 0x4B, 0x4B, 0x4B, 0x4B, 0x4B, 0x4B, 0x4B, 0x4B, 0x4B, 0x4B, 0x4B, 0x4B, 0x4B, 0x25, 0x25,
    0xDF, 0xDF, 0xDF, 0xDF, 0xDF, 0xDF, 0xDF, 0xDF, 0xDF, 0xDF, 0xDF, 0xDF, 0xDF, 0xDF, 0xDF, 0xDF,
    0xDF, 0xDF, 0xDF, 0xDF, 0xDF, 0xDF, 0xDF, 0xDF, 0xDF, 0xDF, 0xDF, 0xDF, 0xDF, 0xDF, 0xDF, 0xDF,
    0xDF, 0xDF, 0xDF, 0xDF, 0xDF, 0x25, 0x25, 0x4B, 0x4B, 0x4B, 0x4B, 0x4B, 0x4B, 0x4B, 0x4B, 0x4B,
    0x4B, 0x4B, 0x4B, 0x4B, 0x4B, 0x4B, 0x4B, 0x4B, 0x4B, 0x4B, 0x4B, 0x25, 0x25, 0x25, 0x4B, 0x25,
    0xDF, 0xDF, 0xDF, 0xDF, 0xDF, 0xDF, 0xDF, 0xDF, 0xDF, 0xDF, 0xDF, 0xDF, 0xDF, 0xDF, 0xDF, 0xDF,
    0xDF, 0xDF, 0xDF, 0xDF, 0xDF, 0xDF, 0xDF, 0xDF, 0xDF, 0xDF, 0xDF, 0xDF, 0xDF, 0xDF, 0xDF, 0xDF,
    0xDF, 0xDF, 0xDF, 0xDF, 0xDF, 0x25, 0x25, 0x25, 0x25, 0x4B, 0x4B, 0x4B, 0x4B, 0x4B, 0x4B, 0x4B,
    0x4B, 0x4B, 0x4B, 0x4B, 0x4B, 0x4B, 0x4B, 0x25, 0x25, 0x25, 0x25, 0x4B, 0x4B, 0x4B, 0x4B, 0x25,
    0xDF, 0xDF, 0xDF, 0xDF, 0xDF, 0xDF, 0xDF, 0xDF, 0xDF, 0xDF, 0xDF, 0xDF, 0xDF, 0xDF, 0xDF, 0xDF,
    0xDF, 0xDF, 0xDF, 0xDF, 0xDF, 0xDF, 0xDF, 0xDF, 0xDF, 0xDF, 0xDF, 0xDF, 0xDF, 0xDF, 0xDF, 0xDF,
    0xDF, 0xDF, 0xDF, 0xDF, 0xDF, 0x25, 0x4B, 0x4B, 0x25, 0x25, 0x25, 0x25, 0x25, 0x25, 0x25, 0x25,
    0x25, 0x25, 0x25, 0x25, 0x25, 0x25, 0x25, 0x25, 0x4B, 0x4B, 0x4B, 0x4B, 0x4B, 0x4B, 0x4B, 0x25,
    0xDF, 0xDF, 0xDF, 0xDF, 0xDF, 0xDF, 0xDF, 0xDF, 0xDF, 0xDF, 0xDF, 0xDF, 0xDF, 0xDF, 0xDF, 0xDF,
    0xDF, 0xDF, 0xDF, 0xDF, 0xDF, 0xDF, 0xDF, 0xDF, 0xDF, 0xDF, 0xDF, 0xDF, 0xDF, 0xDF, 0xDF, 0xDF,
    0xDF, 0xDF, 0xDF, 0xDF, 0xDF, 0x25, 0x4B, 0x4B, 0x4B, 0x4B, 0x4B, 0x4B, 0x4B, 0x4B, 0x25, 0xDF,
    0xDF, 0xDF, 0xDF, 0xDF, 0xDF, 0x25, 0x4B, 0x4B, 0x4B, 0x4B, 0x4B, 0x4B, 0x4B, 0x4B, 0x4B, 0x25,
    0xDF, 0xDF, 0xDF, 0xDF, 0xDF, 0xDF, 0xDF, 0xDF, 0xDF, 0xDF, 0xDF, 0xDF, 0xDF, 0xDF, 0xDF, 0xDF,
    0xDF, 0xDF, 0xDF, 0xDF, 0xDF, 0xDF, 0xDF, 0xDF, 0xDF, 0xDF, 0xDF, 0xDF, 0xDF, 0xDF, 0xDF, 0xDF,
    0xDF, 0xDF, 0xDF, 0xDF, 0xDF, 0x25, 0x4B, 0x4B, 0x4B, 0x4B, 0x4B, 0x4B, 0x4B, 0x4B, 0x25, 0xDF,
    0xDF, 0xDF, 0xDF, 0xDF, 0xDF, 0x25, 0x4B, 0x4B, 0x4B, 0x4B, 0x4B, 0x4B, 0x4B, 0x4B, 0x25, 0xDF,
    0xDF, 0xDF, 0xDF, 0xDF, 0xDF, 0xDF, 0xDF, 0xDF, 0xDF, 0xDF, 0xDF, 0xDF, 0xDF, 0xDF, 0xDF, 0xDF,
    0xDF, 0xDF, 0xDF, 0xDF, 0xDF, 0xDF, 0xDF, 0xDF, 0xDF, 0xDF, 0xDF, 0xDF, 0xDF, 0xDF, 0xDF, 0xDF,
    0xDF, 0xDF, 0xDF, 0xDF, 0xDF, 0xDF, 0x25, 0x4B, 0x4B, 0x4B, 0x4B, 0x4B, 0x4B, 0x25, 0xDF, 0xDF,
    0xDF, 0xDF, 0xDF, 0xDF, 0xDF, 0x25, 0x25, 0x4B, 0x4B, 0x4B, 0x4B, 0x4B, 0x4B, 0x25, 0x25, 0xDF,
    0xDF, 0xDF, 0xDF, 0xDF, 0xDF, 0xDF, 0xDF, 0xDF, 0xDF, 0xDF, 0xDF, 0xDF, 0xDF, 0xDF, 0xDF, 0xDF,
    0xDF, 0xDF, 0xDF, 0xDF, 0xDF, 0xDF, 0xDF, 0xDF, 0xDF, 0xDF, 0xDF, 0xDF, 0xDF, 0xDF, 0xDF, 0xDF,
    0xDF, 0xDF, 0xDF, 0xDF, 0xDF, 0xDF, 0x25, 0x4B, 0x4B, 0x4B, 0x4B, 0x4B, 0x25, 0x25, 0xDF, 0xDF,
    0xDF, 0xDF, 0xDF, 0xDF, 0xDF, 0xDF, 0x25, 0x25, 0x4B, 0x4B, 0x4B, 0x4B, 0x4B, 0x25, 0xDF, 0xDF,
    0xDF, 0xDF, 0xDF, 0xDF, 0xDF, 0xDF, 0xDF, 0xDF, 0xDF, 0xDF, 0xDF, 0xDF, 0xDF, 0xDF, 0xDF, 0xDF,
    0xDF, 0xDF, 0xDF, 0xDF, 0xDF, 0xDF, 0xDF, 0xDF, 0xDF, 0xDF, 0xDF, 0xDF, 0xDF, 0xDF, 0xDF, 0xDF,
    0xDF, 0xDF, 0xDF, 0xDF, 0xDF, 0xDF, 0xDF, 0x25, 0x4B, 0x4B, 0x4B, 0x25, 0x25, 0xDF, 0xDF, 0xDF,
    0xDF, 0xDF, 0xDF, 0xDF, 0xDF, 0xDF, 0xDF, 0x25, 0x25, 0x4B, 0x4B, 0x4B, 0x25, 0xDF, 0xDF, 0xDF,
    0xDF, 0xDF, 0xDF, 0xDF, 0xDF, 0xDF, 0xDF, 0xDF, 0xDF, 0xDF, 0xDF, 0xDF, 0xDF, 0xDF, 0xDF, 0xDF,
    0xDF, 0xDF, 0xDF, 0xDF, 0xDF, 0xDF, 0xDF, 0xDF, 0xDF, 0xDF, 0xDF, 0xDF, 0xDF, 0xDF, 0xDF, 0xDF,
    0xDF, 0xDF, 0xDF, 0xDF, 0xDF, 0xDF, 0xDF, 0xDF, 0x25, 0x25, 0x25, 0xDF, 0xDF, 0xDF, 0xDF, 0xDF,
    0xDF, 0xDF, 0xDF, 0xDF, 0xDF, 0xDF, 0xDF, 0xDF, 0xDF, 0x25, 0x25, 0x25, 0xDF, 0xDF, 0xDF, 0xDF,
    0xDF, 0xDF, 0xDF, 0xDF, 0xDF, 0xDF, 0xDF, 0xDF, 0xDF, 0xDF, 0xDF, 0xDF, 0xDF, 0xDF, 0xDF, 0xDF,
    0xDF, 0xDF, 0xDF, 0xDF, 0xDF, 0xDF, 0xDF, 0xDF, 0xDF, 0xDF, 0xDF, 0xDF, 0xDF, 0xDF, 0xDF, 0xDF,
    0xDF, 0xDF, 0xDF, 0xDF, 0xDF, 0xDF, 0xDF, 0xDF, 0xDF, 0xDF, 0xDF, 0xDF, 0xDF, 0xDF, 0xDF, 0xDF,
    0xDF, 0xDF, 0xDF, 0xDF, 0xDF, 0xDF, 0xDF, 0xDF, 0xDF, 0xDF, 0xDF, 0xDF, 0xDF, 0xDF, 0xDF, 0xDF,
    0xDF, 0xDF, 0xDF, 0xDF, 0xDF, 0xDF, 0xDF, 0xDF, 0xDF, 0xDF, 0xDF, 0xDF, 0xDF, 0xDF, 0xDF, 0xDF,
    0xDF, 0xDF, 0xDF, 0xDF, 0xDF, 0xDF, 0xDF, 0xDF, 0xDF, 0xDF, 0xDF, 0xDF, 0xDF, 0xDF, 0xDF, 0xDF,
    0xDF, 0xDF, 0xDF, 0xDF, 0xDF, 0xDF, 0xDF, 0xDF, 0xDF, 0xDF, 0xDF, 0xDF, 0xDF, 0xDF, 0xDF, 0xDF,
    0xDF, 0xDF, 0xDF, 0xDF, 0xDF, 0xDF, 0xDF, 0xDF, 0xDF, 0xDF, 0xDF, 0xDF, 0xDF, 0xDF, 0xDF, 0xDF,
    0xDF, 0xDF, 0xDF, 0xDF, 0xDF, 0xDF, 0xDF, 0xDF, 0xDF, 0xDF, 0xDF, 0xDF, 0xDF, 0xDF, 0xDF, 0xDF,
    0xDF, 0xDF, 0xDF, 0xDF, 0xDF, 0xDF, 0xDF, 0xDF, 0xDF, 0xDF, 0xDF, 0xDF, 0xDF, 0xDF, 0xDF, 0xDF,
    0xDF, 0xDF, 0xDF, 0xDF, 0xDF, 0xDF, 0xDF, 0xDF, 0xDF, 0xDF, 0xDF, 0xDF, 0xDF, 0xDF, 0xDF, 0xDF,
    0xDF, 0xDF, 0xDF, 0xDF, 0xDF, 0xDF, 0xDF, 0xDF, 0xDF, 0xDF, 0xDF, 0xDF, 0xDF, 0xDF, 0xDF, 0xDF,
    0xDF, 0xDF, 0xDF, 0xDF, 0xDF, 0xDF, 0xDF, 0xDF, 0xDF, 0xDF, 0xDF, 0xDF, 0xDF, 0xDF, 0xDF, 0xDF,
    0xDF, 0xDF, 0xDF, 0xDF, 0xDF, 0xDF, 0xDF, 0xDF, 0xDF, 0xDF, 0xDF, 0xDF, 0xDF, 0xDF, 0xDF, 0xDF,
    0xDF, 0xDF, 0xDF, 0xDF, 0xDF, 0xDF, 0xDF, 0xDF, 0xDF, 0xDF, 0xDF, 0xDF, 0xDF, 0xDF, 0xDF, 0xDF,
    0xDF, 0xDF, 0xDF, 0xDF, 0xDF, 0xDF, 0xDF, 0xDF, 0xDF, 0xDF, 0xDF, 0xDF, 0xDF, 0xDF, 0xDF, 0xDF,
    0xDF, 0xDF, 0xDF, 0xDF, 0xDF, 0xDF, 0xDF, 0xDF, 0xDF, 0xDF, 0xDF, 0xDF, 0xDF, 0xDF, 0xDF, 0xDF,
    0xDF, 0xDF, 0xDF, 0xDF, 0xDF, 0xDF, 0xDF, 0xDF, 0xDF, 0xDF, 0xDF, 0xDF, 0xDF, 0xDF, 0xDF, 0xDF,
    0xDF, 0xDF, 0xDF, 0xDF, 0xDF, 0xDF, 0xDF, 0xDF, 0xDF, 0xDF, 0xDF, 0xDF, 0xDF, 0xDF, 0xDF, 0xDF,
    0xDF, 0xDF, 0xDF, 0xDF, 0xDF, 0xDF, 0xDF, 0xDF, 0xDF, 0xDF, 0xDF, 0xDF, 0xDF, 0xDF, 0xDF, 0xDF,
    0xDF, 0xDF, 0xDF, 0xDF, 0xDF, 0xDF, 0xDF, 0xDF, 0xDF, 0xDF, 0xDF, 0xDF, 0xDF, 0xDF, 0xDF, 0xDF,
    0xDF, 0xDF, 0xDF, 0xDF, 0xDF, 0xDF, 0xDF, 0xDF, 0xDF, 0xDF, 0xDF, 0xDF, 0xDF, 0xDF, 0xDF, 0xDF,
    0xDF, 0xDF, 0xDF, 0xDF, 0xDF, 0xDF, 0xDF, 0xDF, 0xDF, 0xDF, 0xDF, 0xDF, 0xDF, 0xDF, 0xDF, 0xDF,
    0xDF, 0xDF, 0xDF, 0xDF, 0xDF, 0xDF, 0xDF, 0xDF, 0xDF, 0xDF, 0xDF, 0xDF, 0xDF, 0xDF, 0xDF, 0xDF,
    0xDF, 0xDF, 0xDF, 0xDF, 0xDF, 0xDF, 0xDF, 0xDF, 0xDF, 0xDF, 0xDF, 0xDF, 0xDF, 0xDF, 0xDF, 0xDF,
};

constexpr int kSadSpriteWidth = 64;
constexpr int kSadSpriteHeight = 64;
constexpr int kSadSpriteFrameCount = 2;
const uint8_t* const kSadSpriteFrames[kSadSpriteFrameCount] = {
    kSadSpriteFrame0,
    kSadSpriteFrame1,
};

// Mood: WorkingNeutral
const uint8_t kWorkingNeutralSpriteFrame0[] PROGMEM = {
    0xDF, 0xDF, 0xDF, 0xDF, 0xDF, 0xDF, 0xDF, 0xDF, 0xDF, 0xDF, 0xDF, 0xDF, 0xDF, 0xDF, 0xDF, 0xDF,
    0xDF, 0xDF, 0xDF, 0xDF, 0xDF, 0xDF, 0xDF, 0xDF, 0xDF, 0xDF, 0xDF, 0xDF, 0xDF, 0xDF, 0xDF, 0xDF,
    0xDF, 0xDF, 0xDF, 0xDF, 0xDF, 0xDF, 0xDF, 0xDF, 0xDF, 0xDF, 0xDF, 0xDF, 0xDF, 0xDF, 0xDF, 0xDF,
    0xDF, 0xDF, 0xDF, 0xDF, 0xDF, 0xDF, 0xDF, 0xDF, 0xDF, 0xDF, 0xDF, 0xDF, 0xDF, 0xDF, 0xDF, 0xDF,
    0xDF, 0xDF, 0xDF, 0xDF, 0xDF, 0xDF, 0xDF, 0xDF, 0xDF, 0xDF, 0xDF, 0xDF, 0xDF, 0xDF, 0xDF, 0xDF,
    0xDF, 0xDF, 0xDF, 0xDF, 0xDF, 0xDF, 0xDF, 0xDF, 0xDF, 0xDF, 0xDF, 0xDF, 0xDF, 0xDF, 0xDF, 0xDF,
    0xDF, 0xDF, 0xDF, 0xDF, 0xDF, 0xDF, 0xDF, 0xDF, 0xDF, 0xDF, 0xDF, 0xDF, 0xDF, 0xDF, 0xDF, 0xDF,
    0xDF, 0xDF, 0xDF, 0xDF, 0xDF, 0xDF, 0xDF, 0xDF, 0xDF, 0xDF, 0xDF, 0xDF, 0xDF, 0xDF, 0xDF, 0xDF,
    0xDF, 0xDF, 0xDF, 0xDF, 0xDF, 0xDF, 0xDF, 0xDF, 0xDF, 0xDF, 0xDF, 0xDF, 0xDF, 0xDF, 0xDF, 0xDF,
    0xDF, 0xDF, 0xDF, 0xDF, 0xDF, 0xDF, 0xDF, 0xDF, 0xDF, 0xDF, 0xDF, 0xDF, 0xDF, 0xDF, 0xDF, 0xDF,
    0xDF, 0xDF, 0xDF, 0xDF, 0xDF, 0xDF, 0xDF, 0xDF, 0xDF, 0xDF, 0xDF, 0xDF, 0xDF, 0xDF, 0xDF, 0xDF,
    0xDF, 0xDF, 0xDF, 0xDF, 0xDF, 0xDF, 0xDF, 0xDF, 0xDF, 0xDF, 0xDF, 0xDF, 0xDF, 0xDF, 0xDF, 0xDF,
    0xDF, 0xDF, 0xDF, 0xDF, 0xDF, 0xDF, 0xDF, 0xDF, 0xDF, 0xDF, 0xDF, 0xDF, 0xDF, 0xDF, 0xDF, 0xDF,
    0xDF, 0xDF, 0xDF, 0xDF, 0xDF, 0xDF, 0xDF, 0xDF, 0xDF, 0xDF, 0xDF, 0xDF, 0xDF, 0xDF, 0xDF, 0xDF,
    0xDF, 0xDF, 0xDF, 0xDF, 0xDF, 0xDF, 0xDF, 0xDF, 0xDF, 0xDF, 0xDF, 0xDF, 0xDF, 0xDF, 0xDF, 0xDF,
    0xDF, 0xDF, 0xDF, 0xDF, 0xDF, 0xDF, 0xDF, 0xDF, 0xDF, 0xDF, 0xDF, 0xDF, 0xDF, 0xDF, 0xDF, 0xDF,
    0xDF, 0xDF, 0xDF, 0xDF, 0xDF, 0xDF, 0xDF, 0xDF, 0xDF, 0xDF, 0xDF, 0xDF, 0xDF, 0xDF, 0xDF, 0xDF,
    0xDF, 0xDF, 0xDF, 0xDF, 0xDF, 0xDF, 0xDF, 0xDF, 0xDF, 0xDF, 0xDF, 0xDF, 0xDF, 0xDF, 0xDF, 0xDF,
    0xDF, 0xDF, 0xDF, 0xDF, 0xDF, 0xDF, 0xDF, 0xDF, 0xDF, 0xDF, 0xDF, 0xDF, 0xDF, 0xDF, 0xDF, 0xDF,
    0xDF, 0xDF, 0xDF, 0xDF, 0xDF, 0xDF, 0xDF, 0xDF, 0xDF, 0xDF, 0xDF, 0xDF, 0xDF, 0xDF, 0xDF, 0xDF,
    0xDF, 0xDF, 0xDF, 0xDF, 0xDF, 0xDF, 0xDF, 0xDF, 0xDF, 0xDF, 0xDF, 0xDF, 0xDF, 0xDF, 0xDF, 0xDF,
    0xDF, 0xDF, 0xDF, 0xDF, 0xDF, 0xDF, 0xDF, 0xDF, 0xDF, 0xDF, 0xDF, 0xDF, 0xDF, 0xDF, 0xDF, 0xDF,
    0xDF, 0xDF, 0xDF, 0xDF, 0xDF, 0xDF, 0xDF, 0xDF, 0xDF, 0xDF, 0xDF, 0xDF, 0xDF, 0xDF, 0xDF, 0xDF,
    0xDF, 0xDF, 0xDF, 0xDF, 0xDF, 0xDF, 0xDF, 0xDF, 0xDF, 0xDF, 0xDF, 0xDF, 0xDF, 0xDF, 0xDF, 0xDF,
    0xDF, 0xDF, 0xDF, 0xDF, 0xDF, 0xDF, 0xDF, 0xDF, 0xDF, 0xDF, 0xDF, 0xDF, 0xDF, 0xDF, 0xDF, 0xDF,
    0xDF, 0xDF, 0xDF, 0xDF, 0xDF, 0xDF, 0xDF, 0xDF, 0xDF, 0xDF, 0xDF, 0xDF, 0xDF, 0xDF, 0xDF, 0xDF,
    0xDF, 0xDF, 0xDF, 0xDF, 0xDF, 0xDF, 0xDF, 0xDF, 0xDF, 0xDF, 0xDF, 0xDF, 0xDF, 0xDF, 0xDF, 0xDF,
    0xDF, 0xDF, 0xDF, 0xDF, 0xDF, 0xDF, 0xDF, 0xDF, 0xDF, 0xDF, 0xDF, 0xDF, 0xDF, 0xDF, 0xDF, 0xDF,
    0xDF, 0xDF, 0xDF, 0xDF, 0xDF, 0xDF, 0xDF, 0xDF, 0xDF, 0xDF, 0xDF, 0xDF, 0xDF, 0xDF, 0xDF, 0xDF,
    0xDF, 0xDF, 0xDF, 0xDF, 0xDF, 0xDF, 0xDF, 0xDF, 0xDF, 0xDF, 0xDF, 0xDF, 0xDF, 0xDF, 0xDF, 0xDF,
    0xDF, 0xDF, 0xDF, 0xDF, 0xDF, 0xDF, 0xDF, 0xDF, 0xDF, 0xDF, 0xDF, 0xDF, 0xDF, 0xDF, 0xDF, 0xDF,
    0xDF, 0xDF, 0xDF, 0xDF, 0xDF, 0xDF, 0xDF, 0xDF, 0xDF, 0xDF, 0xDF, 0xDF, 0xDF, 0xDF, 0xDF, 0xDF,
    0xDF, 0xDF, 0xDF, 0xDF, 0xDF, 0xDF, 0xDF, 0xDF, 0xDF, 0xDF, 0xDF, 0xDF, 0xDF, 0xDF, 0xDF, 0xDF,
    0xDF, 0xDF, 0xDF, 0xDF, 0xDF, 0xDF, 0xDF, 0xDF, 0xDF, 0xDF, 0xDF, 0xDF, 0xDF, 0xDF, 0xDF, 0xDF,
    0xDF, 0xDF, 0xDF, 0xDF, 0xDF, 0xDF, 0xDF, 0xDF, 0xDF, 0xDF, 0xDF, 0xDF, 0xDF, 0xDF, 0xDF, 0xDF,
    0xDF, 0xDF, 0xDF, 0xDF, 0xDF, 0xDF, 0xDF, 0xDF, 0xDF, 0xDF, 0xDF, 0xDF, 0xDF, 0xDF, 0xDF, 0xDF,
    0xDF, 0xDF, 0xDF, 0xDF, 0xDF, 0xDF, 0xDF, 0xDF, 0xDF, 0xDF, 0xDF, 0xDF, 0xDF, 0xDF, 0xDF, 0xDF,
    0xDF, 0xDF, 0xDF, 0xDF, 0xDF, 0xDF, 0xDF, 0xDF, 0xDF, 0xDF, 0xDF, 0xDF, 0xDF, 0xDF, 0xDF, 0xDF,
    0xDF, 0xDF, 0xDF, 0xDF, 0xDF, 0xDF, 0xDF, 0xDF, 0xDF, 0xDF, 0xDF, 0xDF, 0xDF, 0xDF, 0xDF, 0xDF,
    0xDF, 0xDF, 0xDF, 0xDF, 0xDF, 0xDF, 0xDF, 0xDF, 0xDF, 0xDF, 0xDF, 0xDF, 0xDF, 0xDF, 0xDF, 0xDF,
    0xDF, 0xDF, 0xDF, 0xDF, 0xDF, 0xDF, 0xDF, 0xDF, 0xDF, 0xDF, 0xDF, 0xDF, 0xDF, 0xDF, 0xDF, 0xDF,
    0xDF, 0xDF, 0xDF, 0xDF, 0xDF, 0xDF, 0xDF, 0xDF, 0xDF, 0xDF, 0xDF, 0xDF, 0xDF, 0xDF, 0xDF, 0xDF,
    0xDF, 0xDF, 0xDF, 0xDF, 0xDF, 0xDF, 0xDF, 0xDF, 0xDF, 0xDF, 0xDF, 0xDF, 0xDF, 0xDF, 0xDF, 0xDF,
    0xDF, 0xDF, 0xDF, 0xDF, 0xDF, 0xDF, 0xDF, 0xDF, 0xDF, 0xDF, 0xDF, 0xDF, 0xDF, 0xDF, 0xDF, 0xDF,
    0xDF, 0xDF, 0xDF, 0xDF, 0xDF, 0xDF, 0xDF, 0xDF, 0xDF, 0xDF, 0xDF, 0xDF, 0xDF, 0xDF, 0xDF, 0xDF,
    0xDF, 0xDF, 0xDF, 0xDF, 0xDF, 0xDF, 0xDF, 0xDF, 0xDF, 0xDF, 0xDF, 0xDF, 0xDF, 0xDF, 0xDF, 0xDF,
    0xDF, 0xDF, 0xDF, 0xDF, 0xDF, 0xDF, 0xDF, 0xDF, 0xDF, 0xDF, 0xDF, 0xDF, 0xDF, 0xDF, 0xDF, 0xDF,
    0xDF, 0xDF, 0xDF, 0xDF, 0xDF, 0xDF, 0xDF, 0xDF, 0xDF, 0xDF, 0xDF, 0xDF, 0xDF, 0xDF, 0xDF, 0xDF,
    0xDF, 0xDF, 0xDF, 0xDF, 0xDF, 0xDF, 0xDF, 0xDF, 0xDF, 0xDF, 0xDF, 0xDF, 0xDF, 0xDF, 0xDF, 0xDF,
    0xDF, 0xDF, 0xDF, 0xDF, 0xDF, 0xDF, 0xDF, 0xDF, 0xDF, 0xDF, 0xDF, 0xDF, 0xDF, 0xDF, 0xDF, 0xDF,
    0xDF, 0xDF, 0xDF, 0xDF, 0xDF, 0xDF, 0xDF, 0xDF, 0xDF, 0xDF, 0xDF, 0xDF, 0xDF, 0xDF, 0xDF, 0xDF,
    0xDF, 0xDF, 0xDF, 0xDF, 0xDF, 0xDF, 0xDF, 0xDF, 0xDF, 0xDF, 0xDF, 0xDF, 0xDF, 0xDF, 0xDF, 0xDF,
    0xDF, 0xDF, 0xDF, 0xDF, 0xDF, 0xDF, 0xDF, 0xDF, 0xDF, 0xDF, 0xDF, 0xDF, 0xDF, 0xDF, 0xDF, 0xDF,
    0xDF, 0xDF, 0xDF, 0xDF, 0xDF, 0xDF, 0xDF, 0xDF, 0xDF, 0xDF, 0xDF, 0xDF, 0xDF, 0xDF, 0xDF, 0xDF,
    0xDF, 0xDF, 0xDF, 0xDF, 0xDF, 0xDF, 0xDF, 0xDF, 0xDF, 0xDF, 0xDF, 0xDF, 0xDF, 0xDF, 0xDF, 0xDF,
    0xDF, 0xDF, 0xDF, 0xDF, 0xDF, 0xDF, 0xDF, 0xDF, 0xDF, 0xDF, 0xDF, 0xDF, 0xDF, 0xDF, 0xDF, 0xDF,
    0xDF, 0xDF, 0xDF, 0xDF, 0xDF, 0xDF, 0xDF, 0xDF, 0xDF, 0xDF, 0xDF, 0xDF, 0xDF, 0xDF, 0xDF, 0xDF,
    0xDF, 0xDF, 0xDF, 0xDF, 0xDF, 0xDF, 0xDF, 0xDF, 0xDF, 0xDF, 0xDF, 0xDF, 0xDF, 0xDF, 0xDF, 0xDF,
    0xDF, 0xDF, 0xDF, 0xDF, 0xDF, 0xDF, 0xDF, 0xDF, 0xDF, 0xDF, 0xDF, 0xDF, 0xDF, 0xDF, 0xDF, 0xDF,
    0xDF, 0xDF, 0xDF, 0xDF, 0xDF, 0xDF, 0xDF, 0xDF, 0xDF, 0xDF, 0xDF, 0xDF, 0xDF, 0xDF, 0xDF, 0xDF,
    0xDF, 0xDF, 0xDF, 0xDF, 0xDF, 0xDF, 0xDF, 0xDF, 0xDF, 0xDF, 0xDF, 0xDF, 0xDF, 0xDF, 0xDF, 0xDF,
    0xDF, 0xDF, 0xDF, 0xDF, 0xDF, 0xDF, 0xDF, 0xDF, 0xDF, 0xDF, 0xDF, 0xDF, 0xDF, 0xDF, 0xDF, 0xDF,
    0xDF, 0xDF, 0xDF, 0xDF, 0xDF, 0xDF, 0xDF, 0xDF, 0xDF, 0xDF, 0xDF, 0xDF, 0xDF, 0xDF, 0xDF, 0xDF,
    0xDF, 0xDF, 0xDF, 0xDF, 0xDF, 0xDF, 0xDF, 0xDF, 0xDF, 0xDF, 0xDF, 0xDF, 0xDF, 0xDF, 0xDF, 0xDF,
    0xDF, 0xDF, 0xDF, 0xDF, 0xDF, 0xDF, 0xDF, 0xDF, 0xDF, 0xDF, 0xDF, 0xDF, 0xDF, 0xDF, 0xDF, 0xDF,
    0xDF, 0xDF, 0xDF, 0xDF, 0xDF, 0xDF, 0xDF, 0xDF, 0xDF, 0xDF, 0xDF, 0xDF, 0xDF, 0xDF, 0xDF, 0xDF,
    0xDF, 0xDF, 0xDF, 0xDF, 0xDF, 0xDF, 0xDF, 0xDF, 0xDF, 0xDF, 0xDF, 0xDF, 0xDF, 0xDF, 0xDF, 0xDF,
    0xDF, 0xDF, 0xDF, 0xDF, 0xDF, 0xDF, 0xDF, 0xDF, 0xDF, 0xDF, 0xDF, 0xDF, 0xDF, 0xDF, 0xDF, 0xDF,
    0xDF, 0xDF, 0xDF, 0xDF, 0xDF, 0xDF, 0xDF, 0xDF, 0xDF, 0xDF, 0xDF, 0xDF, 0xDF, 0xDF, 0xDF, 0xDF,
    0x25, 0x25, 0xDF, 0xDF, 0xDF, 0xDF, 0xDF, 0xDF, 0xDF, 0xDF, 0xDF, 0xDF, 0xDF, 0xDF, 0xDF, 0xDF,
    0xDF, 0xDF, 0xDF, 0xDF, 0xDF, 0xDF, 0xDF, 0xDF, 0xDF, 0xDF, 0xDF, 0xDF, 0xDF, 0xDF, 0xDF, 0xDF,
    0xDF, 0xDF, 0xDF, 0xDF, 0xDF, 0xDF, 0xDF, 0xDF, 0xDF, 0xDF, 0xDF, 0xDF, 0xDF, 0xDF, 0xDF, 0xDF,
    0xDF, 0xDF, 0xDF, 0xDF, 0xDF, 0xDF, 0xDF, 0xDF, 0xDF, 0xDF, 0xDF, 0xDF, 0xDF, 0xDF, 0xDF, 0x25,
    0x51, 0x51, 0x25, 0xDF, 0xDF, 0xDF, 0xDF, 0x25, 0x25, 0xDF, 0xDF, 0xDF, 0xDF, 0xDF, 0xDF, 0xDF,
    0xDF, 0xDF, 0xDF, 0xDF, 0xDF, 0xDF, 0xDF, 0xDF, 0xDF, 0xDF, 0xDF, 0xDF, 0xDF, 0xDF, 0xDF, 0xDF,
    0xDF, 0xDF, 0xDF, 0xDF, 0xDF, 0xDF, 0xDF, 0xDF, 0xDF, 0xDF, 0xDF, 0xDF, 0xDF, 0xDF, 0xDF, 0xDF,
    0xDF, 0xDF, 0xDF, 0xDF, 0xDF, 0xDF, 0xDF, 0xDF, 0xDF, 0xDF, 0xDF, 0x25, 0x25, 0x25, 0x25, 0x51,
    0x51, 0x51, 0x25, 0x25, 0x25, 0xDF, 0x25, 0x25, 0x25, 0xDF, 0xDF, 0xDF, 0xDF, 0xDF, 0xDF, 0xDF,
    0xDF, 0xDF, 0xDF, 0xDF, 0xDF, 0xDF, 0xDF, 0xDF, 0xDF, 0xDF, 0xDF, 0xDF, 0xDF, 0xDF, 0xDF, 0xDF,
    0xDF, 0xDF, 0xDF, 0xDF, 0xDF, 0xDF, 0xDF, 0xDF, 0xDF, 0xDF, 0xDF, 0xDF, 0xDF, 0xDF, 0xDF, 0xDF,
    0xDF, 0xDF, 0xDF, 0xDF, 0xDF, 0xDF, 0xDF, 0xDF, 0xDF, 0xDF, 0x25, 0x51, 0x51, 0x51, 0x51, 0x51,
    0x25, 0x25, 0x25, 0x25, 0x25, 0x25, 0x25, 0x4B, 0x25, 0xDF, 0xDF, 0xDF, 0xDF, 0xDF, 0xDF, 0xDF,
    0xDF, 0xDF, 0xDF, 0xDF, 0xDF, 0xDF, 0xDF, 0xDF, 0xDF, 0xDF, 0xDF, 0xDF, 0xDF, 0xDF, 0xDF, 0xDF,
    0xDF, 0xDF, 0xDF, 0xDF, 0xDF, 0xDF, 0xDF, 0xDF, 0xDF, 0xDF, 0xDF, 0xDF, 0xDF, 0xDF, 0xDF, 0xDF,
    0xDF, 0xDF, 0xDF, 0xDF, 0xDF, 0xDF, 0xDF, 0xDF, 0xDF, 0xDF, 0xDF, 0x25, 0x51, 0x51, 0x25, 0x25,
    0x25, 0x25, 0x25, 0x4B, 0x4B, 0x25, 0x25, 0x4B, 0x25, 0x25, 0xDF, 0xDF, 0xDF, 0xDF, 0xDF, 0xDF,
    0xDF, 0xDF, 0xDF, 0xDF, 0xDF, 0xDF, 0xDF, 0xDF, 0xDF, 0xDF, 0xDF, 0xDF, 0xDF, 0xDF, 0xDF, 0xDF,
    0xDF, 0xDF, 0xDF, 0xDF, 0xDF, 0xDF, 0xDF, 0xDF, 0xDF, 0xDF, 0xDF, 0xDF, 0xDF, 0xDF, 0xDF, 0xDF,
    0xDF, 0xDF, 0xDF, 0xDF, 0xDF, 0xDF, 0xDF, 0xDF, 0xDF, 0xDF, 0x25, 0x4B, 0x25, 0x51, 0x51, 0x51,
    0x25, 0x25, 0x4B, 0x4B, 0x4B, 0x25, 0x25, 0x4B, 0x4B, 0x25, 0xDF, 0xDF, 0xDF, 0xDF, 0xDF, 0xDF,
    0xDF, 0xDF, 0xDF, 0xDF, 0xDF, 0xDF, 0xDF, 0xDF, 0xDF, 0xDF, 0xDF, 0xDF, 0xDF, 0xDF, 0xDF, 0xDF,
    0xDF, 0xDF, 0xDF, 0xDF, 0xDF, 0xDF, 0xDF, 0xDF, 0xDF, 0xDF, 0xDF, 0xDF, 0xDF, 0xDF, 0xDF, 0xDF,
    0xDF, 0xDF, 0xDF, 0xDF, 0xDF, 0xDF, 0xDF, 0xDF, 0xDF, 0x25, 0x4B, 0x4B, 0x25, 0x51, 0x51, 0x25,
    0x4B, 0x25, 0x4B, 0x4B, 0x4B, 0x4B, 0x4B, 0x4B, 0x4B, 0x25, 0xDF, 0xDF, 0xDF, 0xDF, 0xDF, 0xDF,
    0xDF, 0xDF, 0xDF, 0xDF, 0xDF, 0xDF, 0xDF, 0xDF, 0xDF, 0xDF, 0xDF, 0xDF, 0xDF, 0xDF, 0xDF, 0xDF,
    0xDF, 0xDF, 0xDF, 0xDF, 0xDF, 0xDF, 0xDF, 0xDF, 0xDF, 0xDF, 0xDF, 0xDF, 0xDF, 0xDF, 0xDF, 0xDF,
    0xDF, 0xDF, 0xDF, 0xDF, 0xDF, 0xDF, 0xDF, 0xDF, 0x25, 0x25, 0x4B, 0x4B, 0x4B, 0x25, 0x25, 0x4B,
    0x4B, 0x4B, 0x4B, 0x4B, 0x4B, 0x4B, 0x4B, 0x4B, 0x4B, 0x25, 0xDF, 0xDF, 0xDF, 0xDF, 0xDF, 0xDF,
    0xDF, 0xDF, 0xDF, 0xDF, 0xDF, 0xDF, 0xDF, 0xDF, 0xDF, 0xDF, 0xDF, 0xDF, 0xDF, 0xDF, 0xDF, 0xDF,
    0xDF, 0xDF, 0xDF, 0xDF, 0xDF, 0xDF, 0xDF, 0xDF, 0xDF, 0xDF, 0xDF, 0xDF, 0xDF, 0xDF, 0xDF, 0xDF,
    0xDF, 0xDF, 0xDF, 0xDF, 0xDF, 0xDF, 0xDF, 0xDF, 0x25, 0x4B, 0x4B, 0x4B, 0x4B, 0x4B, 0x4B, 0x4B,
    0x4B, 0x4B, 0x4B, 0x4B, 0x4B, 0x4B, 0x4B, 0x4B, 0x4B, 0x25, 0xDF, 0xDF, 0xDF, 0xDF, 0xDF, 0xDF,
    0xDF, 0xDF, 0xDF, 0xDF, 0xDF, 0xDF, 0xDF, 0xDF, 0xDF, 0xDF, 0xDF, 0xDF, 0xDF, 0xDF, 0xDF, 0xDF,
    0xDF, 0xDF, 0xDF, 0xDF, 0xDF, 0xDF, 0xDF, 0xDF, 0xDF, 0xDF, 0xDF, 0xDF, 0xDF, 0xDF, 0xDF, 0xDF,
    0xDF, 0xDF, 0xDF, 0xDF, 0xDF, 0xDF, 0xDF, 0x25, 0x25, 0x4B, 0x4B, 0x4B, 0x4B, 0x4B, 0x4B, 0x4B,
    0x4B, 0x4B, 0x4B, 0x4B, 0x4B, 0x4B, 0x4B, 0x4B, 0x4B, 0x25, 0xDF, 0xDF, 0xDF, 0xDF, 0xDF, 0xDF,
    0xDF, 0xDF, 0xDF, 0xDF, 0xDF, 0xDF, 0xDF, 0xDF, 0xDF, 0xDF, 0xDF, 0xDF, 0xDF, 0xDF, 0xDF, 0xDF,
    0xDF, 0xDF, 0xDF, 0xDF, 0xDF, 0xDF, 0xDF, 0xDF, 0xDF, 0xDF, 0xDF, 0xDF, 0xDF, 0xDF, 0xDF, 0xDF,
    0xDF, 0xDF, 0xDF, 0xDF, 0xDF, 0xDF, 0xDF, 0x25, 0x4B, 0x4B, 0x4B, 0x4B, 0x4B, 0x4B, 0x4B, 0x4B,
    0x4B, 0x4B, 0x4B, 0x4B, 0x4B, 0x4B, 0x4B, 0x4B, 0x25, 0x4B, 0x25, 0xDF, 0xDF, 0xDF, 0xDF, 0xDF,
    0xDF, 0xDF, 0xDF, 0xDF, 0xDF, 0xDF, 0xDF, 0xDF, 0xDF, 0xDF, 0xDF, 0xDF, 0xDF, 0xDF, 0xDF, 0xDF,
    0xDF, 0xDF, 0xDF, 0xDF, 0xDF, 0xDF, 0xDF, 0xDF, 0xDF, 0xDF, 0xDF, 0xDF, 0xDF, 0xDF, 0xDF, 0xDF,
    0xDF, 0xDF, 0xDF, 0xDF, 0xDF, 0xDF, 0xDF, 0x25, 0x4B, 0x4B, 0x4B, 0x4B, 0x4B, 0x4B, 0x4B, 0x4B,
    0x4B, 0x4B, 0x4B, 0x4B, 0x4B, 0x25, 0x4B, 0x4B, 0x4B, 0x4B, 0x25, 0xDF, 0xDF, 0xDF, 0xDF, 0xDF,
    0xDF, 0x25, 0xDF, 0xDF, 0xDF, 0xDF, 0xDF, 0xDF, 0xDF, 0xDF, 0xDF, 0xDF, 0xDF, 0xDF, 0xDF, 0xDF,
    0xDF, 0xDF, 0xDF, 0xDF, 0xDF, 0xDF, 0xDF, 0xDF, 0xDF, 0xDF, 0xDF, 0xDF, 0xDF, 0xDF, 0xDF, 0xDF,
    0xDF, 0xDF, 0xDF, 0xDF, 0xDF, 0xDF, 0xDF, 0x25, 0x4B, 0x4B, 0x4B, 0x4B, 0x4B, 0x4B, 0x4B, 0x4B,
    0x4B, 0x4B, 0x4B, 0x4B, 0x4B, 0x4B, 0x4B, 0x25, 0x4B, 0x4B, 0x25, 0xDF, 0xDF, 0xDF, 0xDF, 0xDF,
    0x25, 0x91, 0x25, 0xDF, 0xDF, 0xDF, 0xDF, 0xDF, 0xDF, 0xDF, 0xDF, 0xDF, 0xDF, 0xDF, 0xDF, 0xDF,
    0xDF, 0xDF, 0xDF, 0xDF, 0xDF, 0xDF, 0xDF, 0xDF, 0xDF, 0xDF, 0xDF, 0xDF, 0xDF, 0xDF, 0xDF, 0xDF,
    0xDF, 0xDF, 0xDF, 0xDF, 0xDF, 0xDF, 0xDF, 0x25, 0x4B, 0x4B, 0x4B, 0x4B, 0x4B, 0x4B, 0x4B, 0x4B,
    0x4B, 0x4B, 0x4B, 0x4B, 0x25, 0x25, 0x25, 0x4B, 0x25, 0x25, 0x25, 0xDF, 0xDF, 0xDF, 0xDF, 0x25,
    0x91, 0x91, 0x25, 0xDF, 0xDF, 0xDF, 0xDF, 0xDF, 0xDF, 0xDF, 0xDF, 0xDF, 0xDF, 0xDF, 0xDF, 0xDF,
    0xDF, 0xDF, 0xDF, 0xDF, 0xDF, 0xDF, 0xDF, 0xDF, 0xDF, 0xDF, 0xDF, 0xDF, 0xDF, 0xDF, 0xDF, 0xDF,
    0xDF, 0xDF, 0xDF, 0xDF, 0xDF, 0xDF, 0xDF, 0xDF, 0x25, 0x4B, 0x4B, 0x4B, 0x4B, 0x4B, 0x4B, 0x4B,
    0x4B, 0x4B, 0x4B, 0x4B, 0x4B, 0x4B, 0x4B, 0x4B, 0x4B, 0x4B, 0x25, 0x25, 0xDF, 0xDF, 0x25, 0x91,
    0x91, 0x91, 0x25, 0xDF, 0xDF, 0xDF, 0xDF, 0xDF, 0xDF, 0xDF, 0xDF, 0xDF, 0xDF, 0xDF, 0xDF, 0xDF,
    0xDF, 0xDF, 0xDF, 0xDF, 0xDF, 0xDF, 0xDF, 0xDF, 0xDF, 0xDF, 0xDF, 0xDF, 0xDF, 0xDF, 0xDF, 0xDF,
    0xDF, 0xDF, 0xDF, 0xDF, 0xDF, 0xDF, 0xDF, 0xDF, 0x25, 0x4B, 0x4B, 0x4B, 0x4B, 0x4B, 0x4B, 0x4B,
    0x4B, 0x4B, 0x4B, 0x4B, 0x4B, 0x4B, 0x4B, 0x4B, 0x4B, 0x25, 0x4B, 0x4B, 0x25, 0x25, 0x91, 0x91,
    0x91, 0x91, 0x25, 0xDF, 0xDF, 0xDF, 0xDF, 0xDF, 0xDF, 0xDF, 0xDF, 0xDF, 0xDF, 0xDF, 0xDF, 0xDF,
    0xDF, 0xDF, 0xDF, 0xDF, 0xDF, 0xDF, 0xDF, 0xDF, 0xDF, 0xDF, 0xDF, 0xDF, 0xDF, 0xDF, 0xDF, 0xDF,
    0xDF, 0xDF, 0xDF, 0xDF, 0xDF, 0xDF, 0xDF, 0x25, 0x25, 0x25, 0x4B, 0x4B, 0x4B, 0x4B, 0x4B, 0x4B,
    0x4B, 0x4B, 0x4B, 0x4B, 0x25, 0x4B, 0x4B, 0x4B, 0x25, 0x4B, 0x4B, 0x4B, 0x25, 0x91, 0x91, 0x91,
    0x91, 0x91, 0x25, 0xDF, 0xDF, 0xDF, 0xDF, 0xDF, 0xDF, 0xDF, 0xDF, 0xDF, 0xDF, 0xDF, 0xDF, 0xDF,
    0xDF, 0xDF, 0xDF, 0xDF, 0xDF, 0xDF, 0xDF, 0xDF, 0xDF, 0xDF, 0xDF, 0xDF, 0xDF, 0xDF, 0xDF, 0xDF,
    0xDF, 0xDF, 0xDF, 0xDF, 0xDF, 0xDF, 0xDF, 0x25, 0x4B, 0x4B, 0x25, 0x4B, 0x4B, 0x4B, 0x4B, 0x4B,
    0x4B, 0x4B, 0x4B, 0x4B, 0x4B, 0x25, 0x4B, 0x25, 0x25, 0x4B, 0x4B, 0x25, 0x91, 0x91, 0x91, 0x91,
    0x91, 0x91, 0x25, 0xDF, 0xDF, 0xDF, 0xDF, 0xDF, 0xDF, 0xDF, 0xDF, 0xDF, 0xDF, 0xDF, 0xDF, 0xDF,
    0xDF, 0xDF, 0xDF, 0xDF, 0xDF, 0xDF, 0xDF, 0xDF, 0xDF, 0xDF, 0xDF, 0xDF, 0xDF, 0xDF, 0xDF, 0xDF,
    0xDF, 0xDF, 0xDF, 0xDF, 0xDF, 0xDF, 0xDF, 0x25, 0x4B, 0x4B, 0x25, 0x25, 0x25, 0x25, 0x4B, 0x4B,
    0x4B, 0x25, 0x4B, 0x4B, 0x4B, 0x25, 0x25, 0x25, 0x25, 0x25, 0x25, 0x25, 0x91, 0x91, 0x91, 0x91,
    0x91, 0x91, 0x25, 0xDF, 0xDF, 0xDF, 0xDF, 0xDF, 0xDF, 0xDF, 0xDF, 0xDF, 0xDF, 0xDF, 0xDF, 0xDF,
    0xDF, 0xDF, 0xDF, 0xDF, 0xDF, 0xDF, 0xDF, 0xDF, 0xDF, 0xDF, 0xDF, 0xDF, 0xDF, 0xDF, 0xDF, 0xDF,
    0xDF, 0xDF, 0xDF, 0xDF, 0xDF, 0xDF, 0xDF, 0x25, 0x25, 0x25, 0x25, 0xDF, 0xDF, 0xDF, 0x25, 0x25,
    0x25, 0x25, 0x4B, 0x4B, 0x4B, 0x4B, 0x25, 0x25, 0xB2, 0xB2, 0xB2, 0x25, 0x91, 0x91, 0x91, 0x91,
    0x91, 0x91, 0x25, 0xDF, 0xDF, 0xDF, 0xDF, 0xDF, 0xDF, 0xDF, 0xDF, 0xDF, 0xDF, 0xDF, 0xDF, 0xDF,
    0xDF, 0xDF, 0xDF, 0xDF, 0xDF, 0xDF, 0xDF, 0xDF, 0xDF, 0xDF, 0xDF, 0xDF, 0xDF, 0xDF, 0xDF, 0xDF,
    0xDF, 0xDF, 0xDF, 0xDF, 0xDF, 0xDF, 0xDF, 0xDF, 0xDF, 0xDF, 0xDF, 0xDF, 0xDF, 0xDF, 0xDF, 0xDF,
    0xDF, 0xDF, 0x25, 0x4B, 0x4B, 0x25, 0x25, 0xB2, 0xB2, 0xB2, 0xB2, 0x25, 0x91, 0x91, 0x91, 0x91,
    0x91, 0x25, 0xDF, 0xDF, 0xDF, 0xDF, 0xDF, 0xDF, 0xDF, 0xDF, 0xDF, 0xDF, 0xDF, 0xDF, 0xDF, 0xDF,
    0xDF, 0xDF, 0xDF, 0xDF, 0xDF, 0xDF, 0xDF, 0xDF, 0xDF, 0xDF, 0xDF, 0xDF, 0xDF, 0xDF, 0xDF, 0xDF,
    0xDF, 0xDF, 0xDF, 0xDF, 0xDF, 0xDF, 0xDF, 0xDF, 0xDF, 0xDF, 0xDF, 0xDF, 0xDF, 0xDF, 0xDF, 0xDF,
    0xDF, 0xDF, 0xDF, 0x25, 0x25, 0x25, 0xB2, 0xB2, 0xB2, 0xB2, 0xB2, 0x25, 0x91, 0x91, 0x91, 0x91,
    0x25, 0xDF, 0xDF, 0xDF, 0xDF, 0xDF, 0xDF, 0xDF, 0xDF, 0xDF, 0xDF, 0xDF, 0xDF, 0xDF, 0xDF, 0xDF,
    0xDF, 0xDF, 0xDF, 0xDF, 0xDF, 0xDF, 0xDF, 0xDF, 0xDF, 0xDF, 0xDF, 0xDF, 0xDF, 0xDF, 0xDF, 0xDF,
    0xDF, 0xDF, 0xDF, 0xDF, 0xDF, 0xDF, 0xDF, 0xDF, 0xDF, 0xDF, 0xDF, 0xDF, 0xDF, 0xDF, 0xDF, 0xDF,
    0xDF, 0xDF, 0xDF, 0xDF, 0x25, 0xB2, 0xB2, 0xB2, 0xB2, 0xB2, 0xB2, 0x25, 0x91, 0x91, 0x91, 0x25,
    0xDF, 0xDF, 0xDF, 0xDF, 0xDF, 0xDF, 0xDF, 0xDF, 0xDF, 0xDF, 0xDF, 0xDF, 0xDF, 0xDF, 0xDF, 0xDF,
    0xDF, 0xDF, 0xDF, 0xDF, 0xDF, 0xDF, 0xDF, 0xDF, 0xDF, 0xDF, 0xDF, 0xDF, 0xDF, 0xDF, 0xDF, 0xDF,
    0xDF, 0xDF, 0xDF, 0xDF, 0xDF, 0xDF, 0xDF, 0xDF, 0xDF, 0xDF, 0xDF, 0xDF, 0xDF, 0xDF, 0xDF, 0xDF,
    0xDF, 0xDF, 0xDF, 0xDF, 0x25, 0x25, 0xB2, 0xB2, 0xB2, 0xB2, 0xB2, 0x25, 0x91, 0x91, 0x25, 0xDF,
    0xDF, 0xDF, 0xDF, 0xDF, 0xDF, 0xDF, 0xDF, 0xDF, 0xDF, 0xDF, 0xDF, 0xDF, 0xDF, 0xDF, 0xDF, 0xDF,
    0xDF, 0xDF, 0xDF, 0xDF, 0xDF, 0xDF, 0xDF, 0xDF, 0xDF, 0xDF, 0xDF, 0xDF, 0xDF, 0xDF, 0xDF, 0xDF,
    0xDF, 0xDF, 0xDF, 0xDF, 0xDF, 0xDF, 0xDF, 0xDF, 0xDF, 0xDF, 0xDF, 0xDF, 0xDF, 0xDF, 0xDF, 0xDF,
    0xDF, 0xDF, 0xDF, 0xDF, 0xDF, 0xDF, 0x25, 0x25, 0xB2, 0xB2, 0xB2, 0x25, 0x91, 0x25, 0xDF, 0xDF,
    0xDF, 0xDF, 0xDF, 0xDF, 0xDF, 0xDF, 0xDF, 0xDF, 0xDF, 0xDF, 0xDF, 0xDF, 0xDF, 0xDF, 0xDF, 0xDF,
    0xDF, 0xDF, 0xDF, 0xDF, 0xDF, 0xDF, 0xDF, 0xDF, 0xDF, 0xDF, 0xDF, 0xDF, 0xDF, 0xDF, 0xDF, 0xDF,
    0xDF, 0xDF, 0xDF, 0xDF, 0xDF, 0xDF, 0xDF, 0xDF, 0xDF, 0xDF, 0xDF, 0xDF, 0xDF, 0xDF, 0xDF, 0xDF,
    0xDF, 0xDF, 0xDF, 0xDF, 0xDF, 0xDF, 0xDF, 0xDF, 0x25, 0x25, 0xB2, 0x25, 0x25, 0xDF, 0xDF, 0xDF,
    0xDF, 0xDF, 0xDF, 0xDF, 0xDF, 0xDF, 0xDF, 0xDF, 0xDF, 0xDF, 0xDF, 0xDF, 0xDF, 0xDF, 0xDF, 0xDF,
    0xDF, 0xDF, 0xDF, 0xDF, 0xDF, 0xDF, 0xDF, 0xDF, 0xDF, 0xDF, 0xDF, 0xDF, 0xDF, 0xDF, 0xDF, 0xDF,
    0xDF, 0xDF, 0xDF, 0xDF, 0xDF, 0xDF, 0xDF, 0xDF, 0xDF, 0xDF, 0xDF, 0xDF, 0xDF, 0xDF, 0xDF, 0xDF,
    0xDF, 0xDF, 0xDF, 0xDF, 0xDF, 0xDF, 0xDF, 0xDF, 0xDF, 0xDF, 0x25, 0x25, 0xDF, 0xDF, 0xDF, 0xDF,
    0xDF, 0xDF, 0xDF, 0xDF, 0xDF, 0xDF, 0xDF, 0xDF, 0xDF, 0xDF, 0xDF, 0xDF, 0xDF, 0xDF, 0xDF, 0xDF,
    0xDF, 0xDF, 0xDF, 0xDF, 0xDF, 0xDF, 0xDF, 0xDF, 0xDF, 0xDF, 0xDF, 0xDF, 0xDF, 0xDF, 0xDF, 0xDF,
    0xDF, 0xDF, 0xDF, 0xDF, 0xDF, 0xDF, 0xDF, 0xDF, 0xDF, 0xDF, 0xDF, 0xDF, 0xDF, 0xDF, 0xDF, 0xDF,
    0xDF, 0xDF, 0xDF, 0xDF, 0xDF, 0xDF, 0xDF, 0xDF, 0xDF, 0xDF, 0xDF, 0xDF, 0xDF, 0xDF, 0xDF, 0xDF,
    0xDF, 0xDF, 0xDF, 0xDF, 0xDF, 0xDF, 0xDF, 0xDF, 0xDF, 0xDF, 0xDF, 0xDF, 0xDF, 0xDF, 0xDF, 0xDF,
    0xDF, 0xDF, 0xDF, 0xDF, 0xDF, 0xDF, 0xDF, 0xDF, 0xDF, 0xDF, 0xDF, 0xDF, 0xDF, 0xDF, 0xDF, 0xDF,
    0xDF, 0xDF, 0xDF, 0xDF, 0xDF, 0xDF, 0xDF, 0xDF, 0xDF, 0xDF, 0xDF, 0xDF, 0xDF, 0xDF, 0xDF, 0xDF,
    0xDF, 0xDF, 0xDF, 0xDF, 0xDF, 0xDF, 0xDF, 0xDF, 0xDF, 0xDF, 0xDF, 0xDF, 0xDF, 0xDF, 0xDF, 0xDF,
    0xDF, 0xDF, 0xDF, 0xDF, 0xDF, 0xDF, 0xDF, 0xDF, 0xDF, 0xDF, 0xDF, 0xDF, 0xDF, 0xDF, 0xDF, 0xDF,
    0xDF, 0xDF, 0xDF, 0xDF, 0xDF, 0xDF, 0xDF, 0xDF, 0xDF, 0xDF, 0xDF, 0xDF, 0xDF, 0xDF, 0xDF, 0xDF,
    0xDF, 0xDF, 0xDF, 0xDF, 0xDF, 0xDF, 0xDF, 0xDF, 0xDF, 0xDF, 0xDF, 0xDF, 0xDF, 0xDF, 0xDF, 0xDF,
    0xDF, 0xDF, 0xDF, 0xDF, 0xDF, 0xDF, 0xDF, 0xDF, 0xDF, 0xDF, 0xDF, 0xDF, 0xDF, 0xDF, 0xDF, 0xDF,
    0xDF, 0xDF, 0xDF, 0xDF, 0xDF, 0xDF, 0xDF, 0xDF, 0xDF, 0xDF, 0xDF, 0xDF, 0xDF, 0xDF, 0xDF, 0xDF,
    0xDF, 0xDF, 0xDF, 0xDF, 0xDF, 0xDF, 0xDF, 0xDF, 0xDF, 0xDF, 0xDF, 0xDF, 0xDF, 0xDF, 0xDF, 0xDF,
    0xDF, 0xDF, 0xDF, 0xDF, 0xDF, 0xDF, 0xDF, 0xDF, 0xDF, 0xDF, 0xDF, 0xDF, 0xDF, 0xDF, 0xDF, 0xDF,
    0xDF, 0xDF, 0xDF, 0xDF, 0xDF, 0xDF, 0xDF, 0xDF, 0xDF, 0xDF, 0xDF, 0xDF, 0xDF, 0xDF, 0xDF, 0xDF,
    0xDF, 0xDF, 0xDF, 0xDF, 0xDF, 0xDF, 0xDF, 0xDF, 0xDF, 0xDF, 0xDF, 0xDF, 0xDF, 0xDF, 0xDF, 0xDF,
    0xDF, 0xDF, 0xDF, 0xDF, 0xDF, 0xDF, 0xDF, 0xDF, 0xDF, 0xDF, 0xDF, 0xDF, 0xDF, 0xDF, 0xDF, 0xDF,
    0xDF, 0xDF, 0xDF, 0xDF, 0xDF, 0xDF, 0xDF, 0xDF, 0xDF, 0xDF, 0xDF, 0xDF, 0xDF, 0xDF, 0xDF, 0xDF,
    0xDF, 0xDF, 0xDF, 0xDF, 0xDF, 0xDF, 0xDF, 0xDF, 0xDF, 0xDF, 0xDF, 0xDF, 0xDF, 0xDF, 0xDF, 0xDF,
    0xDF, 0xDF, 0xDF, 0xDF, 0xDF, 0xDF, 0xDF, 0xDF, 0xDF, 0xDF, 0xDF, 0xDF, 0xDF, 0xDF, 0xDF, 0xDF,
    0xDF, 0xDF, 0xDF, 0xDF, 0xDF, 0xDF, 0xDF, 0xDF, 0xDF, 0xDF, 0xDF, 0xDF, 0xDF, 0xDF, 0xDF, 0xDF,
    0xDF, 0xDF, 0xDF, 0xDF, 0xDF, 0xDF, 0xDF, 0xDF, 0xDF, 0xDF, 0xDF, 0xDF, 0xDF, 0xDF, 0xDF, 0xDF,
    0xDF, 0xDF, 0xDF, 0xDF, 0xDF, 0xDF, 0xDF, 0xDF, 0xDF, 0xDF, 0xDF, 0xDF, 0xDF, 0xDF, 0xDF, 0xDF,
    0xDF, 0xDF, 0xDF, 0xDF, 0xDF, 0xDF, 0xDF, 0xDF, 0xDF, 0xDF, 0xDF, 0xDF, 0xDF, 0xDF, 0xDF, 0xDF,
    0xDF, 0xDF, 0xDF, 0xDF, 0xDF, 0xDF, 0xDF, 0xDF, 0xDF, 0xDF, 0xDF, 0xDF, 0xDF, 0xDF, 0xDF, 0xDF,
    0xDF, 0xDF, 0xDF, 0xDF, 0xDF, 0xDF, 0xDF, 0xDF, 0xDF, 0xDF, 0xDF, 0xDF, 0xDF, 0xDF, 0xDF, 0xDF,
    0xDF, 0xDF, 0xDF, 0xDF, 0xDF, 0xDF, 0xDF, 0xDF, 0xDF, 0xDF, 0xDF, 0xDF, 0xDF, 0xDF, 0xDF, 0xDF,
    0xDF, 0xDF, 0xDF, 0xDF, 0xDF, 0xDF, 0xDF, 0xDF, 0xDF, 0xDF, 0xDF, 0xDF, 0xDF, 0xDF, 0xDF, 0xDF,
    0xDF, 0xDF, 0xDF, 0xDF, 0xDF, 0xDF, 0xDF, 0xDF, 0xDF, 0xDF, 0xDF, 0xDF, 0xDF, 0xDF, 0xDF, 0xDF,
    0xDF, 0xDF, 0xDF, 0xDF, 0xDF, 0xDF, 0xDF, 0xDF, 0xDF, 0xDF, 0xDF, 0xDF, 0xDF, 0xDF, 0xDF, 0xDF,
    0xDF, 0xDF, 0xDF, 0xDF, 0xDF, 0xDF, 0xDF, 0xDF, 0xDF, 0xDF, 0xDF, 0xDF, 0xDF, 0xDF, 0xDF, 0xDF,
    0xDF, 0xDF, 0xDF, 0xDF, 0xDF, 0xDF, 0xDF, 0xDF, 0xDF, 0xDF, 0xDF, 0xDF, 0xDF, 0xDF, 0xDF, 0xDF,
    0xDF, 0xDF, 0xDF, 0xDF, 0xDF, 0xDF, 0xDF, 0xDF, 0xDF, 0xDF, 0xDF, 0xDF, 0xDF, 0xDF, 0xDF, 0xDF,
    0xDF, 0xDF, 0xDF, 0xDF, 0xDF, 0xDF, 0xDF, 0xDF, 0xDF, 0xDF, 0xDF, 0xDF, 0xDF, 0xDF, 0xDF, 0xDF,
    0xDF, 0xDF, 0xDF, 0xDF, 0xDF, 0xDF, 0xDF, 0xDF, 0xDF, 0xDF, 0xDF, 0xDF, 0xDF, 0xDF, 0xDF, 0xDF,
    0xDF, 0xDF, 0xDF, 0xDF, 0xDF, 0xDF, 0xDF, 0xDF, 0xDF, 0xDF, 0xDF, 0xDF, 0xDF, 0xDF, 0xDF, 0xDF,
    0xDF, 0xDF, 0xDF, 0xDF, 0xDF, 0xDF, 0xDF, 0xDF, 0xDF, 0xDF, 0xDF, 0xDF, 0xDF, 0xDF, 0xDF, 0xDF,
    0xDF, 0xDF, 0xDF, 0xDF, 0xDF, 0xDF, 0xDF, 0xDF, 0xDF, 0xDF, 0xDF, 0xDF, 0xDF, 0xDF, 0xDF, 0xDF,
    0xDF, 0xDF, 0xDF, 0xDF, 0xDF, 0xDF, 0xDF, 0xDF, 0xDF, 0xDF, 0xDF, 0xDF, 0xDF, 0xDF, 0xDF, 0xDF,
    0xDF, 0xDF, 0xDF, 0xDF, 0xDF, 0xDF, 0xDF, 0xDF, 0xDF, 0xDF, 0xDF, 0xDF, 0xDF, 0xDF, 0xDF, 0xDF,
    0xDF, 0xDF, 0xDF, 0xDF, 0xDF, 0xDF, 0xDF, 0xDF, 0xDF, 0xDF, 0xDF, 0xDF, 0xDF, 0xDF, 0xDF, 0xDF,
    0xDF, 0xDF, 0xDF, 0xDF, 0xDF, 0xDF, 0xDF, 0xDF, 0xDF, 0xDF, 0xDF, 0xDF, 0xDF, 0xDF, 0xDF, 0xDF,
    0xDF, 0xDF, 0xDF, 0xDF, 0xDF, 0xDF, 0xDF, 0xDF, 0xDF, 0xDF, 0xDF, 0xDF, 0xDF, 0xDF, 0xDF, 0xDF,
    0xDF, 0xDF, 0xDF, 0xDF, 0xDF, 0xDF, 0xDF, 0xDF, 0xDF, 0xDF, 0xDF, 0xDF, 0xDF, 0xDF, 0xDF, 0xDF,
    0xDF, 0xDF, 0xDF, 0xDF, 0xDF, 0xDF, 0xDF, 0xDF, 0xDF, 0xDF, 0xDF, 0xDF, 0xDF, 0xDF, 0xDF, 0xDF,
    0xDF, 0xDF, 0xDF, 0xDF, 0xDF, 0xDF, 0xDF, 0xDF, 0xDF, 0xDF, 0xDF, 0xDF, 0xDF, 0xDF, 0xDF, 0xDF,
    0xDF, 0xDF, 0xDF, 0xDF, 0xDF, 0xDF, 0xDF, 0xDF, 0xDF, 0xDF, 0xDF, 0xDF, 0xDF, 0xDF, 0xDF, 0xDF,
    0xDF, 0xDF, 0xDF, 0xDF, 0xDF, 0xDF, 0xDF, 0xDF, 0xDF, 0xDF, 0xDF, 0xDF, 0xDF, 0xDF, 0xDF, 0xDF,
    0xDF, 0xDF, 0xDF, 0xDF, 0xDF, 0xDF, 0xDF, 0xDF, 0xDF, 0xDF, 0xDF, 0xDF, 0xDF, 0xDF, 0xDF, 0xDF,
    0xDF, 0xDF, 0xDF, 0xDF, 0xDF, 0xDF, 0xDF, 0xDF, 0xDF, 0xDF, 0xDF, 0xDF, 0xDF, 0xDF, 0xDF, 0xDF,
    0xDF, 0xDF, 0xDF, 0xDF, 0xDF, 0xDF, 0xDF, 0xDF, 0xDF, 0xDF, 0xDF, 0xDF, 0xDF, 0xDF, 0xDF, 0xDF,
    0xDF, 0xDF, 0xDF, 0xDF, 0xDF, 0xDF, 0xDF, 0xDF, 0xDF, 0xDF, 0xDF, 0xDF, 0xDF, 0xDF, 0xDF, 0xDF,
    0xDF, 0xDF, 0xDF, 0xDF, 0xDF, 0xDF, 0xDF, 0xDF, 0xDF, 0xDF, 0xDF, 0xDF, 0xDF, 0xDF, 0xDF, 0xDF,
    0xDF, 0xDF, 0xDF, 0xDF, 0xDF, 0xDF, 0xDF, 0xDF, 0xDF, 0xDF, 0xDF, 0xDF, 0xDF, 0xDF, 0xDF, 0xDF,
    0xDF, 0xDF, 0xDF, 0xDF, 0xDF, 0xDF, 0xDF, 0xDF, 0xDF, 0xDF, 0xDF, 0xDF, 0xDF, 0xDF, 0xDF, 0xDF,
    0xDF, 0xDF, 0xDF, 0xDF, 0xDF, 0xDF, 0xDF, 0xDF, 0xDF, 0xDF, 0xDF, 0xDF, 0xDF, 0xDF, 0xDF, 0xDF,
    0xDF, 0xDF, 0xDF, 0xDF, 0xDF, 0xDF, 0xDF, 0xDF, 0xDF, 0xDF, 0xDF, 0xDF, 0xDF, 0xDF, 0xDF, 0xDF,
    0xDF, 0xDF, 0xDF, 0xDF, 0xDF, 0xDF, 0xDF, 0xDF, 0xDF, 0xDF, 0xDF, 0xDF, 0xDF, 0xDF, 0xDF, 0xDF,
    0xDF, 0xDF, 0xDF, 0xDF, 0xDF, 0xDF, 0xDF, 0xDF, 0xDF, 0xDF, 0xDF, 0xDF, 0xDF, 0xDF, 0xDF, 0xDF,
    0xDF, 0xDF, 0xDF, 0xDF, 0xDF, 0xDF, 0xDF, 0xDF, 0xDF, 0xDF, 0xDF, 0xDF, 0xDF, 0xDF, 0xDF, 0xDF,
    0xDF, 0xDF, 0xDF, 0xDF, 0xDF, 0xDF, 0xDF, 0xDF, 0xDF, 0xDF, 0xDF, 0xDF, 0xDF, 0xDF, 0xDF, 0xDF,
    0xDF, 0xDF, 0xDF, 0xDF, 0xDF, 0xDF, 0xDF, 0xDF, 0xDF, 0xDF, 0xDF, 0xDF, 0xDF, 0xDF, 0xDF, 0xDF,
    0xDF, 0xDF, 0xDF, 0xDF, 0xDF, 0xDF, 0xDF, 0xDF, 0xDF, 0xDF, 0xDF, 0xDF, 0xDF, 0xDF, 0xDF, 0xDF,
    0xDF, 0xDF, 0xDF, 0xDF, 0xDF, 0xDF, 0xDF, 0xDF, 0xDF, 0xDF, 0xDF, 0xDF, 0xDF, 0xDF, 0xDF, 0xDF,
    0xDF, 0xDF, 0xDF, 0xDF, 0xDF, 0xDF, 0xDF, 0xDF, 0xDF, 0xDF, 0xDF, 0xDF, 0xDF, 0xDF, 0xDF, 0xDF,
    0xDF, 0xDF, 0xDF, 0xDF, 0xDF, 0xDF, 0xDF, 0xDF, 0xDF, 0xDF, 0xDF, 0xDF, 0xDF, 0xDF, 0xDF, 0xDF,
    0xDF, 0xDF, 0xDF, 0xDF, 0xDF, 0xDF, 0xDF, 0xDF, 0xDF, 0xDF, 0xDF, 0xDF, 0xDF, 0xDF, 0xDF, 0xDF,
    0xDF, 0xDF, 0xDF, 0xDF, 0xDF, 0xDF, 0xDF, 0xDF, 0xDF, 0xDF, 0xDF, 0xDF, 0xDF, 0xDF, 0xDF, 0xDF,
    0xDF, 0xDF, 0xDF, 0xDF, 0xDF, 0xDF, 0xDF, 0xDF, 0xDF, 0xDF, 0xDF, 0xDF, 0xDF, 0xDF, 0xDF, 0xDF,
    0xDF, 0xDF, 0xDF, 0xDF, 0xDF, 0xDF, 0xDF, 0xDF, 0xDF, 0xDF, 0xDF, 0xDF, 0xDF, 0xDF, 0xDF, 0xDF,
    0xDF, 0xDF, 0xDF, 0xDF, 0xDF, 0xDF, 0xDF, 0xDF, 0xDF, 0xDF, 0xDF, 0xDF, 0xDF, 0xDF, 0xDF, 0xDF,
    0xDF, 0xDF, 0xDF, 0xDF, 0xDF, 0xDF, 0xDF, 0xDF, 0xDF, 0xDF, 0xDF, 0xDF, 0xDF, 0xDF, 0xDF, 0xDF,
    0xDF, 0xDF, 0xDF, 0xDF, 0xDF, 0xDF, 0xDF, 0xDF, 0xDF, 0xDF, 0xDF, 0xDF, 0xDF, 0xDF, 0xDF, 0xDF,
    0xDF, 0xDF, 0xDF, 0xDF, 0xDF, 0xDF, 0xDF, 0xDF, 0xDF, 0xDF, 0xDF, 0xDF, 0xDF, 0xDF, 0xDF, 0xDF,
    0xDF, 0xDF, 0xDF, 0xDF, 0xDF, 0xDF, 0xDF, 0xDF, 0xDF, 0xDF, 0xDF, 0xDF, 0xDF, 0xDF, 0xDF, 0xDF,
    0xDF, 0xDF, 0xDF, 0xDF, 0xDF, 0xDF, 0xDF, 0xDF, 0xDF, 0xDF, 0xDF, 0xDF, 0xDF, 0xDF, 0xDF, 0xDF,
    0xDF, 0xDF, 0xDF, 0xDF, 0xDF, 0xDF, 0xDF, 0xDF, 0xDF, 0xDF, 0xDF, 0xDF, 0xDF, 0xDF, 0xDF, 0xDF,
    0xDF, 0xDF, 0xDF, 0xDF, 0xDF, 0xDF, 0xDF, 0xDF, 0xDF, 0xDF, 0xDF, 0xDF, 0xDF, 0xDF, 0xDF, 0xDF,
    0xDF, 0xDF, 0xDF, 0xDF, 0xDF, 0xDF, 0xDF, 0xDF, 0xDF, 0xDF, 0xDF, 0xDF, 0xDF, 0xDF, 0xDF, 0xDF,
    0xDF, 0xDF, 0xDF, 0xDF, 0xDF, 0xDF, 0xDF, 0xDF, 0xDF, 0xDF, 0xDF, 0xDF, 0xDF, 0xDF, 0xDF, 0xDF,
    0xDF, 0xDF, 0xDF, 0xDF, 0xDF, 0xDF, 0xDF, 0xDF, 0xDF, 0xDF, 0xDF, 0xDF, 0xDF, 0xDF, 0xDF, 0xDF,
};

const uint8_t kWorkingNeutralSpriteFrame1[] PROGMEM = {
    0xDF, 0xDF, 0xDF, 0xDF, 0xDF, 0xDF, 0xDF, 0xDF, 0xDF, 0xDF, 0xDF, 0xDF, 0xDF, 0xDF, 0xDF, 0xDF,
    0xDF, 0xDF, 0xDF, 0xDF, 0xDF, 0xDF, 0xDF, 0xDF, 0xDF, 0xDF, 0xDF, 0xDF, 0xDF, 0xDF, 0xDF, 0xDF,
    0xDF, 0xDF, 0xDF, 0xDF, 0xDF, 0xDF, 0xDF, 0xDF, 0xDF, 0xDF, 0xDF, 0xDF, 0xDF, 0xDF, 0xDF, 0xDF,
    0xDF, 0xDF, 0xDF, 0xDF, 0xDF, 0xDF, 0xDF, 0xDF, 0xDF, 0xDF, 0xDF, 0xDF, 0xDF, 0xDF, 0xDF, 0xDF,
    0xDF, 0xDF, 0xDF, 0xDF, 0xDF, 0xDF, 0xDF, 0xDF, 0xDF, 0xDF, 0xDF, 0xDF, 0xDF, 0xDF, 0xDF, 0xDF,
    0xDF, 0xDF, 0xDF, 0xDF, 0xDF, 0xDF, 0xDF, 0xDF, 0xDF, 0xDF, 0xDF, 0xDF, 0xDF, 0xDF, 0xDF, 0xDF,
    0xDF, 0xDF, 0xDF, 0xDF, 0xDF, 0xDF, 0xDF, 0xDF, 0xDF, 0xDF, 0xDF, 0xDF, 0xDF, 0xDF, 0xDF, 0xDF,
    0xDF, 0xDF, 0xDF, 0xDF, 0xDF, 0xDF, 0xDF, 0xDF, 0xDF, 0xDF, 0xDF, 0xDF, 0xDF, 0xDF, 0xDF, 0xDF,
    0xDF, 0xDF, 0xDF, 0xDF, 0xDF, 0xDF, 0xDF, 0xDF, 0xDF, 0xDF, 0xDF, 0xDF, 0xDF, 0xDF, 0xDF, 0xDF,
    0xDF, 0xDF, 0xDF, 0xDF, 0xDF, 0xDF, 0xDF, 0xDF, 0xDF, 0xDF, 0xDF, 0xDF, 0xDF, 0xDF, 0xDF, 0xDF,
    0xDF, 0xDF, 0xDF, 0xDF, 0xDF, 0xDF, 0xDF, 0xDF, 0xDF, 0xDF, 0xDF, 0xDF, 0xDF, 0xDF, 0xDF, 0xDF,
    0xDF, 0xDF, 0xDF, 0xDF, 0xDF, 0xDF, 0xDF, 0xDF, 0xDF, 0xDF, 0xDF, 0xDF, 0xDF, 0xDF, 0xDF, 0xDF,
    0xDF, 0xDF, 0xDF, 0xDF, 0xDF, 0xDF, 0xDF, 0xDF, 0xDF, 0xDF, 0xDF, 0xDF, 0xDF, 0xDF, 0xDF, 0xDF,
    0xDF, 0xDF, 0xDF, 0xDF, 0xDF, 0xDF, 0xDF, 0xDF, 0xDF, 0xDF, 0xDF, 0xDF, 0xDF, 0xDF, 0xDF, 0xDF,
    0xDF, 0xDF, 0xDF, 0xDF, 0xDF, 0xDF, 0xDF, 0xDF, 0xDF, 0xDF, 0xDF, 0xDF, 0xDF, 0xDF, 0xDF, 0xDF,
    0xDF, 0xDF, 0xDF, 0xDF, 0xDF, 0xDF, 0xDF, 0xDF, 0xDF, 0xDF, 0xDF, 0xDF, 0xDF, 0xDF, 0xDF, 0xDF,
    0xDF, 0xDF, 0xDF, 0xDF, 0xDF, 0xDF, 0xDF, 0xDF, 0xDF, 0xDF, 0xDF, 0xDF, 0xDF, 0xDF, 0xDF, 0xDF,
    0xDF, 0xDF, 0xDF, 0xDF, 0xDF, 0xDF, 0xDF, 0xDF, 0xDF, 0xDF, 0xDF, 0xDF, 0xDF, 0xDF, 0xDF, 0xDF,
    0xDF, 0xDF, 0xDF, 0xDF, 0xDF, 0xDF, 0xDF, 0xDF, 0xDF, 0xDF, 0xDF, 0xDF, 0xDF, 0xDF, 0xDF, 0xDF,
    0xDF, 0xDF, 0xDF, 0xDF, 0xDF, 0xDF, 0xDF, 0xDF, 0xDF, 0xDF, 0xDF, 0xDF, 0xDF, 0xDF, 0xDF, 0xDF,
    0xDF, 0xDF, 0xDF, 0xDF, 0xDF, 0xDF, 0xDF, 0xDF, 0xDF, 0xDF, 0xDF, 0xDF, 0xDF, 0xDF, 0xDF, 0xDF,
    0xDF, 0xDF, 0xDF, 0xDF, 0xDF, 0xDF, 0xDF, 0xDF, 0xDF, 0xDF, 0xDF, 0xDF, 0xDF, 0xDF, 0xDF, 0xDF,
    0xDF, 0xDF, 0xDF, 0xDF, 0xDF, 0xDF, 0xDF, 0xDF, 0xDF, 0xDF, 0xDF, 0xDF, 0xDF, 0xDF, 0xDF, 0xDF,
    0xDF, 0xDF, 0xDF, 0xDF, 0xDF, 0xDF, 0xDF, 0xDF, 0xDF, 0xDF, 0xDF, 0xDF, 0xDF, 0xDF, 0xDF, 0xDF,
    0xDF, 0xDF, 0xDF, 0xDF, 0xDF, 0xDF, 0xDF, 0xDF, 0xDF, 0xDF, 0xDF, 0xDF, 0xDF, 0xDF, 0xDF, 0xDF,
    0xDF, 0xDF, 0xDF, 0xDF, 0xDF, 0xDF, 0xDF, 0xDF, 0xDF, 0xDF, 0xDF, 0xDF, 0xDF, 0xDF, 0xDF, 0xDF,
    0xDF, 0xDF, 0xDF, 0xDF, 0xDF, 0xDF, 0xDF, 0xDF, 0xDF, 0xDF, 0xDF, 0xDF, 0xDF, 0xDF, 0xDF, 0xDF,
    0xDF, 0xDF, 0xDF, 0xDF, 0xDF, 0xDF, 0xDF, 0xDF, 0xDF, 0xDF, 0xDF, 0xDF, 0xDF, 0xDF, 0xDF, 0xDF,
    0xDF, 0xDF, 0xDF, 0xDF, 0xDF, 0xDF, 0xDF, 0xDF, 0xDF, 0xDF, 0xDF, 0xDF, 0xDF, 0xDF, 0xDF, 0xDF,
    0xDF, 0xDF, 0xDF, 0xDF, 0xDF, 0xDF, 0xDF, 0xDF, 0xDF, 0xDF, 0xDF, 0xDF, 0xDF, 0xDF, 0xDF, 0xDF,
    0xDF, 0xDF, 0xDF, 0xDF, 0xDF, 0xDF, 0xDF, 0xDF, 0xDF, 0xDF, 0xDF, 0xDF, 0xDF, 0xDF, 0xDF, 0xDF,
    0xDF, 0xDF, 0xDF, 0xDF, 0xDF, 0xDF, 0xDF, 0xDF, 0xDF, 0xDF, 0xDF, 0xDF, 0xDF, 0xDF, 0xDF, 0xDF,
    0xDF, 0xDF, 0xDF, 0xDF, 0xDF, 0xDF, 0xDF, 0xDF, 0xDF, 0xDF, 0xDF, 0xDF, 0xDF, 0xDF, 0xDF, 0xDF,
    0xDF, 0xDF, 0xDF, 0xDF, 0xDF, 0xDF, 0xDF, 0xDF, 0xDF, 0xDF, 0xDF, 0xDF, 0xDF, 0xDF, 0xDF, 0xDF,
    0xDF, 0xDF, 0xDF, 0xDF, 0xDF, 0xDF, 0xDF, 0xDF, 0xDF, 0xDF, 0xDF, 0xDF, 0xDF, 0xDF, 0xDF, 0xDF,
    0xDF, 0xDF, 0xDF, 0xDF, 0xDF, 0xDF, 0xDF, 0xDF, 0xDF, 0xDF, 0xDF, 0xDF, 0xDF, 0xDF, 0xDF, 0xDF,
    0xDF, 0xDF, 0xDF, 0xDF, 0xDF, 0xDF, 0xDF, 0xDF, 0xDF, 0xDF, 0xDF, 0xDF, 0xDF, 0xDF, 0xDF, 0xDF,
    0xDF, 0xDF, 0xDF, 0xDF, 0xDF, 0xDF, 0xDF, 0xDF, 0xDF, 0xDF, 0xDF, 0xDF, 0xDF, 0xDF, 0xDF, 0xDF,
    0xDF, 0xDF, 0xDF, 0xDF, 0xDF, 0xDF, 0xDF, 0xDF, 0xDF, 0xDF, 0xDF, 0xDF, 0xDF, 0xDF, 0xDF, 0xDF,
    0xDF, 0xDF, 0xDF, 0xDF, 0xDF, 0xDF, 0xDF, 0xDF, 0xDF, 0xDF, 0xDF, 0xDF, 0xDF, 0xDF, 0xDF, 0xDF,
    0xDF, 0xDF, 0xDF, 0xDF, 0xDF, 0xDF, 0xDF, 0xDF, 0xDF, 0xDF, 0xDF, 0xDF, 0xDF, 0xDF, 0xDF, 0xDF,
    0xDF, 0xDF, 0xDF, 0xDF, 0xDF, 0xDF, 0xDF, 0xDF, 0xDF, 0xDF, 0xDF, 0xDF, 0xDF, 0xDF, 0xDF, 0xDF,
    0xDF, 0xDF, 0xDF, 0xDF, 0xDF, 0xDF, 0xDF, 0xDF, 0xDF, 0xDF, 0xDF, 0xDF, 0xDF, 0xDF, 0xDF, 0xDF,
    0xDF, 0xDF, 0xDF, 0xDF, 0xDF, 0xDF, 0xDF, 0xDF, 0xDF, 0xDF, 0xDF, 0xDF, 0xDF, 0xDF, 0xDF, 0xDF,
    0xDF, 0xDF, 0xDF, 0xDF, 0xDF, 0xDF, 0xDF, 0xDF, 0xDF, 0xDF, 0xDF, 0xDF, 0xDF, 0xDF, 0xDF, 0xDF,
    0xDF, 0xDF, 0xDF, 0xDF, 0xDF, 0xDF, 0xDF, 0xDF, 0xDF, 0xDF, 0xDF, 0xDF, 0xDF, 0xDF, 0xDF, 0xDF,
    0xDF, 0xDF, 0xDF, 0xDF, 0xDF, 0xDF, 0xDF, 0xDF, 0xDF, 0xDF, 0xDF, 0xDF, 0xDF, 0xDF, 0xDF, 0xDF,
    0xDF, 0xDF, 0xDF, 0xDF, 0xDF, 0xDF, 0xDF, 0xDF, 0xDF, 0xDF, 0xDF, 0xDF, 0xDF, 0xDF, 0xDF, 0xDF,
    0xDF, 0xDF, 0xDF, 0xDF, 0xDF, 0xDF, 0xDF, 0xDF, 0xDF, 0xDF, 0xDF, 0xDF, 0xDF, 0xDF, 0xDF, 0xDF,
    0xDF, 0xDF, 0xDF, 0xDF, 0xDF, 0xDF, 0xDF, 0xDF, 0xDF, 0xDF, 0xDF, 0xDF, 0xDF, 0xDF, 0xDF, 0xDF,
    0xDF, 0xDF, 0xDF, 0xDF, 0xDF, 0xDF, 0xDF, 0xDF, 0xDF, 0xDF, 0xDF, 0xDF, 0xDF, 0xDF, 0xDF, 0xDF,
    0xDF, 0xDF, 0xDF, 0xDF, 0xDF, 0xDF, 0xDF, 0xDF, 0xDF, 0xDF, 0xDF, 0xDF, 0xDF, 0xDF, 0xDF, 0xDF,
    0xDF, 0xDF, 0xDF, 0xDF, 0xDF, 0xDF, 0xDF, 0xDF, 0xDF, 0xDF, 0xDF, 0xDF, 0xDF, 0xDF, 0xDF, 0xDF,
    0xDF, 0xDF, 0xDF, 0xDF, 0xDF, 0xDF, 0xDF, 0xDF, 0xDF, 0xDF, 0xDF, 0xDF, 0xDF, 0xDF, 0xDF, 0xDF,
    0xDF, 0xDF, 0xDF, 0xDF, 0xDF, 0xDF, 0xDF, 0xDF, 0xDF, 0xDF, 0xDF, 0xDF, 0xDF, 0xDF, 0xDF, 0xDF,
    0xDF, 0xDF, 0xDF, 0xDF, 0xDF, 0xDF, 0xDF, 0xDF, 0xDF, 0xDF, 0xDF, 0xDF, 0xDF, 0xDF, 0xDF, 0xDF,
    0xDF, 0xDF, 0xDF, 0xDF, 0xDF, 0xDF, 0xDF, 0xDF, 0xDF, 0xDF, 0xDF, 0xDF, 0xDF, 0xDF, 0xDF, 0xDF,
    0xDF, 0xDF, 0xDF, 0xDF, 0xDF, 0xDF, 0xDF, 0xDF, 0xDF, 0xDF, 0xDF, 0xDF, 0xDF, 0xDF, 0xDF, 0xDF,
    0xDF, 0xDF, 0xDF, 0xDF, 0xDF, 0xDF, 0xDF, 0xDF, 0xDF, 0xDF, 0xDF, 0xDF, 0xDF, 0xDF, 0xDF, 0xDF,
    0xDF, 0xDF, 0xDF, 0xDF, 0xDF, 0xDF, 0xDF, 0xDF, 0xDF, 0xDF, 0xDF, 0xDF, 0xDF, 0xDF, 0xDF, 0xDF,
    0xDF, 0xDF, 0xDF, 0xDF, 0xDF, 0xDF, 0xDF, 0xDF, 0xDF, 0xDF, 0xDF, 0xDF, 0xDF, 0xDF, 0xDF, 0xDF,
    0xDF, 0xDF, 0xDF, 0xDF, 0xDF, 0xDF, 0xDF, 0xDF, 0xDF, 0xDF, 0xDF, 0xDF, 0xDF, 0xDF, 0xDF, 0xDF,
    0xDF, 0xDF, 0xDF, 0xDF, 0xDF, 0xDF, 0xDF, 0xDF, 0xDF, 0xDF, 0xDF, 0xDF, 0xDF, 0xDF, 0xDF, 0xDF,
    0xDF, 0xDF, 0xDF, 0xDF, 0xDF, 0xDF, 0xDF, 0xDF, 0xDF, 0xDF, 0xDF, 0xDF, 0xDF, 0xDF, 0xDF, 0xDF,
    0xDF, 0xDF, 0xDF, 0xDF, 0xDF, 0xDF, 0xDF, 0xDF, 0xDF, 0xDF, 0xDF, 0xDF, 0xDF, 0xDF, 0xDF, 0xDF,
    0xDF, 0xDF, 0xDF, 0xDF, 0xDF, 0xDF, 0xDF, 0xDF, 0xDF, 0xDF, 0xDF, 0xDF, 0xDF, 0xDF, 0xDF, 0xDF,
    0xDF, 0xDF, 0xDF, 0xDF, 0xDF, 0xDF, 0xDF, 0xDF, 0xDF, 0xDF, 0xDF, 0xDF, 0xDF, 0xDF, 0xDF, 0xDF,
    0xDF, 0xDF, 0xDF, 0xDF, 0xDF, 0xDF, 0xDF, 0xDF, 0xDF, 0xDF, 0xDF, 0xDF, 0xDF, 0xDF, 0xDF, 0xDF,
    0xDF, 0xDF, 0xDF, 0xDF, 0xDF, 0xDF, 0xDF, 0xDF, 0xDF, 0xDF, 0xDF, 0xDF, 0xDF, 0xDF, 0xDF, 0xDF,
    0x25, 0x25, 0xDF, 0xDF, 0xDF, 0xDF, 0xDF, 0xDF, 0xDF, 0xDF, 0xDF, 0xDF, 0xDF, 0xDF, 0xDF, 0xDF,
    0xDF, 0xDF, 0xDF, 0xDF, 0xDF, 0xDF, 0xDF, 0xDF, 0xDF, 0xDF, 0xDF, 0xDF, 0xDF, 0xDF, 0xDF, 0xDF,
    0xDF, 0xDF, 0xDF, 0xDF, 0xDF, 0xDF, 0xDF, 0xDF, 0xDF, 0xDF, 0xDF, 0xDF, 0xDF, 0xDF, 0xDF, 0xDF,
    0xDF, 0xDF, 0xDF, 0xDF, 0xDF, 0xDF, 0xDF, 0xDF, 0xDF, 0xDF, 0xDF, 0xDF, 0xDF, 0xDF, 0xDF, 0x25,
    0x51, 0x51, 0x25, 0xDF, 0xDF, 0xDF, 0xDF, 0x25, 0x25, 0xDF, 0xDF, 0xDF, 0xDF, 0xDF, 0xDF, 0xDF,
    0xDF, 0xDF, 0xDF, 0xDF, 0xDF, 0xDF, 0xDF, 0xDF, 0xDF, 0xDF, 0xDF, 0xDF, 0xDF, 0xDF, 0xDF, 0xDF,
    0xDF, 0xDF, 0xDF, 0xDF, 0xDF, 0xDF, 0xDF, 0xDF, 0xDF, 0xDF, 0xDF, 0xDF, 0xDF, 0xDF, 0xDF, 0xDF,
    0xDF, 0xDF, 0xDF, 0xDF, 0xDF, 0xDF, 0xDF, 0xDF, 0xDF, 0xDF, 0xDF, 0x25, 0x25, 0x25, 0x25, 0x51,
    0x51, 0x51, 0x25, 0x25, 0x25, 0xDF, 0x25, 0x25, 0x25, 0xDF, 0xDF, 0xDF, 0xDF, 0xDF, 0xDF, 0xDF,
    0xDF, 0xDF, 0xDF, 0xDF, 0xDF, 0xDF, 0xDF, 0xDF, 0xDF, 0xDF, 0xDF, 0xDF, 0xDF, 0xDF, 0xDF, 0xDF,
    0xDF, 0xDF, 0xDF, 0xDF, 0xDF, 0xDF, 0xDF, 0xDF, 0xDF, 0xDF, 0xDF, 0xDF, 0xDF, 0xDF, 0xDF, 0xDF,
    0xDF, 0xDF, 0xDF, 0xDF, 0xDF, 0xDF, 0xDF, 0xDF, 0xDF, 0xDF, 0x25, 0x51, 0x51, 0x51, 0x51, 0x51,
    0x25, 0x25, 0x25, 0x25, 0x25, 0x25, 0x25, 0x4B, 0x25, 0xDF, 0xDF, 0xDF, 0xDF, 0xDF, 0xDF, 0xDF,
    0xDF, 0xDF, 0xDF, 0xDF, 0xDF, 0xDF, 0xDF, 0xDF, 0xDF, 0xDF, 0xDF, 0xDF, 0xDF, 0xDF, 0xDF, 0xDF,
    0xDF, 0xDF, 0xDF, 0xDF, 0xDF, 0xDF, 0xDF, 0xDF, 0xDF, 0xDF, 0xDF, 0xDF, 0xDF, 0xDF, 0xDF, 0xDF,
    0xDF, 0xDF, 0xDF, 0xDF, 0xDF, 0xDF, 0xDF, 0xDF, 0xDF, 0xDF, 0xDF, 0x25, 0x51, 0x51, 0x25, 0x25,
    0x25, 0x25, 0x25, 0x4B, 0x4B, 0x25, 0x25, 0x4B, 0x25, 0x25, 0xDF, 0xDF, 0xDF, 0xDF, 0xDF, 0xDF,
    0xDF, 0xDF, 0xDF, 0xDF, 0xDF, 0xDF, 0xDF, 0xDF, 0xDF, 0xDF, 0xDF, 0xDF, 0xDF, 0xDF, 0xDF, 0xDF,
    0xDF, 0xDF, 0xDF, 0xDF, 0xDF, 0xDF, 0xDF, 0xDF, 0xDF, 0xDF, 0xDF, 0xDF, 0xDF, 0xDF, 0xDF, 0xDF,
    0xDF, 0xDF, 0xDF, 0xDF, 0xDF, 0xDF, 0xDF, 0xDF, 0xDF, 0xDF, 0x25, 0x4B, 0x25, 0x51, 0x51, 0x51,
    0x25, 0x25, 0x4B, 0x4B, 0x4B, 0x25, 0x25, 0x4B, 0x4B, 0x25, 0xDF, 0xDF, 0xDF, 0xDF, 0xDF, 0xDF,
    0xDF, 0xDF, 0xDF, 0xDF, 0xDF, 0xDF, 0xDF, 0xDF, 0xDF, 0xDF, 0xDF, 0xDF, 0xDF, 0xDF, 0xDF, 0xDF,
    0xDF, 0xDF, 0xDF, 0xDF, 0xDF, 0xDF, 0xDF, 0xDF, 0xDF, 0xDF, 0xDF, 0xDF, 0xDF, 0xDF, 0xDF, 0xDF,
    0xDF, 0xDF, 0xDF, 0xDF, 0xDF, 0xDF, 0xDF, 0xDF, 0xDF, 0x25, 0x4B, 0x4B, 0x25, 0x51, 0x51, 0x25,
    0x4B, 0x25, 0x4B, 0x4B, 0x4B, 0x4B, 0x4B, 0x4B, 0x4B, 0x25, 0xDF, 0xDF, 0xDF, 0xDF, 0xDF, 0xDF,
    0xDF, 0xDF, 0xDF, 0xDF, 0xDF, 0xDF, 0xDF, 0xDF, 0xDF, 0xDF, 0xDF, 0xDF, 0xDF, 0xDF, 0xDF, 0xDF,
    0xDF, 0xDF, 0xDF, 0xDF, 0xDF, 0xDF, 0xDF, 0xDF, 0xDF, 0xDF, 0xDF, 0xDF, 0xDF, 0xDF, 0xDF, 0xDF,
    0xDF, 0xDF, 0xDF, 0xDF, 0xDF, 0xDF, 0xDF, 0xDF, 0x25, 0x25, 0x4B, 0x4B, 0x4B, 0x25, 0x25, 0x4B,
    0x4B, 0x4B, 0x4B, 0x4B, 0x4B, 0x4B, 0x4B, 0x4B, 0x4B, 0x25, 0xDF, 0xDF, 0xDF, 0xDF, 0xDF, 0xDF,
    0xDF, 0xDF, 0xDF, 0xDF, 0xDF, 0xDF, 0xDF, 0xDF, 0xDF, 0xDF, 0xDF, 0xDF, 0xDF, 0xDF, 0xDF, 0xDF,
    0xDF, 0xDF, 0xDF, 0xDF, 0xDF, 0xDF, 0xDF, 0xDF, 0xDF, 0xDF, 0xDF, 0xDF, 0xDF, 0xDF, 0xDF, 0xDF,
    0xDF, 0xDF, 0xDF, 0xDF, 0xDF, 0xDF, 0xDF, 0xDF, 0x25, 0x4B, 0x4B, 0x4B, 0x4B, 0x4B, 0x4B, 0x4B,
    0x4B, 0x4B, 0x4B, 0x4B, 0x4B, 0x4B, 0x4B, 0x4B, 0x4B, 0x25, 0xDF, 0xDF, 0xDF, 0xDF, 0xDF, 0xDF,
    0xDF, 0xDF, 0xDF, 0xDF, 0xDF, 0xDF, 0xDF, 0xDF, 0xDF, 0xDF, 0xDF, 0xDF, 0xDF, 0xDF, 0xDF, 0xDF,
    0xDF, 0xDF, 0xDF, 0xDF, 0xDF, 0xDF, 0xDF, 0xDF, 0xDF, 0xDF, 0xDF, 0xDF, 0xDF, 0xDF, 0xDF, 0xDF,
    0xDF, 0xDF, 0xDF, 0xDF, 0xDF, 0xDF, 0xDF, 0x25, 0x25, 0x4B, 0x4B, 0x4B, 0x4B, 0x4B, 0x4B, 0x4B,
    0x4B, 0x4B, 0x4B, 0x4B, 0x4B, 0x4B, 0x4B, 0x4B, 0x4B, 0x25, 0xDF, 0xDF, 0xDF, 0xDF, 0xDF, 0xDF,
    0xDF, 0xDF, 0xDF, 0xDF, 0xDF, 0xDF, 0xDF, 0xDF, 0xDF, 0xDF, 0xDF, 0xDF, 0xDF, 0xDF, 0xDF, 0xDF,
    0xDF, 0xDF, 0xDF, 0xDF, 0xDF, 0xDF, 0xDF, 0xDF, 0xDF, 0xDF, 0xDF, 0xDF, 0xDF, 0xDF, 0xDF, 0xDF,
    0xDF, 0xDF, 0xDF, 0xDF, 0xDF, 0xDF, 0xDF, 0x25, 0x4B, 0x4B, 0x4B, 0x4B, 0x4B, 0x4B, 0x4B, 0x4B,
    0x4B, 0x4B, 0x4B, 0x4B, 0x4B, 0x4B, 0x4B, 0x4B, 0x25, 0x4B, 0x25, 0xDF, 0xDF, 0xDF, 0xDF, 0xDF,
    0xDF, 0xDF, 0xDF, 0xDF, 0xDF, 0xDF, 0xDF, 0xDF, 0xDF, 0xDF, 0xDF, 0xDF, 0xDF, 0xDF, 0xDF, 0xDF,
    0xDF, 0xDF, 0xDF, 0xDF, 0xDF, 0xDF, 0xDF, 0xDF, 0xDF, 0xDF, 0xDF, 0xDF, 0xDF, 0xDF, 0xDF, 0xDF,
    0xDF, 0xDF, 0xDF, 0xDF, 0xDF, 0xDF, 0xDF, 0x25, 0x4B, 0x4B, 0x4B, 0x4B, 0x4B, 0x4B, 0x4B, 0x4B,
    0x4B, 0x4B, 0x4B, 0x4B, 0x4B, 0x25, 0x4B, 0x4B, 0x4B, 0x4B, 0x25, 0xDF, 0xDF, 0xDF, 0xDF, 0xDF,
    0xDF, 0x25, 0xDF, 0xDF, 0xDF, 0xDF, 0xDF, 0xDF, 0xDF, 0xDF, 0xDF, 0xDF, 0xDF, 0xDF, 0xDF, 0xDF,
    0xDF, 0xDF, 0xDF, 0xDF, 0xDF, 0xDF, 0xDF, 0xDF, 0xDF, 0xDF, 0xDF, 0xDF, 0xDF, 0xDF, 0xDF, 0xDF,
    0xDF, 0xDF, 0xDF, 0xDF, 0xDF, 0xDF, 0xDF, 0x25, 0x4B, 0x4B, 0x4B, 0x4B, 0x4B, 0x4B, 0x4B, 0x4B,
    0x4B, 0x4B, 0x4B, 0x4B, 0x4B, 0x4B, 0x4B, 0x25, 0x4B, 0x4B, 0x25, 0xDF, 0xDF, 0xDF, 0xDF, 0xDF,
    0x25, 0x91, 0x25, 0xDF, 0xDF, 0xDF, 0xDF, 0xDF, 0xDF, 0xDF, 0xDF, 0xDF, 0xDF, 0xDF, 0xDF, 0xDF,
    0xDF, 0xDF, 0xDF, 0xDF, 0xDF, 0xDF, 0xDF, 0xDF, 0xDF, 0xDF, 0xDF, 0xDF, 0xDF, 0xDF, 0xDF, 0xDF,
    0xDF, 0xDF, 0xDF, 0xDF, 0xDF, 0xDF, 0xDF, 0x25, 0x4B, 0x4B, 0x4B, 0x4B, 0x4B, 0x4B, 0x4B, 0x4B,
    0x4B, 0x4B, 0x4B, 0x4B, 0x25, 0x25, 0x25, 0x4B, 0x25, 0x25, 0x25, 0xDF, 0xDF, 0xDF, 0xDF, 0x25,
    0x91, 0x91, 0x25, 0xDF, 0xDF, 0xDF, 0xDF, 0xDF, 0xDF, 0xDF, 0xDF, 0xDF, 0xDF, 0xDF, 0xDF, 0xDF,
    0xDF, 0xDF, 0xDF, 0xDF, 0xDF, 0xDF, 0xDF, 0xDF, 0xDF, 0xDF, 0xDF, 0xDF, 0xDF, 0xDF, 0xDF, 0xDF,
    0xDF, 0xDF, 0xDF, 0xDF, 0xDF, 0xDF, 0xDF, 0xDF, 0x25, 0x4B, 0x4B, 0x4B, 0x4B, 0x4B, 0x4B, 0x4B,
    0x4B, 0x4B, 0x4B, 0x4B, 0x4B, 0x4B, 0x4B, 0x4B, 0x4B, 0x4B, 0x25, 0xDF, 0xDF, 0xDF, 0x25, 0x91,
    0x91, 0x91, 0x25, 0xDF, 0xDF, 0xDF, 0xDF, 0xDF, 0xDF, 0xDF, 0xDF, 0xDF, 0xDF, 0xDF, 0xDF, 0xDF,
    0xDF, 0xDF, 0xDF, 0xDF, 0xDF, 0xDF, 0xDF, 0xDF, 0xDF, 0xDF, 0xDF, 0xDF, 0xDF, 0xDF, 0xDF, 0xDF,
    0xDF, 0xDF, 0xDF, 0xDF, 0xDF, 0xDF, 0xDF, 0xDF, 0x25, 0x4B, 0x4B, 0x4B, 0x4B, 0x4B, 0x4B, 0x4B,
    0x4B, 0x4B, 0x4B, 0x4B, 0x4B, 0x4B, 0x4B, 0x4B, 0x4B, 0x25, 0x25, 0xDF, 0xDF, 0x25, 0x91, 0x91,
    0x91, 0x91, 0x25, 0xDF, 0xDF, 0xDF, 0xDF, 0xDF, 0xDF, 0xDF, 0xDF, 0xDF, 0xDF, 0xDF, 0xDF, 0xDF,
    0xDF, 0xDF, 0xDF, 0xDF, 0xDF, 0xDF, 0xDF, 0xDF, 0xDF, 0xDF, 0xDF, 0xDF, 0xDF, 0xDF, 0xDF, 0xDF,
    0xDF, 0xDF, 0xDF, 0xDF, 0xDF, 0xDF, 0xDF, 0x25, 0x25, 0x25, 0x4B, 0x4B, 0x4B, 0x4B, 0x4B, 0x4B,
    0x4B, 0x4B, 0x4B, 0x4B, 0x25, 0x25, 0x4B, 0x4B, 0x25, 0x4B, 0x25, 0x25, 0x25, 0x91, 0x91, 0x91,
    0x91, 0x91, 0x25, 0xDF, 0xDF, 0xDF, 0xDF, 0xDF, 0xDF, 0xDF, 0xDF, 0xDF, 0xDF, 0xDF, 0xDF, 0xDF,
    0xDF, 0xDF, 0xDF, 0xDF, 0xDF, 0xDF, 0xDF, 0xDF, 0xDF, 0xDF, 0xDF, 0xDF, 0xDF, 0xDF, 0xDF, 0xDF,
    0xDF, 0xDF, 0xDF, 0xDF, 0xDF, 0xDF, 0xDF, 0x25, 0x4B, 0x4B, 0x25, 0x4B, 0x4B, 0x4B, 0x4B, 0x4B,
    0x4B, 0x4B, 0x4B, 0x4B, 0x4B, 0x4B, 0x25, 0x25, 0x25, 0x4B, 0x25, 0x25, 0x91, 0x91, 0x91, 0x91,
    0x91, 0x91, 0x25, 0xDF, 0xDF, 0xDF, 0xDF, 0xDF, 0xDF, 0xDF, 0xDF, 0xDF, 0xDF, 0xDF, 0xDF, 0xDF,
    0xDF, 0xDF, 0xDF, 0xDF, 0xDF, 0xDF, 0xDF, 0xDF, 0xDF, 0xDF, 0xDF, 0xDF, 0xDF, 0xDF, 0xDF, 0xDF,
    0xDF, 0xDF, 0xDF, 0xDF, 0xDF, 0xDF, 0xDF, 0x25, 0x4B, 0x4B, 0x25, 0x25, 0x25, 0x25, 0x4B, 0x4B,
    0x4B, 0x25, 0x4B, 0x4B, 0x4B, 0x4B, 0x4B, 0x25, 0x4B, 0x4B, 0x25, 0x25, 0x91, 0x91, 0x91, 0x91,
    0x91, 0x91, 0x25, 0xDF, 0xDF, 0xDF, 0xDF, 0xDF, 0xDF, 0xDF, 0xDF, 0xDF, 0xDF, 0xDF, 0xDF, 0xDF,
    0xDF, 0xDF, 0xDF, 0xDF, 0xDF, 0xDF, 0xDF, 0xDF, 0xDF, 0xDF, 0xDF, 0xDF, 0xDF, 0xDF, 0xDF, 0xDF,
    0xDF, 0xDF, 0xDF, 0xDF, 0xDF, 0xDF, 0xDF, 0x25, 0x25, 0x25, 0x25, 0xDF, 0xDF, 0xDF, 0x25, 0x25,
    0x25, 0x25, 0x25, 0x4B, 0x4B, 0x4B, 0x25, 0x25, 0x25, 0x25, 0xB2, 0x25, 0x91, 0x91, 0x91, 0x91,
    0x91, 0x91, 0x25, 0xDF, 0xDF, 0xDF, 0xDF, 0xDF, 0xDF, 0xDF, 0xDF, 0xDF, 0xDF, 0xDF, 0xDF, 0xDF,
    0xDF, 0xDF, 0xDF, 0xDF, 0xDF, 0xDF, 0xDF, 0xDF, 0xDF, 0xDF, 0xDF, 0xDF, 0xDF, 0xDF, 0xDF, 0xDF,
    0xDF, 0xDF, 0xDF, 0xDF, 0xDF, 0xDF, 0xDF, 0xDF, 0xDF, 0xDF, 0xDF, 0xDF, 0xDF, 0xDF, 0xDF, 0xDF,
    0xDF, 0xDF, 0xDF, 0x25, 0x25, 0x25, 0x25, 0xB2, 0xB2, 0xB2, 0xB2, 0x25, 0x91, 0x91, 0x91, 0x91,
    0x91, 0x25, 0xDF, 0xDF, 0xDF, 0xDF, 0xDF, 0xDF, 0xDF, 0xDF, 0xDF, 0xDF, 0xDF, 0xDF, 0xDF, 0xDF,
    0xDF, 0xDF, 0xDF, 0xDF, 0xDF, 0xDF, 0xDF, 0xDF, 0xDF, 0xDF, 0xDF, 0xDF, 0xDF, 0xDF, 0xDF, 0xDF,
    0xDF, 0xDF, 0xDF, 0xDF, 0xDF, 0xDF, 0xDF, 0xDF, 0xDF, 0xDF, 0xDF, 0xDF, 0xDF, 0xDF, 0xDF, 0xDF,
    0xDF, 0xDF, 0xDF, 0xDF, 0xDF, 0x25, 0xB2, 0xB2, 0xB2, 0xB2, 0xB2, 0x25, 0x91, 0x91, 0x91, 0x91,
    0x25, 0xDF, 0xDF, 0xDF, 0xDF, 0xDF, 0xDF, 0xDF, 0xDF, 0xDF, 0xDF, 0xDF, 0xDF, 0xDF, 0xDF, 0xDF,
    0xDF, 0xDF, 0xDF, 0xDF, 0xDF, 0xDF, 0xDF, 0xDF, 0xDF, 0xDF, 0xDF, 0xDF, 0xDF, 0xDF, 0xDF, 0xDF,
    0xDF, 0xDF, 0xDF, 0xDF, 0xDF, 0xDF, 0xDF, 0xDF, 0xDF, 0xDF, 0xDF, 0xDF, 0xDF, 0xDF, 0xDF, 0xDF,
    0xDF, 0xDF, 0xDF, 0xDF, 0x25, 0xB2, 0xB2, 0xB2, 0xB2, 0xB2, 0xB2, 0x25, 0x91, 0x91, 0x91, 0x25,
    0xDF, 0xDF, 0xDF, 0xDF, 0xDF, 0xDF, 0xDF, 0xDF, 0xDF, 0xDF, 0xDF, 0xDF, 0xDF, 0xDF, 0xDF, 0xDF,
    0xDF, 0xDF, 0xDF, 0xDF, 0xDF, 0xDF, 0xDF, 0xDF, 0xDF, 0xDF, 0xDF, 0xDF, 0xDF, 0xDF, 0xDF, 0xDF,
    0xDF, 0xDF, 0xDF, 0xDF, 0xDF, 0xDF, 0xDF, 0xDF, 0xDF, 0xDF, 0xDF, 0xDF, 0xDF, 0xDF, 0xDF, 0xDF,
    0xDF, 0xDF, 0xDF, 0xDF, 0x25, 0x25, 0xB2, 0xB2, 0xB2, 0xB2, 0xB2, 0x25, 0x91, 0x91, 0x25, 0xDF,
    0xDF, 0xDF, 0xDF, 0xDF, 0xDF, 0xDF, 0xDF, 0xDF, 0xDF, 0xDF, 0xDF, 0xDF, 0xDF, 0xDF, 0xDF, 0xDF,
    0xDF, 0xDF, 0xDF, 0xDF, 0xDF, 0xDF, 0xDF, 0xDF, 0xDF, 0xDF, 0xDF, 0xDF, 0xDF, 0xDF, 0xDF, 0xDF,
    0xDF, 0xDF, 0xDF, 0xDF, 0xDF, 0xDF, 0xDF, 0xDF, 0xDF, 0xDF, 0xDF, 0xDF, 0xDF, 0xDF, 0xDF, 0xDF,
    0xDF, 0xDF, 0xDF, 0xDF, 0xDF, 0xDF, 0x25, 0x25, 0xB2, 0xB2, 0xB2, 0x25, 0x91, 0x25, 0xDF, 0xDF,
    0xDF, 0xDF, 0xDF, 0xDF, 0xDF, 0xDF, 0xDF, 0xDF, 0xDF, 0xDF, 0xDF, 0xDF, 0xDF, 0xDF, 0xDF, 0xDF,
    0xDF, 0xDF, 0xDF, 0xDF, 0xDF, 0xDF, 0xDF, 0xDF, 0xDF, 0xDF, 0xDF, 0xDF, 0xDF, 0xDF, 0xDF, 0xDF,
    0xDF, 0xDF, 0xDF, 0xDF, 0xDF, 0xDF, 0xDF, 0xDF, 0xDF, 0xDF, 0xDF, 0xDF, 0xDF, 0xDF, 0xDF, 0xDF,
    0xDF, 0xDF, 0xDF, 0xDF, 0xDF, 0xDF, 0xDF, 0xDF, 0x25, 0x25, 0xB2, 0x25, 0x25, 0xDF, 0xDF, 0xDF,
    0xDF, 0xDF, 0xDF, 0xDF, 0xDF, 0xDF, 0xDF, 0xDF, 0xDF, 0xDF, 0xDF, 0xDF, 0xDF, 0xDF, 0xDF, 0xDF,
    0xDF, 0xDF, 0xDF, 0xDF, 0xDF, 0xDF, 0xDF, 0xDF, 0xDF, 0xDF, 0xDF, 0xDF, 0xDF, 0xDF, 0xDF, 0xDF,
    0xDF, 0xDF, 0xDF, 0xDF, 0xDF, 0xDF, 0xDF, 0xDF, 0xDF, 0xDF, 0xDF, 0xDF, 0xDF, 0xDF, 0xDF, 0xDF,
    0xDF, 0xDF, 0xDF, 0xDF, 0xDF, 0xDF, 0xDF, 0xDF, 0xDF, 0xDF, 0x25, 0x25, 0xDF, 0xDF, 0xDF, 0xDF,
    0xDF, 0xDF, 0xDF, 0xDF, 0xDF, 0xDF, 0xDF, 0xDF, 0xDF, 0xDF, 0xDF, 0xDF, 0xDF, 0xDF, 0xDF, 0xDF,
    0xDF, 0xDF, 0xDF, 0xDF, 0xDF, 0xDF, 0xDF, 0xDF, 0xDF, 0xDF, 0xDF, 0xDF, 0xDF, 0xDF, 0xDF, 0xDF,
    0xDF, 0xDF, 0xDF, 0xDF, 0xDF, 0xDF, 0xDF, 0xDF, 0xDF, 0xDF, 0xDF, 0xDF, 0xDF, 0xDF, 0xDF, 0xDF,
    0xDF, 0xDF, 0xDF, 0xDF, 0xDF, 0xDF, 0xDF, 0xDF, 0xDF, 0xDF, 0xDF, 0xDF, 0xDF, 0xDF, 0xDF, 0xDF,
    0xDF, 0xDF, 0xDF, 0xDF, 0xDF, 0xDF, 0xDF, 0xDF, 0xDF, 0xDF, 0xDF, 0xDF, 0xDF, 0xDF, 0xDF, 0xDF,
    0xDF, 0xDF, 0xDF, 0xDF, 0xDF, 0xDF, 0xDF, 0xDF, 0xDF, 0xDF, 0xDF, 0xDF, 0xDF, 0xDF, 0xDF, 0xDF,
    0xDF, 0xDF, 0xDF, 0xDF, 0xDF, 0xDF, 0xDF, 0xDF, 0xDF, 0xDF, 0xDF, 0xDF, 0xDF, 0xDF, 0xDF, 0xDF,
    0xDF, 0xDF, 0xDF, 0xDF, 0xDF, 0xDF, 0xDF, 0xDF, 0xDF, 0xDF, 0xDF, 0xDF, 0xDF, 0xDF, 0xDF, 0xDF,
    0xDF, 0xDF, 0xDF, 0xDF, 0xDF, 0xDF, 0xDF, 0xDF, 0xDF, 0xDF, 0xDF, 0xDF, 0xDF, 0xDF, 0xDF, 0xDF,
    0xDF, 0xDF, 0xDF, 0xDF, 0xDF, 0xDF, 0xDF, 0xDF, 0xDF, 0xDF, 0xDF, 0xDF, 0xDF, 0xDF, 0xDF, 0xDF,
    0xDF, 0xDF, 0xDF, 0xDF, 0xDF, 0xDF, 0xDF, 0xDF, 0xDF, 0xDF, 0xDF, 0xDF, 0xDF, 0xDF, 0xDF, 0xDF,
    0xDF, 0xDF, 0xDF, 0xDF, 0xDF, 0xDF, 0xDF, 0xDF, 0xDF, 0xDF, 0xDF, 0xDF, 0xDF, 0xDF, 0xDF, 0xDF,
    0xDF, 0xDF, 0xDF, 0xDF, 0xDF, 0xDF, 0xDF, 0xDF, 0xDF, 0xDF, 0xDF, 0xDF, 0xDF, 0xDF, 0xDF, 0xDF,
    0xDF, 0xDF, 0xDF, 0xDF, 0xDF, 0xDF, 0xDF, 0xDF, 0xDF, 0xDF, 0xDF, 0xDF, 0xDF, 0xDF, 0xDF, 0xDF,
    0xDF, 0xDF, 0xDF, 0xDF, 0xDF, 0xDF, 0xDF, 0xDF, 0xDF, 0xDF, 0xDF, 0xDF, 0xDF, 0xDF, 0xDF, 0xDF,
    0xDF, 0xDF, 0xDF, 0xDF, 0xDF, 0xDF, 0xDF, 0xDF, 0xDF, 0xDF, 0xDF, 0xDF, 0xDF, 0xDF, 0xDF, 0xDF,
    0xDF, 0xDF, 0xDF, 0xDF, 0xDF, 0xDF, 0xDF, 0xDF, 0xDF, 0xDF, 0xDF, 0xDF, 0xDF, 0xDF, 0xDF, 0xDF,
    0xDF, 0xDF, 0xDF, 0xDF, 0xDF, 0xDF, 0xDF, 0xDF, 0xDF, 0xDF, 0xDF, 0xDF, 0xDF, 0xDF, 0xDF, 0xDF,
    0xDF, 0xDF, 0xDF, 0xDF, 0xDF, 0xDF, 0xDF, 0xDF, 0xDF, 0xDF, 0xDF, 0xDF, 0xDF, 0xDF, 0xDF, 0xDF,
    0xDF, 0xDF, 0xDF, 0xDF, 0xDF, 0xDF, 0xDF, 0xDF, 0xDF, 0xDF, 0xDF, 0xDF, 0xDF, 0xDF, 0xDF, 0xDF,
    0xDF, 0xDF, 0xDF, 0xDF, 0xDF, 0xDF, 0xDF, 0xDF, 0xDF, 0xDF, 0xDF, 0xDF, 0xDF, 0xDF, 0xDF, 0xDF,
    0xDF, 0xDF, 0xDF, 0xDF, 0xDF, 0xDF, 0xDF, 0xDF, 0xDF, 0xDF, 0xDF, 0xDF, 0xDF, 0xDF, 0xDF, 0xDF,
    0xDF, 0xDF, 0xDF, 0xDF, 0xDF, 0xDF, 0xDF, 0xDF, 0xDF, 0xDF, 0xDF, 0xDF, 0xDF, 0xDF, 0xDF, 0xDF,
    0xDF, 0xDF, 0xDF, 0xDF, 0xDF, 0xDF, 0xDF, 0xDF, 0xDF, 0xDF, 0xDF, 0xDF, 0xDF, 0xDF, 0xDF, 0xDF,
    0xDF, 0xDF, 0xDF, 0xDF, 0xDF, 0xDF, 0xDF, 0xDF, 0xDF, 0xDF, 0xDF, 0xDF, 0xDF, 0xDF, 0xDF, 0xDF,
    0xDF, 0xDF, 0xDF, 0xDF, 0xDF, 0xDF, 0xDF, 0xDF, 0xDF, 0xDF, 0xDF, 0xDF, 0xDF, 0xDF, 0xDF, 0xDF,
    0xDF, 0xDF, 0xDF, 0xDF, 0xDF, 0xDF, 0xDF, 0xDF, 0xDF, 0xDF, 0xDF, 0xDF, 0xDF, 0xDF, 0xDF, 0xDF,
    0xDF, 0xDF, 0xDF, 0xDF, 0xDF, 0xDF, 0xDF, 0xDF, 0xDF, 0xDF, 0xDF, 0xDF, 0xDF, 0xDF, 0xDF, 0xDF,
    0xDF, 0xDF, 0xDF, 0xDF, 0xDF, 0xDF, 0xDF, 0xDF, 0xDF, 0xDF, 0xDF, 0xDF, 0xDF, 0xDF, 0xDF, 0xDF,
    0xDF, 0xDF, 0xDF, 0xDF, 0xDF, 0xDF, 0xDF, 0xDF, 0xDF, 0xDF, 0xDF, 0xDF, 0xDF, 0xDF, 0xDF, 0xDF,
    0xDF, 0xDF, 0xDF, 0xDF, 0xDF, 0xDF, 0xDF, 0xDF, 0xDF, 0xDF, 0xDF, 0xDF, 0xDF, 0xDF, 0xDF, 0xDF,
    0xDF, 0xDF, 0xDF, 0xDF, 0xDF, 0xDF, 0xDF, 0xDF, 0xDF, 0xDF, 0xDF, 0xDF, 0xDF, 0xDF, 0xDF, 0xDF,
    0xDF, 0xDF, 0xDF, 0xDF, 0xDF, 0xDF, 0xDF, 0xDF, 0xDF, 0xDF, 0xDF, 0xDF, 0xDF, 0xDF, 0xDF, 0xDF,
    0xDF, 0xDF, 0xDF, 0xDF, 0xDF, 0xDF, 0xDF, 0xDF, 0xDF, 0xDF, 0xDF, 0xDF, 0xDF, 0xDF, 0xDF, 0xDF,
    0xDF, 0xDF, 0xDF, 0xDF, 0xDF, 0xDF, 0xDF, 0xDF, 0xDF, 0xDF, 0xDF, 0xDF, 0xDF, 0xDF, 0xDF, 0xDF,
    0xDF, 0xDF, 0xDF, 0xDF, 0xDF, 0xDF, 0xDF, 0xDF, 0xDF, 0xDF, 0xDF, 0xDF, 0xDF, 0xDF, 0xDF, 0xDF,
    0xDF, 0xDF, 0xDF, 0xDF, 0xDF, 0xDF, 0xDF, 0xDF, 0xDF, 0xDF, 0xDF, 0xDF, 0xDF, 0xDF, 0xDF, 0xDF,
    0xDF, 0xDF, 0xDF, 0xDF, 0xDF, 0xDF, 0xDF, 0xDF, 0xDF, 0xDF, 0xDF, 0xDF, 0xDF, 0xDF, 0xDF, 0xDF,
    0xDF, 0xDF, 0xDF, 0xDF, 0xDF, 0xDF, 0xDF, 0xDF, 0xDF, 0xDF, 0xDF, 0xDF, 0xDF, 0xDF, 0xDF, 0xDF,
    0xDF, 0xDF, 0xDF, 0xDF, 0xDF, 0xDF, 0xDF, 0xDF, 0xDF, 0xDF, 0xDF, 0xDF, 0xDF, 0xDF, 0xDF, 0xDF,
    0xDF, 0xDF, 0xDF, 0xDF, 0xDF, 0xDF, 0xDF, 0xDF, 0xDF, 0xDF, 0xDF, 0xDF, 0xDF, 0xDF, 0xDF, 0xDF,
    0xDF, 0xDF, 0xDF, 0xDF, 0xDF, 0xDF, 0xDF, 0xDF, 0xDF, 0xDF, 0xDF, 0xDF, 0xDF, 0xDF, 0xDF, 0xDF,
    0xDF, 0xDF, 0xDF, 0xDF, 0xDF, 0xDF, 0xDF, 0xDF, 0xDF, 0xDF, 0xDF, 0xDF, 0xDF, 0xDF, 0xDF, 0xDF,
    0xDF, 0xDF, 0xDF, 0xDF, 0xDF, 0xDF, 0xDF, 0xDF, 0xDF, 0xDF, 0xDF, 0xDF, 0xDF, 0xDF, 0xDF, 0xDF,
    0xDF, 0xDF, 0xDF, 0xDF, 0xDF, 0xDF, 0xDF, 0xDF, 0xDF, 0xDF, 0xDF, 0xDF, 0xDF, 0xDF, 0xDF, 0xDF,
    0xDF, 0xDF, 0xDF, 0xDF, 0xDF, 0xDF, 0xDF, 0xDF, 0xDF, 0xDF, 0xDF, 0xDF, 0xDF, 0xDF, 0xDF, 0xDF,
    0xDF, 0xDF, 0xDF, 0xDF, 0xDF, 0xDF, 0xDF, 0xDF, 0xDF, 0xDF, 0xDF, 0xDF, 0xDF, 0xDF, 0xDF, 0xDF,
    0xDF, 0xDF, 0xDF, 0xDF, 0xDF, 0xDF, 0xDF, 0xDF, 0xDF, 0xDF, 0xDF, 0xDF, 0xDF, 0xDF, 0xDF, 0xDF,
    0xDF, 0xDF, 0xDF, 0xDF, 0xDF, 0xDF, 0xDF, 0xDF, 0xDF, 0xDF, 0xDF, 0xDF, 0xDF, 0xDF, 0xDF, 0xDF,
    0xDF, 0xDF, 0xDF, 0xDF, 0xDF, 0xDF, 0xDF, 0xDF, 0xDF, 0xDF, 0xDF, 0xDF, 0xDF, 0xDF, 0xDF, 0xDF,
    0xDF, 0xDF, 0xDF, 0xDF, 0xDF, 0xDF, 0xDF, 0xDF, 0xDF, 0xDF, 0xDF, 0xDF, 0xDF, 0xDF, 0xDF, 0xDF,
    0xDF, 0xDF, 0xDF, 0xDF, 0xDF, 0xDF, 0xDF, 0xDF, 0xDF, 0xDF, 0xDF, 0xDF, 0xDF, 0xDF, 0xDF, 0xDF,
    0xDF, 0xDF, 0xDF, 0xDF, 0xDF, 0xDF, 0xDF, 0xDF, 0xDF, 0xDF, 0xDF, 0xDF, 0xDF, 0xDF, 0xDF, 0xDF,
    0xDF, 0xDF, 0xDF, 0xDF, 0xDF, 0xDF, 0xDF, 0xDF, 0xDF, 0xDF, 0xDF, 0xDF, 0xDF, 0xDF, 0xDF, 0xDF,
    0xDF, 0xDF, 0xDF, 0xDF, 0xDF, 0xDF, 0xDF, 0xDF, 0xDF, 0xDF, 0xDF, 0xDF, 0xDF, 0xDF, 0xDF, 0xDF,
    0xDF, 0xDF, 0xDF, 0xDF, 0xDF, 0xDF, 0xDF, 0xDF, 0xDF, 0xDF, 0xDF, 0xDF, 0xDF, 0xDF, 0xDF, 0xDF,
    0xDF, 0xDF, 0xDF, 0xDF, 0xDF, 0xDF, 0xDF, 0xDF, 0xDF, 0xDF, 0xDF, 0xDF, 0xDF, 0xDF, 0xDF, 0xDF,
    0xDF, 0xDF, 0xDF, 0xDF, 0xDF, 0xDF, 0xDF, 0xDF, 0xDF, 0xDF, 0xDF, 0xDF, 0xDF, 0xDF, 0xDF, 0xDF,
    0xDF, 0xDF, 0xDF, 0xDF, 0xDF, 0xDF, 0xDF, 0xDF, 0xDF, 0xDF, 0xDF, 0xDF, 0xDF, 0xDF, 0xDF, 0xDF,
    0xDF, 0xDF, 0xDF, 0xDF, 0xDF, 0xDF, 0xDF, 0xDF, 0xDF, 0xDF, 0xDF, 0xDF, 0xDF, 0xDF, 0xDF, 0xDF,
    0xDF, 0xDF, 0xDF, 0xDF, 0xDF, 0xDF, 0xDF, 0xDF, 0xDF, 0xDF, 0xDF, 0xDF, 0xDF, 0xDF, 0xDF, 0xDF,
    0xDF, 0xDF, 0xDF, 0xDF, 0xDF, 0xDF, 0xDF, 0xDF, 0xDF, 0xDF, 0xDF, 0xDF, 0xDF, 0xDF, 0xDF, 0xDF,
    0xDF, 0xDF, 0xDF, 0xDF, 0xDF, 0xDF, 0xDF, 0xDF, 0xDF, 0xDF, 0xDF, 0xDF, 0xDF, 0xDF, 0xDF, 0xDF,
    0xDF, 0xDF, 0xDF, 0xDF, 0xDF, 0xDF, 0xDF, 0xDF, 0xDF, 0xDF, 0xDF, 0xDF, 0xDF, 0xDF, 0xDF, 0xDF,
    0xDF, 0xDF, 0xDF, 0xDF, 0xDF, 0xDF, 0xDF, 0xDF, 0xDF, 0xDF, 0xDF, 0xDF, 0xDF, 0xDF, 0xDF, 0xDF,
    0xDF, 0xDF, 0xDF, 0xDF, 0xDF, 0xDF, 0xDF, 0xDF, 0xDF, 0xDF, 0xDF, 0xDF, 0xDF, 0xDF, 0xDF, 0xDF,
    0xDF, 0xDF, 0xDF, 0xDF, 0xDF, 0xDF, 0xDF, 0xDF, 0xDF, 0xDF, 0xDF, 0xDF, 0xDF, 0xDF, 0xDF, 0xDF,
    0xDF, 0xDF, 0xDF, 0xDF, 0xDF, 0xDF, 0xDF, 0xDF, 0xDF, 0xDF, 0xDF, 0xDF, 0xDF, 0xDF, 0xDF, 0xDF,
    0xDF, 0xDF, 0xDF, 0xDF, 0xDF, 0xDF, 0xDF, 0xDF, 0xDF, 0xDF, 0xDF, 0xDF, 0xDF, 0xDF, 0xDF, 0xDF,
    0xDF, 0xDF, 0xDF, 0xDF, 0xDF, 0xDF, 0xDF, 0xDF, 0xDF, 0xDF, 0xDF, 0xDF, 0xDF, 0xDF, 0xDF, 0xDF,
    0xDF, 0xDF, 0xDF, 0xDF, 0xDF, 0xDF, 0xDF, 0xDF, 0xDF, 0xDF, 0xDF, 0xDF, 0xDF, 0xDF, 0xDF, 0xDF,
    0xDF, 0xDF, 0xDF, 0xDF, 0xDF, 0xDF, 0xDF, 0xDF, 0xDF, 0xDF, 0xDF, 0xDF, 0xDF, 0xDF, 0xDF, 0xDF,
    0xDF, 0xDF, 0xDF, 0xDF, 0xDF, 0xDF, 0xDF, 0xDF, 0xDF, 0xDF, 0xDF, 0xDF, 0xDF, 0xDF, 0xDF, 0xDF,
    0xDF, 0xDF, 0xDF, 0xDF, 0xDF, 0xDF, 0xDF, 0xDF, 0xDF, 0xDF, 0xDF, 0xDF, 0xDF, 0xDF, 0xDF, 0xDF,
    0xDF, 0xDF, 0xDF, 0xDF, 0xDF, 0xDF, 0xDF, 0xDF, 0xDF, 0xDF, 0xDF, 0xDF, 0xDF, 0xDF, 0xDF, 0xDF,
    0xDF, 0xDF, 0xDF, 0xDF, 0xDF, 0xDF, 0xDF, 0xDF, 0xDF, 0xDF, 0xDF, 0xDF, 0xDF, 0xDF, 0xDF, 0xDF,
    0xDF, 0xDF, 0xDF, 0xDF, 0xDF, 0xDF, 0xDF, 0xDF, 0xDF, 0xDF, 0xDF, 0xDF, 0xDF, 0xDF, 0xDF, 0xDF,
    0xDF, 0xDF, 0xDF, 0xDF, 0xDF, 0xDF, 0xDF, 0xDF, 0xDF, 0xDF, 0xDF, 0xDF, 0xDF, 0xDF, 0xDF, 0xDF,
    0xDF, 0xDF, 0xDF, 0xDF, 0xDF, 0xDF, 0xDF, 0xDF, 0xDF, 0xDF, 0xDF, 0xDF, 0xDF, 0xDF, 0xDF, 0xDF,
    0xDF, 0xDF, 0xDF, 0xDF, 0xDF, 0xDF, 0xDF, 0xDF, 0xDF, 0xDF, 0xDF, 0xDF, 0xDF, 0xDF, 0xDF, 0xDF,
    0xDF, 0xDF, 0xDF, 0xDF, 0xDF, 0xDF, 0xDF, 0xDF, 0xDF, 0xDF, 0xDF, 0xDF, 0xDF, 0xDF, 0xDF, 0xDF,
    0xDF, 0xDF, 0xDF, 0xDF, 0xDF, 0xDF, 0xDF, 0xDF, 0xDF, 0xDF, 0xDF, 0xDF, 0xDF, 0xDF, 0xDF, 0xDF,
};

constexpr int kWorkingNeutralSpriteWidth = 64;
constexpr int kWorkingNeutralSpriteHeight = 64;
constexpr int kWorkingNeutralSpriteFrameCount = 2;
const uint8_t* const kWorkingNeutralSpriteFrames[kWorkingNeutralSpriteFrameCount] = {
    kWorkingNeutralSpriteFrame0,
    kWorkingNeutralSpriteFrame1,
};

// Mood: WorkingSad
const uint8_t kWorkingSadSpriteFrame0[] PROGMEM = {
    0xDF, 0xDF, 0xDF, 0xDF, 0xDF, 0xDF, 0xDF, 0xDF, 0xDF, 0xDF, 0xDF, 0xDF, 0xDF, 0xDF, 0xDF, 0xDF,
    0xDF, 0xDF, 0xDF, 0xDF, 0xDF, 0xDF, 0xDF, 0xDF, 0xDF, 0xDF, 0xDF, 0xDF, 0xDF, 0xDF, 0xDF, 0xDF,
    0xDF, 0xDF, 0xDF, 0xDF, 0xDF, 0xDF, 0xDF, 0xDF, 0xDF, 0xDF, 0xDF, 0xDF, 0xDF, 0xDF, 0xDF, 0xDF,
    0xDF, 0xDF, 0xDF, 0xDF, 0xDF, 0xDF, 0xDF, 0xDF, 0xDF, 0xDF, 0xDF, 0xDF, 0xDF, 0xDF, 0xDF, 0xDF,
    0xDF, 0xDF, 0xDF, 0xDF, 0xDF, 0xDF, 0xDF, 0xDF, 0xDF, 0xDF, 0xDF, 0xDF, 0xDF, 0xDF, 0xDF, 0xDF,
    0xDF, 0xDF, 0xDF, 0xDF, 0xDF, 0xDF, 0xDF, 0xDF, 0xDF, 0xDF, 0xDF, 0xDF, 0xDF, 0xDF, 0xDF, 0xDF,
    0xDF, 0xDF, 0xDF, 0xDF, 0xDF, 0xDF, 0xDF, 0xDF, 0xDF, 0xDF, 0xDF, 0xDF, 0xDF, 0xDF, 0xDF, 0xDF,
    0xDF, 0xDF, 0xDF, 0xDF, 0xDF, 0xDF, 0xDF, 0xDF, 0xDF, 0xDF, 0xDF, 0xDF, 0xDF, 0xDF, 0xDF, 0xDF,
    0xDF, 0xDF, 0xDF, 0xDF, 0xDF, 0xDF, 0xDF, 0xDF, 0xDF, 0xDF, 0xDF, 0xDF, 0xDF, 0xDF, 0xDF, 0xDF,
    0xDF, 0xDF, 0xDF, 0xDF, 0xDF, 0xDF, 0xDF, 0xDF, 0xDF, 0xDF, 0xDF, 0xDF, 0xDF, 0xDF, 0xDF, 0xDF,
    0xDF, 0xDF, 0xDF, 0xDF, 0xDF, 0xDF, 0xDF, 0xDF, 0xDF, 0xDF, 0xDF, 0xDF, 0xDF, 0xDF, 0xDF, 0xDF,
    0xDF, 0xDF, 0xDF, 0xDF, 0xDF, 0xDF, 0xDF, 0xDF, 0xDF, 0xDF, 0xDF, 0xDF, 0xDF, 0xDF, 0xDF, 0xDF,
    0xDF, 0xDF, 0xDF, 0xDF, 0xDF, 0xDF, 0xDF, 0xDF, 0xDF, 0xDF, 0xDF, 0xDF, 0xDF, 0xDF, 0xDF, 0xDF,
    0xDF, 0xDF, 0xDF, 0xDF, 0xDF, 0xDF, 0xDF, 0xDF, 0xDF, 0xDF, 0xDF, 0xDF, 0xDF, 0xDF, 0xDF, 0xDF,
    0xDF, 0xDF, 0xDF, 0xDF, 0xDF, 0xDF, 0xDF, 0xDF, 0xDF, 0xDF, 0xDF, 0xDF, 0xDF, 0xDF, 0xDF, 0xDF,
    0xDF, 0xDF, 0xDF, 0xDF, 0xDF, 0xDF, 0xDF, 0xDF, 0xDF, 0xDF, 0xDF, 0xDF, 0xDF, 0xDF, 0xDF, 0xDF,
    0xDF, 0xDF, 0xDF, 0xDF, 0xDF, 0xDF, 0xDF, 0xDF, 0xDF, 0xDF, 0xDF, 0xDF, 0xDF, 0xDF, 0xDF, 0xDF,
    0xDF, 0xDF, 0xDF, 0xDF, 0xDF, 0xDF, 0xDF, 0xDF, 0xDF, 0xDF, 0xDF, 0xDF, 0xDF, 0xDF, 0xDF, 0xDF,
    0xDF, 0xDF, 0xDF, 0xDF, 0xDF, 0xDF, 0xDF, 0xDF, 0xDF, 0xDF, 0xDF, 0xDF, 0xDF, 0xDF, 0xDF, 0xDF,
    0xDF, 0xDF, 0xDF, 0xDF, 0xDF, 0xDF, 0xDF, 0xDF, 0xDF, 0xDF, 0xDF, 0xDF, 0xDF, 0xDF, 0xDF, 0xDF,
    0xDF, 0xDF, 0xDF, 0xDF, 0xDF, 0xDF, 0xDF, 0xDF, 0xDF, 0xDF, 0xDF, 0xDF, 0xDF, 0xDF, 0xDF, 0xDF,
    0xDF, 0xDF, 0xDF, 0xDF, 0xDF, 0xDF, 0xDF, 0xDF, 0xDF, 0xDF, 0xDF, 0xDF, 0xDF, 0xDF, 0xDF, 0xDF,
    0xDF, 0xDF, 0xDF, 0xDF, 0xDF, 0xDF, 0xDF, 0xDF, 0xDF, 0xDF, 0xDF, 0xDF, 0xDF, 0xDF, 0xDF, 0xDF,
    0xDF, 0xDF, 0xDF, 0xDF, 0xDF, 0xDF, 0xDF, 0xDF, 0xDF, 0xDF, 0xDF, 0xDF, 0xDF, 0xDF, 0xDF, 0xDF,
    0xDF, 0xDF, 0xDF, 0xDF, 0xDF, 0xDF, 0xDF, 0xDF, 0xDF, 0xDF, 0xDF, 0xDF, 0xDF, 0xDF, 0xDF, 0xDF,
    0xDF, 0xDF, 0xDF, 0xDF, 0xDF, 0xDF, 0xDF, 0xDF, 0xDF, 0xDF, 0xDF, 0xDF, 0xDF, 0xDF, 0xDF, 0xDF,
    0xDF, 0xDF, 0xDF, 0xDF, 0xDF, 0xDF, 0xDF, 0xDF, 0xDF, 0xDF, 0xDF, 0xDF, 0xDF, 0xDF, 0xDF, 0xDF,
    0xDF, 0xDF, 0xDF, 0xDF, 0xDF, 0xDF, 0xDF, 0xDF, 0xDF, 0xDF, 0xDF, 0xDF, 0xDF, 0xDF, 0xDF, 0xDF,
    0xDF, 0xDF, 0xDF, 0xDF, 0xDF, 0xDF, 0xDF, 0xDF, 0xDF, 0xDF, 0xDF, 0xDF, 0xDF, 0xDF, 0xDF, 0xDF,
    0xDF, 0xDF, 0xDF, 0xDF, 0xDF, 0xDF, 0xDF, 0xDF, 0xDF, 0xDF, 0xDF, 0xDF, 0xDF, 0xDF, 0xDF, 0xDF,
    0xDF, 0xDF, 0xDF, 0xDF, 0xDF, 0xDF, 0xDF, 0xDF, 0xDF, 0xDF, 0xDF, 0xDF, 0xDF, 0xDF, 0xDF, 0xDF,
    0xDF, 0xDF, 0xDF, 0xDF, 0xDF, 0xDF, 0xDF, 0xDF, 0xDF, 0xDF, 0xDF, 0xDF, 0xDF, 0xDF, 0xDF, 0xDF,
    0xDF, 0xDF, 0xDF, 0xDF, 0xDF, 0xDF, 0xDF, 0xDF, 0xDF, 0xDF, 0xDF, 0xDF, 0xDF, 0xDF, 0xDF, 0xDF,
    0xDF, 0xDF, 0xDF, 0xDF, 0xDF, 0xDF, 0xDF, 0xDF, 0xDF, 0xDF, 0xDF, 0xDF, 0xDF, 0xDF, 0xDF, 0xDF,
    0xDF, 0xDF, 0xDF, 0xDF, 0xDF, 0xDF, 0xDF, 0xDF, 0xDF, 0xDF, 0xDF, 0xDF, 0xDF, 0xDF, 0xDF, 0xDF,
    0xDF, 0xDF, 0xDF, 0xDF, 0xDF, 0xDF, 0xDF, 0xDF, 0xDF, 0xDF, 0xDF, 0xDF, 0xDF, 0xDF, 0xDF, 0xDF,
    0xDF, 0xDF, 0xDF, 0xDF, 0xDF, 0xDF, 0xDF, 0xDF, 0xDF, 0xDF, 0xDF, 0xDF, 0xDF, 0xDF, 0xDF, 0xDF,
    0xDF, 0xDF, 0xDF, 0xDF, 0xDF, 0xDF, 0xDF, 0xDF, 0xDF, 0xDF, 0xDF, 0xDF, 0xDF, 0xDF, 0xDF, 0xDF,
    0xDF, 0xDF, 0xDF, 0xDF, 0xDF, 0xDF, 0xDF, 0xDF, 0xDF, 0xDF, 0xDF, 0xDF, 0xDF, 0xDF, 0xDF, 0xDF,
    0xDF, 0xDF, 0xDF, 0xDF, 0xDF, 0xDF, 0xDF, 0xDF, 0xDF, 0xDF, 0xDF, 0xDF, 0xDF, 0xDF, 0xDF, 0xDF,
    0xDF, 0xDF, 0xDF, 0xDF, 0xDF, 0xDF, 0xDF, 0xDF, 0xDF, 0xDF, 0xDF, 0xDF, 0xDF, 0xDF, 0xDF, 0xDF,
    0xDF, 0xDF, 0xDF, 0xDF, 0xDF, 0xDF, 0xDF, 0xDF, 0xDF, 0xDF, 0xDF, 0xDF, 0xDF, 0xDF, 0xDF, 0xDF,
    0xDF, 0xDF, 0xDF, 0xDF, 0xDF, 0xDF, 0xDF, 0xDF, 0xDF, 0xDF, 0xDF, 0xDF, 0xDF, 0xDF, 0xDF, 0xDF,
    0xDF, 0xDF, 0xDF, 0xDF, 0xDF, 0xDF, 0xDF, 0xDF, 0xDF, 0xDF, 0xDF, 0xDF, 0xDF, 0xDF, 0xDF, 0xDF,
    0xDF, 0xDF, 0xDF, 0xDF, 0xDF, 0xDF, 0xDF, 0xDF, 0xDF, 0xDF, 0xDF, 0xDF, 0xDF, 0xDF, 0xDF, 0xDF,
    0xDF, 0xDF, 0xDF, 0xDF, 0xDF, 0xDF, 0xDF, 0xDF, 0xDF, 0xDF, 0xDF, 0xDF, 0xDF, 0xDF, 0xDF, 0xDF,
    0xDF, 0xDF, 0xDF, 0xDF, 0xDF, 0xDF, 0xDF, 0xDF, 0xDF, 0xDF, 0xDF, 0xDF, 0xDF, 0xDF, 0xDF, 0xDF,
    0xDF, 0xDF, 0xDF, 0xDF, 0xDF, 0xDF, 0xDF, 0xDF, 0xDF, 0xDF, 0xDF, 0xDF, 0xDF, 0xDF, 0xDF, 0xDF,
    0xDF, 0xDF, 0xDF, 0xDF, 0xDF, 0xDF, 0xDF, 0xDF, 0xDF, 0xDF, 0xDF, 0xDF, 0xDF, 0xDF, 0xDF, 0xDF,
    0xDF, 0xDF, 0xDF, 0xDF, 0xDF, 0xDF, 0xDF, 0xDF, 0xDF, 0xDF, 0xDF, 0xDF, 0xDF, 0xDF, 0xDF, 0xDF,
    0xDF, 0xDF, 0xDF, 0xDF, 0xDF, 0xDF, 0xDF, 0xDF, 0xDF, 0xDF, 0xDF, 0xDF, 0xDF, 0xDF, 0xDF, 0xDF,
    0xDF, 0xDF, 0xDF, 0xDF, 0xDF, 0xDF, 0xDF, 0xDF, 0xDF, 0xDF, 0xDF, 0xDF, 0xDF, 0xDF, 0xDF, 0xDF,
    0xDF, 0xDF, 0xDF, 0xDF, 0xDF, 0xDF, 0xDF, 0xDF, 0xDF, 0xDF, 0xDF, 0xDF, 0xDF, 0xDF, 0xDF, 0xDF,
    0xDF, 0xDF, 0xDF, 0xDF, 0xDF, 0xDF, 0xDF, 0xDF, 0xDF, 0xDF, 0xDF, 0xDF, 0xDF, 0xDF, 0xDF, 0xDF,
    0xDF, 0xDF, 0xDF, 0xDF, 0xDF, 0xDF, 0xDF, 0xDF, 0xDF, 0xDF, 0xDF, 0xDF, 0xDF, 0xDF, 0xDF, 0xDF,
    0xDF, 0xDF, 0xDF, 0xDF, 0xDF, 0xDF, 0xDF, 0xDF, 0xDF, 0xDF, 0xDF, 0xDF, 0xDF, 0xDF, 0xDF, 0xDF,
    0xDF, 0xDF, 0xDF, 0xDF, 0xDF, 0xDF, 0xDF, 0xDF, 0xDF, 0xDF, 0xDF, 0xDF, 0xDF, 0xDF, 0xDF, 0xDF,
    0xDF, 0xDF, 0xDF, 0xDF, 0xDF, 0xDF, 0xDF, 0xDF, 0xDF, 0xDF, 0xDF, 0xDF, 0xDF, 0xDF, 0xDF, 0xDF,
    0xDF, 0xDF, 0xDF, 0xDF, 0xDF, 0xDF, 0xDF, 0xDF, 0xDF, 0xDF, 0xDF, 0xDF, 0xDF, 0xDF, 0xDF, 0xDF,
    0xDF, 0xDF, 0xDF, 0xDF, 0xDF, 0xDF, 0xDF, 0xDF, 0xDF, 0xDF, 0xDF, 0xDF, 0xDF, 0xDF, 0xDF, 0xDF,
    0xDF, 0xDF, 0xDF, 0xDF, 0xDF, 0xDF, 0xDF, 0xDF, 0xDF, 0xDF, 0xDF, 0xDF, 0xDF, 0xDF, 0xDF, 0xDF,
    0xDF, 0xDF, 0xDF, 0xDF, 0xDF, 0xDF, 0xDF, 0xDF, 0xDF, 0xDF, 0xDF, 0xDF, 0xDF, 0xDF, 0xDF, 0xDF,
    0xDF, 0xDF, 0xDF, 0xDF, 0xDF, 0xDF, 0xDF, 0xDF, 0xDF, 0xDF, 0xDF, 0xDF, 0xDF, 0xDF, 0xDF, 0xDF,
    0xDF, 0xDF, 0xDF, 0xDF, 0xDF, 0xDF, 0xDF, 0xDF, 0xDF, 0xDF, 0xDF, 0xDF, 0xDF, 0xDF, 0xDF, 0xDF,
    0xDF, 0xDF, 0xDF, 0xDF, 0xDF, 0xDF, 0xDF, 0xDF, 0xDF, 0xDF, 0xDF, 0xDF, 0xDF, 0xDF, 0xDF, 0xDF,
    0xDF, 0xDF, 0xDF, 0xDF, 0xDF, 0xDF, 0xDF, 0xDF, 0xDF, 0xDF, 0xDF, 0xDF, 0xDF, 0xDF, 0xDF, 0xDF,
    0xDF, 0xDF, 0xDF, 0xDF, 0xDF, 0xDF, 0xDF, 0xDF, 0xDF, 0xDF, 0xDF, 0xDF, 0xDF, 0xDF, 0xDF, 0xDF,
    0xDF, 0xDF, 0xDF, 0xDF, 0xDF, 0xDF, 0xDF, 0xDF, 0xDF, 0xDF, 0xDF, 0xDF, 0xDF, 0xDF, 0xDF, 0xDF,
    0xDF, 0xDF, 0xDF, 0xDF, 0xDF, 0xDF, 0xDF, 0xDF, 0xDF, 0xDF, 0xDF, 0xDF, 0xDF, 0xDF, 0xDF, 0xDF,
    0x25, 0x25, 0xDF, 0xDF, 0xDF, 0xDF, 0xDF, 0xDF, 0xDF, 0xDF, 0xDF, 0xDF, 0xDF, 0xDF, 0xDF, 0xDF,
    0xDF, 0xDF, 0xDF, 0xDF, 0xDF, 0xDF, 0xDF, 0xDF, 0xDF, 0xDF, 0xDF, 0xDF, 0xDF, 0xDF, 0xDF, 0xDF,
    0xDF, 0xDF, 0xDF, 0xDF, 0xDF, 0xDF, 0xDF, 0xDF, 0xDF, 0xDF, 0xDF, 0xDF, 0xDF, 0xDF, 0xDF, 0xDF,
    0xDF, 0xDF, 0xDF, 0xDF, 0xDF, 0xDF, 0xDF, 0xDF, 0xDF, 0xDF, 0xDF, 0xDF, 0xDF, 0xDF, 0xDF, 0x25,
    0x51, 0x51, 0x25, 0xDF, 0xDF, 0xDF, 0xDF, 0xDF, 0xDF, 0xDF, 0xDF, 0xDF, 0xDF, 0xDF, 0xDF, 0xDF,
    0xDF, 0xDF, 0xDF, 0xDF, 0xDF, 0xDF, 0xDF, 0xDF, 0xDF, 0xDF, 0xDF, 0xDF, 0xDF, 0xDF, 0xDF, 0xDF,
    0xDF, 0xDF, 0xDF, 0xDF, 0xDF, 0xDF, 0xDF, 0xDF, 0xDF, 0xDF, 0xDF, 0xDF, 0xDF, 0xDF, 0xDF, 0xDF,
    0xDF, 0xDF, 0xDF, 0xDF, 0xDF, 0xDF, 0xDF, 0xDF, 0xDF, 0xDF, 0xDF, 0x25, 0x25, 0x25, 0x25, 0x51,
    0x51, 0x25, 0x25, 0x25, 0xDF, 0xDF, 0x25, 0x25, 0xDF, 0xDF, 0xDF, 0xDF, 0xDF, 0xDF, 0xDF, 0xDF,
    0xDF, 0xDF, 0xDF, 0xDF, 0xDF, 0xDF, 0xDF, 0xDF, 0xDF, 0xDF, 0xDF, 0xDF, 0xDF, 0xDF, 0xDF, 0xDF,
    0xDF, 0xDF, 0xDF, 0xDF, 0xDF, 0xDF, 0xDF, 0xDF, 0xDF, 0xDF, 0xDF, 0xDF, 0xDF, 0xDF, 0xDF, 0xDF,
    0xDF, 0xDF, 0xDF, 0xDF, 0xDF, 0xDF, 0xDF, 0xDF, 0xDF, 0xDF, 0x25, 0x51, 0x51, 0x51, 0x51, 0x51,
    0x25, 0x4B, 0x4B, 0x25, 0xDF, 0x25, 0x25, 0x4B, 0x25, 0xDF, 0xDF, 0xDF, 0xDF, 0xDF, 0xDF, 0xDF,
    0xDF, 0xDF, 0xDF, 0xDF, 0xDF, 0xDF, 0xDF, 0xDF, 0xDF, 0xDF, 0xDF, 0xDF, 0xDF, 0xDF, 0xDF, 0xDF,
    0xDF, 0xDF, 0xDF, 0xDF, 0xDF, 0xDF, 0xDF, 0xDF, 0xDF, 0xDF, 0xDF, 0xDF, 0xDF, 0xDF, 0xDF, 0xDF,
    0xDF, 0xDF, 0xDF, 0xDF, 0xDF, 0xDF, 0xDF, 0xDF, 0xDF, 0xDF, 0xDF, 0x25, 0x51, 0x51, 0x25, 0x25,
    0x25, 0x4B, 0x4B, 0x25, 0x25, 0x25, 0x4B, 0x4B, 0x25, 0xDF, 0xDF, 0xDF, 0xDF, 0xDF, 0xDF, 0xDF,
    0xDF, 0xDF, 0xDF, 0xDF, 0xDF, 0xDF, 0xDF, 0xDF, 0xDF, 0xDF, 0xDF, 0xDF, 0xDF, 0xDF, 0xDF, 0xDF,
    0xDF, 0xDF, 0xDF, 0xDF, 0xDF, 0xDF, 0xDF, 0xDF, 0xDF, 0xDF, 0xDF, 0xDF, 0xDF, 0xDF, 0xDF, 0xDF,
    0xDF, 0xDF, 0xDF, 0xDF, 0xDF, 0xDF, 0xDF, 0xDF, 0xDF, 0xDF, 0x25, 0x4B, 0x25, 0x51, 0x51, 0x25,
    0x25, 0x4B, 0x4B, 0x4B, 0x25, 0x4B, 0x4B, 0x4B, 0x25, 0xDF, 0xDF, 0xDF, 0xDF, 0xDF, 0xDF, 0xDF,
    0xDF, 0xDF, 0xDF, 0xDF, 0xDF, 0xDF, 0xDF, 0xDF, 0xDF, 0xDF, 0xDF, 0xDF, 0xDF, 0xDF, 0xDF, 0xDF,
    0xDF, 0xDF, 0xDF, 0xDF, 0xDF, 0xDF, 0xDF, 0xDF, 0xDF, 0xDF, 0xDF, 0xDF, 0xDF, 0xDF, 0xDF, 0xDF,
    0xDF, 0xDF, 0xDF, 0xDF, 0xDF, 0xDF, 0xDF, 0xDF, 0xDF, 0x25, 0x4B, 0x4B, 0x25, 0x51, 0x51, 0x25,
    0x4B, 0x4B, 0x4B, 0x4B, 0x4B, 0x4B, 0x4B, 0x4B, 0x25, 0x25, 0xDF, 0xDF, 0xDF, 0xDF, 0xDF, 0xDF,
    0xDF, 0xDF, 0xDF, 0xDF, 0xDF, 0xDF, 0xDF, 0xDF, 0xDF, 0xDF, 0xDF, 0xDF, 0xDF, 0xDF, 0xDF, 0xDF,
    0xDF, 0xDF, 0xDF, 0xDF, 0xDF, 0xDF, 0xDF, 0xDF, 0xDF, 0xDF, 0xDF, 0xDF, 0xDF, 0xDF, 0xDF, 0xDF,
    0xDF, 0xDF, 0xDF, 0xDF, 0xDF, 0xDF, 0xDF, 0xDF, 0x25, 0x25, 0x4B, 0x4B, 0x4B, 0x25, 0x25, 0x25,
    0x4B, 0x4B, 0x4B, 0x4B, 0x4B, 0x4B, 0x4B, 0x4B, 0x4B, 0x25, 0xDF, 0xDF, 0xDF, 0xDF, 0xDF, 0xDF,
    0xDF, 0xDF, 0xDF, 0xDF, 0xDF, 0xDF, 0xDF, 0xDF, 0xDF, 0xDF, 0xDF, 0xDF, 0xDF, 0xDF, 0xDF, 0xDF,
    0xDF, 0xDF, 0xDF, 0xDF, 0xDF, 0xDF, 0xDF, 0xDF, 0xDF, 0xDF, 0xDF, 0xDF, 0xDF, 0xDF, 0xDF, 0xDF,
    0xDF, 0xDF, 0xDF, 0xDF, 0xDF, 0xDF, 0xDF, 0xDF, 0x25, 0x4B, 0x4B, 0x4B, 0x4B, 0x4B, 0x4B, 0x4B,
    0x4B, 0x4B, 0x4B, 0x4B, 0x4B, 0x4B, 0x4B, 0x4B, 0x4B, 0x25, 0x25, 0xDF, 0xDF, 0xDF, 0xDF, 0xDF,
    0xDF, 0xDF, 0xDF, 0xDF, 0xDF, 0xDF, 0xDF, 0xDF, 0xDF, 0xDF, 0xDF, 0xDF, 0xDF, 0xDF, 0xDF, 0xDF,
    0xDF, 0xDF, 0xDF, 0xDF, 0xDF, 0xDF, 0xDF, 0xDF, 0xDF, 0xDF, 0xDF, 0xDF, 0xDF, 0xDF, 0xDF, 0xDF,
    0xDF, 0xDF, 0xDF, 0xDF, 0xDF, 0xDF, 0xDF, 0x25, 0x25, 0x4B, 0x4B, 0x4B, 0x4B, 0x4B, 0x4B, 0x4B,
    0x4B, 0x4B, 0x4B, 0x4B, 0x4B, 0x4B, 0x4B, 0x4B, 0x4B, 0x4B, 0x25, 0xDF, 0xDF, 0xDF, 0xDF, 0xDF,
    0xDF, 0xDF, 0xDF, 0xDF, 0xDF, 0xDF, 0xDF, 0xDF, 0xDF, 0xDF, 0xDF, 0xDF, 0xDF, 0xDF, 0xDF, 0xDF,
    0xDF, 0xDF, 0xDF, 0xDF, 0xDF, 0xDF, 0xDF, 0xDF, 0xDF, 0xDF, 0xDF, 0xDF, 0xDF, 0xDF, 0xDF, 0xDF,
    0xDF, 0xDF, 0xDF, 0xDF, 0xDF, 0xDF, 0xDF, 0x25, 0x4B, 0x4B, 0x4B, 0x4B, 0x4B, 0x4B, 0x4B, 0x4B,
    0x4B, 0x25, 0x4B, 0x4B, 0x4B, 0x4B, 0x25, 0x4B, 0x4B, 0x4B, 0x25, 0xDF, 0xDF, 0xDF, 0xDF, 0xDF,
    0xDF, 0xDF, 0xDF, 0xDF, 0xDF, 0xDF, 0xDF, 0xDF, 0xDF, 0xDF, 0xDF, 0xDF, 0xDF, 0xDF, 0xDF, 0xDF,
    0xDF, 0xDF, 0xDF, 0xDF, 0xDF, 0xDF, 0xDF, 0xDF, 0xDF, 0xDF, 0xDF, 0xDF, 0xDF, 0xDF, 0xDF, 0xDF,
    0xDF, 0xDF, 0xDF, 0xDF, 0xDF, 0xDF, 0xDF, 0x25, 0x4B, 0x4B, 0x4B, 0x4B, 0x4B, 0x4B, 0x4B, 0x4B,
    0x4B, 0x4B, 0x4B, 0x4B, 0x4B, 0x4B, 0x4B, 0x4B, 0x4B, 0x4B, 0x25, 0xDF, 0xDF, 0xDF, 0xDF, 0xDF,
    0xDF, 0x25, 0xDF, 0xDF, 0xDF, 0xDF, 0xDF, 0xDF, 0xDF, 0xDF, 0xDF, 0xDF, 0xDF, 0xDF, 0xDF, 0xDF,
    0xDF, 0xDF, 0xDF, 0xDF, 0xDF, 0xDF, 0xDF, 0xDF, 0xDF, 0xDF, 0xDF, 0xDF, 0xDF, 0xDF, 0xDF, 0xDF,
    0xDF, 0xDF, 0xDF, 0xDF, 0xDF, 0xDF, 0xDF, 0x25, 0x4B, 0x4B, 0x4B, 0x4B, 0x4B, 0x4B, 0x4B, 0x4B,
    0x4B, 0x4B, 0x25, 0x25, 0x25, 0x25, 0x4B, 0x4B, 0x4B, 0x4B, 0x25, 0xDF, 0xDF, 0xDF, 0xDF, 0xDF,
    0x25, 0x91, 0x25, 0xDF, 0xDF, 0xDF, 0xDF, 0xDF, 0xDF, 0xDF, 0xDF, 0xDF, 0xDF, 0xDF, 0xDF, 0xDF,
    0xDF, 0xDF, 0xDF, 0xDF, 0xDF, 0xDF, 0xDF, 0xDF, 0xDF, 0xDF, 0xDF, 0xDF, 0xDF, 0xDF, 0xDF, 0xDF,
    0xDF, 0xDF, 0xDF, 0xDF, 0xDF, 0xDF, 0xDF, 0x25, 0x4B, 0x4B, 0x4B, 0x4B, 0x4B, 0x4B, 0x4B, 0x4B,
    0x4B, 0x25, 0x4B, 0x4B, 0x4B, 0x4B, 0x25, 0x4B, 0x4B, 0x4B, 0x25, 0xDF, 0xDF, 0xDF, 0xDF, 0x25,
    0x91, 0x91, 0x25, 0xDF, 0xDF, 0xDF, 0xDF, 0xDF, 0xDF, 0xDF, 0xDF, 0xDF, 0xDF, 0xDF, 0xDF, 0xDF,
    0xDF, 0xDF, 0xDF, 0xDF, 0xDF, 0xDF, 0xDF, 0xDF, 0xDF, 0xDF, 0xDF, 0xDF, 0xDF, 0xDF, 0xDF, 0xDF,
    0xDF, 0xDF, 0xDF, 0xDF, 0xDF, 0xDF, 0xDF, 0xDF, 0x25, 0x4B, 0x4B, 0x4B, 0x4B, 0x4B, 0x4B, 0x4B,
    0x4B, 0x4B, 0x4B, 0x4B, 0x4B, 0x4B, 0x4B, 0x4B, 0x4B, 0x4B, 0x25, 0xDF, 0xDF, 0xDF, 0x25, 0x91,
    0x91, 0x91, 0x25, 0xDF, 0xDF, 0xDF, 0xDF, 0xDF, 0xDF, 0xDF, 0xDF, 0xDF, 0xDF, 0xDF, 0xDF, 0xDF,
    0xDF, 0xDF, 0xDF, 0xDF, 0xDF, 0xDF, 0xDF, 0xDF, 0xDF, 0xDF, 0xDF, 0xDF, 0xDF, 0xDF, 0xDF, 0xDF,
    0xDF, 0xDF, 0xDF, 0xDF, 0xDF, 0xDF, 0xDF, 0xDF, 0x25, 0x4B, 0x4B, 0x4B, 0x4B, 0x4B, 0x4B, 0x4B,
    0x4B, 0x4B, 0x4B, 0x4B, 0x4B, 0x4B, 0x4B, 0x4B, 0x4B, 0x25, 0x25, 0xDF, 0xDF, 0x25, 0x91, 0x91,
    0x91, 0x91, 0x25, 0xDF, 0xDF, 0xDF, 0xDF, 0xDF, 0xDF, 0xDF, 0xDF, 0xDF, 0xDF, 0xDF, 0xDF, 0xDF,
    0xDF, 0xDF, 0xDF, 0xDF, 0xDF, 0xDF, 0xDF, 0xDF, 0xDF, 0xDF, 0xDF, 0xDF, 0xDF, 0xDF, 0xDF, 0xDF,
    0xDF, 0xDF, 0xDF, 0xDF, 0xDF, 0xDF, 0xDF, 0x25, 0x25, 0x25, 0x4B, 0x4B, 0x4B, 0x4B, 0x4B, 0x4B,
    0x4B, 0x4B, 0x4B, 0x4B, 0x25, 0x4B, 0x4B, 0x4B, 0x25, 0x4B, 0x25, 0x25, 0x25, 0x91, 0x91, 0x91,
    0x91, 0x91, 0x25, 0xDF, 0xDF, 0xDF, 0xDF, 0xDF, 0xDF, 0xDF, 0xDF, 0xDF, 0xDF, 0xDF, 0xDF, 0xDF,
    0xDF, 0xDF, 0xDF, 0xDF, 0xDF, 0xDF, 0xDF, 0xDF, 0xDF, 0xDF, 0xDF, 0xDF, 0xDF, 0xDF, 0xDF, 0xDF,
    0xDF, 0xDF, 0xDF, 0xDF, 0xDF, 0xDF, 0xDF, 0x25, 0x4B, 0x4B, 0x25, 0x4B, 0x4B, 0x4B, 0x4B, 0x4B,
    0x4B, 0x4B, 0x4B, 0x4B, 0x4B, 0x25, 0x25, 0x25, 0x25, 0x4B, 0x25, 0x25, 0x91, 0x91, 0x91, 0x91,
    0x91, 0x91, 0x25, 0xDF, 0xDF, 0xDF, 0xDF, 0xDF, 0xDF, 0xDF, 0xDF, 0xDF, 0xDF, 0xDF, 0xDF, 0xDF,
    0xDF, 0xDF, 0xDF, 0xDF, 0xDF, 0xDF, 0xDF, 0xDF, 0xDF, 0xDF, 0xDF, 0xDF, 0xDF, 0xDF, 0xDF, 0xDF,
    0xDF, 0xDF, 0xDF, 0xDF, 0xDF, 0xDF, 0xDF, 0x25, 0x4B, 0x4B, 0x25, 0x25, 0x25, 0x25, 0x4B, 0x4B,
    0x4B, 0x25, 0x4B, 0x4B, 0x4B, 0x4B, 0x25, 0x25, 0x4B, 0x4B, 0x25, 0x25, 0x91, 0x91, 0x91, 0x91,
    0x91, 0x91, 0x25, 0xDF, 0xDF, 0xDF, 0xDF, 0xDF, 0xDF, 0xDF, 0xDF, 0xDF, 0xDF, 0xDF, 0xDF, 0xDF,
    0xDF, 0xDF, 0xDF, 0xDF, 0xDF, 0xDF, 0xDF, 0xDF, 0xDF, 0xDF, 0xDF, 0xDF, 0xDF, 0xDF, 0xDF, 0xDF,
    0xDF, 0xDF, 0xDF, 0xDF, 0xDF, 0xDF, 0xDF, 0x25, 0x25, 0x25, 0x25, 0xDF, 0xDF, 0xDF, 0x25, 0x25,
    0x25, 0x25, 0x25, 0x4B, 0x4B, 0x4B, 0x25, 0x25, 0x25, 0x25, 0xB2, 0x25, 0x91, 0x91, 0x91, 0x91,
    0x91, 0x91, 0x25, 0xDF, 0xDF, 0xDF, 0xDF, 0xDF, 0xDF, 0xDF, 0xDF, 0xDF, 0xDF, 0xDF, 0xDF, 0xDF,
    0xDF, 0xDF, 0xDF, 0xDF, 0xDF, 0xDF, 0xDF, 0xDF, 0xDF, 0xDF, 0xDF, 0xDF, 0xDF, 0xDF, 0xDF, 0xDF,
    0xDF, 0xDF, 0xDF, 0xDF, 0xDF, 0xDF, 0xDF, 0xDF, 0xDF, 0xDF, 0xDF, 0xDF, 0xDF, 0xDF, 0xDF, 0xDF,
    0xDF, 0xDF, 0x25, 0x25, 0x25, 0x25, 0x25, 0xB2, 0xB2, 0xB2, 0xB2, 0x25, 0x91, 0x91, 0x91, 0x91,
    0x91, 0x25, 0xDF, 0xDF, 0xDF, 0xDF, 0xDF, 0xDF, 0xDF, 0xDF, 0xDF, 0xDF, 0xDF, 0xDF, 0xDF, 0xDF,
    0xDF, 0xDF, 0xDF, 0xDF, 0xDF, 0xDF, 0xDF, 0xDF, 0xDF, 0xDF, 0xDF, 0xDF, 0xDF, 0xDF, 0xDF, 0xDF,
    0xDF, 0xDF, 0xDF, 0xDF, 0xDF, 0xDF, 0xDF, 0xDF, 0xDF, 0xDF, 0xDF, 0xDF, 0xDF, 0xDF, 0xDF, 0xDF,
    0xDF, 0xDF, 0xDF, 0xDF, 0xDF, 0x25, 0xB2, 0xB2, 0xB2, 0xB2, 0xB2, 0x25, 0x91, 0x91, 0x91, 0x91,
    0x25, 0xDF, 0xDF, 0xDF, 0xDF, 0xDF, 0xDF, 0xDF, 0xDF, 0xDF, 0xDF, 0xDF, 0xDF, 0xDF, 0xDF, 0xDF,
    0xDF, 0xDF, 0xDF, 0xDF, 0xDF, 0xDF, 0xDF, 0xDF, 0xDF, 0xDF, 0xDF, 0xDF, 0xDF, 0xDF, 0xDF, 0xDF,
    0xDF, 0xDF, 0xDF, 0xDF, 0xDF, 0xDF, 0xDF, 0xDF, 0xDF, 0xDF, 0xDF, 0xDF, 0xDF, 0xDF, 0xDF, 0xDF,
    0xDF, 0xDF, 0xDF, 0xDF, 0x25, 0xB2, 0xB2, 0xB2, 0xB2, 0xB2, 0xB2, 0x25, 0x91, 0x91, 0x91, 0x25,
    0xDF, 0xDF, 0xDF, 0xDF, 0xDF, 0xDF, 0xDF, 0xDF, 0xDF, 0xDF, 0xDF, 0xDF, 0xDF, 0xDF, 0xDF, 0xDF,
    0xDF, 0xDF, 0xDF, 0xDF, 0xDF, 0xDF, 0xDF, 0xDF, 0xDF, 0xDF, 0xDF, 0xDF, 0xDF, 0xDF, 0xDF, 0xDF,
    0xDF, 0xDF, 0xDF, 0xDF, 0xDF, 0xDF, 0xDF, 0xDF, 0xDF, 0xDF, 0xDF, 0xDF, 0xDF, 0xDF, 0xDF, 0xDF,
    0xDF, 0xDF, 0xDF, 0xDF, 0x25, 0x25, 0xB2, 0xB2, 0xB2, 0xB2, 0xB2, 0x25, 0x91, 0x91, 0x25, 0xDF,
    0xDF, 0xDF, 0xDF, 0xDF, 0xDF, 0xDF, 0xDF, 0xDF, 0xDF, 0xDF, 0xDF, 0xDF, 0xDF, 0xDF, 0xDF, 0xDF,
    0xDF, 0xDF, 0xDF, 0xDF, 0xDF, 0xDF, 0xDF, 0xDF, 0xDF, 0xDF, 0xDF, 0xDF, 0xDF, 0xDF, 0xDF, 0xDF,
    0xDF, 0xDF, 0xDF, 0xDF, 0xDF, 0xDF, 0xDF, 0xDF, 0xDF, 0xDF, 0xDF, 0xDF, 0xDF, 0xDF, 0xDF, 0xDF,
    0xDF, 0xDF, 0xDF, 0xDF, 0xDF, 0xDF, 0x25, 0x25, 0xB2, 0xB2, 0xB2, 0x25, 0x91, 0x25, 0xDF, 0xDF,
    0xDF, 0xDF, 0xDF, 0xDF, 0xDF, 0xDF, 0xDF, 0xDF, 0xDF, 0xDF, 0xDF, 0xDF, 0xDF, 0xDF, 0xDF, 0xDF,
    0xDF, 0xDF, 0xDF, 0xDF, 0xDF, 0xDF, 0xDF, 0xDF, 0xDF, 0xDF, 0xDF, 0xDF, 0xDF, 0xDF, 0xDF, 0xDF,
    0xDF, 0xDF, 0xDF, 0xDF, 0xDF, 0xDF, 0xDF, 0xDF, 0xDF, 0xDF, 0xDF, 0xDF, 0xDF, 0xDF, 0xDF, 0xDF,
    0xDF, 0xDF, 0xDF, 0xDF, 0xDF, 0xDF, 0xDF, 0xDF, 0x25, 0x25, 0xB2, 0x25, 0x25, 0xDF, 0xDF, 0xDF,
    0xDF, 0xDF, 0xDF, 0xDF, 0xDF, 0xDF, 0xDF, 0xDF, 0xDF, 0xDF, 0xDF, 0xDF, 0xDF, 0xDF, 0xDF, 0xDF,
    0xDF, 0xDF, 0xDF, 0xDF, 0xDF, 0xDF, 0xDF, 0xDF, 0xDF, 0xDF, 0xDF, 0xDF, 0xDF, 0xDF, 0xDF, 0xDF,
    0xDF, 0xDF, 0xDF, 0xDF, 0xDF, 0xDF, 0xDF, 0xDF, 0xDF, 0xDF, 0xDF, 0xDF, 0xDF, 0xDF, 0xDF, 0xDF,
    0xDF, 0xDF, 0xDF, 0xDF, 0xDF, 0xDF, 0xDF, 0xDF, 0xDF, 0xDF, 0x25, 0x25, 0xDF, 0xDF, 0xDF, 0xDF,
    0xDF, 0xDF, 0xDF, 0xDF, 0xDF, 0xDF, 0xDF, 0xDF, 0xDF, 0xDF, 0xDF, 0xDF, 0xDF, 0xDF, 0xDF, 0xDF,
    0xDF, 0xDF, 0xDF, 0xDF, 0xDF, 0xDF, 0xDF, 0xDF, 0xDF, 0xDF, 0xDF, 0xDF, 0xDF, 0xDF, 0xDF, 0xDF,
    0xDF, 0xDF, 0xDF, 0xDF, 0xDF, 0xDF, 0xDF, 0xDF, 0xDF, 0xDF, 0xDF, 0xDF, 0xDF, 0xDF, 0xDF, 0xDF,
    0xDF, 0xDF, 0xDF, 0xDF, 0xDF, 0xDF, 0xDF, 0xDF, 0xDF, 0xDF, 0xDF, 0xDF, 0xDF, 0xDF, 0xDF, 0xDF,
    0xDF, 0xDF, 0xDF, 0xDF, 0xDF, 0xDF, 0xDF, 0xDF, 0xDF, 0xDF, 0xDF, 0xDF, 0xDF, 0xDF, 0xDF, 0xDF,
    0xDF, 0xDF, 0xDF, 0xDF, 0xDF, 0xDF, 0xDF, 0xDF, 0xDF, 0xDF, 0xDF, 0xDF, 0xDF, 0xDF, 0xDF, 0xDF,
    0xDF, 0xDF, 0xDF, 0xDF, 0xDF, 0xDF, 0xDF, 0xDF, 0xDF, 0xDF, 0xDF, 0xDF, 0xDF, 0xDF, 0xDF, 0xDF,
    0xDF, 0xDF, 0xDF, 0xDF, 0xDF, 0xDF, 0xDF, 0xDF, 0xDF, 0xDF, 0xDF, 0xDF, 0xDF, 0xDF, 0xDF, 0xDF,
    0xDF, 0xDF, 0xDF, 0xDF, 0xDF, 0xDF, 0xDF, 0xDF, 0xDF, 0xDF, 0xDF, 0xDF, 0xDF, 0xDF, 0xDF, 0xDF,
    0xDF, 0xDF, 0xDF, 0xDF, 0xDF, 0xDF, 0xDF, 0xDF, 0xDF, 0xDF, 0xDF, 0xDF, 0xDF, 0xDF, 0xDF, 0xDF,
    0xDF, 0xDF, 0xDF, 0xDF, 0xDF, 0xDF, 0xDF, 0xDF, 0xDF, 0xDF, 0xDF, 0xDF, 0xDF, 0xDF, 0xDF, 0xDF,
    0xDF, 0xDF, 0xDF, 0xDF, 0xDF, 0xDF, 0xDF, 0xDF, 0xDF, 0xDF, 0xDF, 0xDF, 0xDF, 0xDF, 0xDF, 0xDF,
    0xDF, 0xDF, 0xDF, 0xDF, 0xDF, 0xDF, 0xDF, 0xDF, 0xDF, 0xDF, 0xDF, 0xDF, 0xDF, 0xDF, 0xDF, 0xDF,
    0xDF, 0xDF, 0xDF, 0xDF, 0xDF, 0xDF, 0xDF, 0xDF, 0xDF, 0xDF, 0xDF, 0xDF, 0xDF, 0xDF, 0xDF, 0xDF,
    0xDF, 0xDF, 0xDF, 0xDF, 0xDF, 0xDF, 0xDF, 0xDF, 0xDF, 0xDF, 0xDF, 0xDF, 0xDF, 0xDF, 0xDF, 0xDF,
    0xDF, 0xDF, 0xDF, 0xDF, 0xDF, 0xDF, 0xDF, 0xDF, 0xDF, 0xDF, 0xDF, 0xDF, 0xDF, 0xDF, 0xDF, 0xDF,
    0xDF, 0xDF, 0xDF, 0xDF, 0xDF, 0xDF, 0xDF, 0xDF, 0xDF, 0xDF, 0xDF, 0xDF, 0xDF, 0xDF, 0xDF, 0xDF,
    0xDF, 0xDF, 0xDF, 0xDF, 0xDF, 0xDF, 0xDF, 0xDF, 0xDF, 0xDF, 0xDF, 0xDF, 0xDF, 0xDF, 0xDF, 0xDF,
    0xDF, 0xDF, 0xDF, 0xDF, 0xDF, 0xDF, 0xDF, 0xDF, 0xDF, 0xDF, 0xDF, 0xDF, 0xDF, 0xDF, 0xDF, 0xDF,
    0xDF, 0xDF, 0xDF, 0xDF, 0xDF, 0xDF, 0xDF, 0xDF, 0xDF, 0xDF, 0xDF, 0xDF, 0xDF, 0xDF, 0xDF, 0xDF,
    0xDF, 0xDF, 0xDF, 0xDF, 0xDF, 0xDF, 0xDF, 0xDF, 0xDF, 0xDF, 0xDF, 0xDF, 0xDF, 0xDF, 0xDF, 0xDF,
    0xDF, 0xDF, 0xDF, 0xDF, 0xDF, 0xDF, 0xDF, 0xDF, 0xDF, 0xDF, 0xDF, 0xDF, 0xDF, 0xDF, 0xDF, 0xDF,
    0xDF, 0xDF, 0xDF, 0xDF, 0xDF, 0xDF, 0xDF, 0xDF, 0xDF, 0xDF, 0xDF, 0xDF, 0xDF, 0xDF, 0xDF, 0xDF,
    0xDF, 0xDF, 0xDF, 0xDF, 0xDF, 0xDF, 0xDF, 0xDF, 0xDF, 0xDF, 0xDF, 0xDF, 0xDF, 0xDF, 0xDF, 0xDF,
    0xDF, 0xDF, 0xDF, 0xDF, 0xDF, 0xDF, 0xDF, 0xDF, 0xDF, 0xDF, 0xDF, 0xDF, 0xDF, 0xDF, 0xDF, 0xDF,
    0xDF, 0xDF, 0xDF, 0xDF, 0xDF, 0xDF, 0xDF, 0xDF, 0xDF, 0xDF, 0xDF, 0xDF, 0xDF, 0xDF, 0xDF, 0xDF,
    0xDF, 0xDF, 0xDF, 0xDF, 0xDF, 0xDF, 0xDF, 0xDF, 0xDF, 0xDF, 0xDF, 0xDF, 0xDF, 0xDF, 0xDF, 0xDF,
    0xDF, 0xDF, 0xDF, 0xDF, 0xDF, 0xDF, 0xDF, 0xDF, 0xDF, 0xDF, 0xDF, 0xDF, 0xDF, 0xDF, 0xDF, 0xDF,
    0xDF, 0xDF, 0xDF, 0xDF, 0xDF, 0xDF, 0xDF, 0xDF, 0xDF, 0xDF, 0xDF, 0xDF, 0xDF, 0xDF, 0xDF, 0xDF,
    0xDF, 0xDF, 0xDF, 0xDF, 0xDF, 0xDF, 0xDF, 0xDF, 0xDF, 0xDF, 0xDF, 0xDF, 0xDF, 0xDF, 0xDF, 0xDF,
    0xDF, 0xDF, 0xDF, 0xDF, 0xDF, 0xDF, 0xDF, 0xDF, 0xDF, 0xDF, 0xDF, 0xDF, 0xDF, 0xDF, 0xDF, 0xDF,
    0xDF, 0xDF, 0xDF, 0xDF, 0xDF, 0xDF, 0xDF, 0xDF, 0xDF, 0xDF, 0xDF, 0xDF, 0xDF, 0xDF, 0xDF, 0xDF,
    0xDF, 0xDF, 0xDF, 0xDF, 0xDF, 0xDF, 0xDF, 0xDF, 0xDF, 0xDF, 0xDF, 0xDF, 0xDF, 0xDF, 0xDF, 0xDF,
    0xDF, 0xDF, 0xDF, 0xDF, 0xDF, 0xDF, 0xDF, 0xDF, 0xDF, 0xDF, 0xDF, 0xDF, 0xDF, 0xDF, 0xDF, 0xDF,
    0xDF, 0xDF, 0xDF, 0xDF, 0xDF, 0xDF, 0xDF, 0xDF, 0xDF, 0xDF, 0xDF, 0xDF, 0xDF, 0xDF, 0xDF, 0xDF,
    0xDF, 0xDF, 0xDF, 0xDF, 0xDF, 0xDF, 0xDF, 0xDF, 0xDF, 0xDF, 0xDF, 0xDF, 0xDF, 0xDF, 0xDF, 0xDF,
    0xDF, 0xDF, 0xDF, 0xDF, 0xDF, 0xDF, 0xDF, 0xDF, 0xDF, 0xDF, 0xDF, 0xDF, 0xDF, 0xDF, 0xDF, 0xDF,
    0xDF, 0xDF, 0xDF, 0xDF, 0xDF, 0xDF, 0xDF, 0xDF, 0xDF, 0xDF, 0xDF, 0xDF, 0xDF, 0xDF, 0xDF, 0xDF,
    0xDF, 0xDF, 0xDF, 0xDF, 0xDF, 0xDF, 0xDF, 0xDF, 0xDF, 0xDF, 0xDF, 0xDF, 0xDF, 0xDF, 0xDF, 0xDF,
    0xDF, 0xDF, 0xDF, 0xDF, 0xDF, 0xDF, 0xDF, 0xDF, 0xDF, 0xDF, 0xDF, 0xDF, 0xDF, 0xDF, 0xDF, 0xDF,
    0xDF, 0xDF, 0xDF, 0xDF, 0xDF, 0xDF, 0xDF, 0xDF, 0xDF, 0xDF, 0xDF, 0xDF, 0xDF, 0xDF, 0xDF, 0xDF,
    0xDF, 0xDF, 0xDF, 0xDF, 0xDF, 0xDF, 0xDF, 0xDF, 0xDF, 0xDF, 0xDF, 0xDF, 0xDF, 0xDF, 0xDF, 0xDF,
    0xDF, 0xDF, 0xDF, 0xDF, 0xDF, 0xDF, 0xDF, 0xDF, 0xDF, 0xDF, 0xDF, 0xDF, 0xDF, 0xDF, 0xDF, 0xDF,
    0xDF, 0xDF, 0xDF, 0xDF, 0xDF, 0xDF, 0xDF, 0xDF, 0xDF, 0xDF, 0xDF, 0xDF, 0xDF, 0xDF, 0xDF, 0xDF,
    0xDF, 0xDF, 0xDF, 0xDF, 0xDF, 0xDF, 0xDF, 0xDF, 0xDF, 0xDF, 0xDF, 0xDF, 0xDF, 0xDF, 0xDF, 0xDF,
    0xDF, 0xDF, 0xDF, 0xDF, 0xDF, 0xDF, 0xDF, 0xDF, 0xDF, 0xDF, 0xDF, 0xDF, 0xDF, 0xDF, 0xDF, 0xDF,
    0xDF, 0xDF, 0xDF, 0xDF, 0xDF, 0xDF, 0xDF, 0xDF, 0xDF, 0xDF, 0xDF, 0xDF, 0xDF, 0xDF, 0xDF, 0xDF,
    0xDF, 0xDF, 0xDF, 0xDF, 0xDF, 0xDF, 0xDF, 0xDF, 0xDF, 0xDF, 0xDF, 0xDF, 0xDF, 0xDF, 0xDF, 0xDF,
    0xDF, 0xDF, 0xDF, 0xDF, 0xDF, 0xDF, 0xDF, 0xDF, 0xDF, 0xDF, 0xDF, 0xDF, 0xDF, 0xDF, 0xDF, 0xDF,
    0xDF, 0xDF, 0xDF, 0xDF, 0xDF, 0xDF, 0xDF, 0xDF, 0xDF, 0xDF, 0xDF, 0xDF, 0xDF, 0xDF, 0xDF, 0xDF,
    0xDF, 0xDF, 0xDF, 0xDF, 0xDF, 0xDF, 0xDF, 0xDF, 0xDF, 0xDF, 0xDF, 0xDF, 0xDF, 0xDF, 0xDF, 0xDF,
    0xDF, 0xDF, 0xDF, 0xDF, 0xDF, 0xDF, 0xDF, 0xDF, 0xDF, 0xDF, 0xDF, 0xDF, 0xDF, 0xDF, 0xDF, 0xDF,
    0xDF, 0xDF, 0xDF, 0xDF, 0xDF, 0xDF, 0xDF, 0xDF, 0xDF, 0xDF, 0xDF, 0xDF, 0xDF, 0xDF, 0xDF, 0xDF,
    0xDF, 0xDF, 0xDF, 0xDF, 0xDF, 0xDF, 0xDF, 0xDF, 0xDF, 0xDF, 0xDF, 0xDF, 0xDF, 0xDF, 0xDF, 0xDF,
    0xDF, 0xDF, 0xDF, 0xDF, 0xDF, 0xDF, 0xDF, 0xDF, 0xDF, 0xDF, 0xDF, 0xDF, 0xDF, 0xDF, 0xDF, 0xDF,
    0xDF, 0xDF, 0xDF, 0xDF, 0xDF, 0xDF, 0xDF, 0xDF, 0xDF, 0xDF, 0xDF, 0xDF, 0xDF, 0xDF, 0xDF, 0xDF,
    0xDF, 0xDF, 0xDF, 0xDF, 0xDF, 0xDF, 0xDF, 0xDF, 0xDF, 0xDF, 0xDF, 0xDF, 0xDF, 0xDF, 0xDF, 0xDF,
    0xDF, 0xDF, 0xDF, 0xDF, 0xDF, 0xDF, 0xDF, 0xDF, 0xDF, 0xDF, 0xDF, 0xDF, 0xDF, 0xDF, 0xDF, 0xDF,
    0xDF, 0xDF, 0xDF, 0xDF, 0xDF, 0xDF, 0xDF, 0xDF, 0xDF, 0xDF, 0xDF, 0xDF, 0xDF, 0xDF, 0xDF, 0xDF,
    0xDF, 0xDF, 0xDF, 0xDF, 0xDF, 0xDF, 0xDF, 0xDF, 0xDF, 0xDF, 0xDF, 0xDF, 0xDF, 0xDF, 0xDF, 0xDF,
    0xDF, 0xDF, 0xDF, 0xDF, 0xDF, 0xDF, 0xDF, 0xDF, 0xDF, 0xDF, 0xDF, 0xDF, 0xDF, 0xDF, 0xDF, 0xDF,
    0xDF, 0xDF, 0xDF, 0xDF, 0xDF, 0xDF, 0xDF, 0xDF, 0xDF, 0xDF, 0xDF, 0xDF, 0xDF, 0xDF, 0xDF, 0xDF,
    0xDF, 0xDF, 0xDF, 0xDF, 0xDF, 0xDF, 0xDF, 0xDF, 0xDF, 0xDF, 0xDF, 0xDF, 0xDF, 0xDF, 0xDF, 0xDF,
    0xDF, 0xDF, 0xDF, 0xDF, 0xDF, 0xDF, 0xDF, 0xDF, 0xDF, 0xDF, 0xDF, 0xDF, 0xDF, 0xDF, 0xDF, 0xDF,
    0xDF, 0xDF, 0xDF, 0xDF, 0xDF, 0xDF, 0xDF, 0xDF, 0xDF, 0xDF, 0xDF, 0xDF, 0xDF, 0xDF, 0xDF, 0xDF,
    0xDF, 0xDF, 0xDF, 0xDF, 0xDF, 0xDF, 0xDF, 0xDF, 0xDF, 0xDF, 0xDF, 0xDF, 0xDF, 0xDF, 0xDF, 0xDF,
    0xDF, 0xDF, 0xDF, 0xDF, 0xDF, 0xDF, 0xDF, 0xDF, 0xDF, 0xDF, 0xDF, 0xDF, 0xDF, 0xDF, 0xDF, 0xDF,
    0xDF, 0xDF, 0xDF, 0xDF, 0xDF, 0xDF, 0xDF, 0xDF, 0xDF, 0xDF, 0xDF, 0xDF, 0xDF, 0xDF, 0xDF, 0xDF,
    0xDF, 0xDF, 0xDF, 0xDF, 0xDF, 0xDF, 0xDF, 0xDF, 0xDF, 0xDF, 0xDF, 0xDF, 0xDF, 0xDF, 0xDF, 0xDF,
    0xDF, 0xDF, 0xDF, 0xDF, 0xDF, 0xDF, 0xDF, 0xDF, 0xDF, 0xDF, 0xDF, 0xDF, 0xDF, 0xDF, 0xDF, 0xDF,
    0xDF, 0xDF, 0xDF, 0xDF, 0xDF, 0xDF, 0xDF, 0xDF, 0xDF, 0xDF, 0xDF, 0xDF, 0xDF, 0xDF, 0xDF, 0xDF,
    0xDF, 0xDF, 0xDF, 0xDF, 0xDF, 0xDF, 0xDF, 0xDF, 0xDF, 0xDF, 0xDF, 0xDF, 0xDF, 0xDF, 0xDF, 0xDF,
    0xDF, 0xDF, 0xDF, 0xDF, 0xDF, 0xDF, 0xDF, 0xDF, 0xDF, 0xDF, 0xDF, 0xDF, 0xDF, 0xDF, 0xDF, 0xDF,
    0xDF, 0xDF, 0xDF, 0xDF, 0xDF, 0xDF, 0xDF, 0xDF, 0xDF, 0xDF, 0xDF, 0xDF, 0xDF, 0xDF, 0xDF, 0xDF,
    0xDF, 0xDF, 0xDF, 0xDF, 0xDF, 0xDF, 0xDF, 0xDF, 0xDF, 0xDF, 0xDF, 0xDF, 0xDF, 0xDF, 0xDF, 0xDF,
    0xDF, 0xDF, 0xDF, 0xDF, 0xDF, 0xDF, 0xDF, 0xDF, 0xDF, 0xDF, 0xDF, 0xDF, 0xDF, 0xDF, 0xDF, 0xDF,
    0xDF, 0xDF, 0xDF, 0xDF, 0xDF, 0xDF, 0xDF, 0xDF, 0xDF, 0xDF, 0xDF, 0xDF, 0xDF, 0xDF, 0xDF, 0xDF,
    0xDF, 0xDF, 0xDF, 0xDF, 0xDF, 0xDF, 0xDF, 0xDF, 0xDF, 0xDF, 0xDF, 0xDF, 0xDF, 0xDF, 0xDF, 0xDF,
    0xDF, 0xDF, 0xDF, 0xDF, 0xDF, 0xDF, 0xDF, 0xDF, 0xDF, 0xDF, 0xDF, 0xDF, 0xDF, 0xDF, 0xDF, 0xDF,
    0xDF, 0xDF, 0xDF, 0xDF, 0xDF, 0xDF, 0xDF, 0xDF, 0xDF, 0xDF, 0xDF, 0xDF, 0xDF, 0xDF, 0xDF, 0xDF,
    0xDF, 0xDF, 0xDF, 0xDF, 0xDF, 0xDF, 0xDF, 0xDF, 0xDF, 0xDF, 0xDF, 0xDF, 0xDF, 0xDF, 0xDF, 0xDF,
    0xDF, 0xDF, 0xDF, 0xDF, 0xDF, 0xDF, 0xDF, 0xDF, 0xDF, 0xDF, 0xDF, 0xDF, 0xDF, 0xDF, 0xDF, 0xDF,
};

constexpr int kWorkingSadSpriteWidth = 64;
constexpr int kWorkingSadSpriteHeight = 64;
constexpr int kWorkingSadSpriteFrameCount = 1;
const uint8_t* const kWorkingSadSprite = kWorkingSadSpriteFrame0;

// Screen pose: Party
const uint8_t kPartySpriteFrame0[] PROGMEM = {
    0xDF, 0xDF, 0xDF, 0xDF, 0xDF, 0xDF, 0xDF, 0xDF, 0xDF, 0xDF, 0xDF, 0xDF, 0xDF, 0xDF, 0xDF, 0xDF,
    0xDF, 0xDF, 0xDF, 0xDF, 0xDF, 0xDF, 0xDF, 0xDF, 0xDF, 0xDF, 0xDF, 0xDF, 0xDF, 0xDF, 0xDF, 0xDF,
    0xDF, 0xDF, 0xDF, 0xDF, 0xDF, 0xDF, 0xDF, 0xDF, 0xDF, 0xDF, 0xDF, 0xDF, 0xDF, 0xDF, 0xDF, 0xDF,
    0xDF, 0xDF, 0xDF, 0xDF, 0xDF, 0xDF, 0xDF, 0xDF, 0xDF, 0xDF, 0xDF, 0xDF, 0xDF, 0xDF, 0xDF, 0xDF,
    0xDF, 0xDF, 0xDF, 0xDF, 0xDF, 0xDF, 0xDF, 0xDF, 0xDF, 0xDF, 0xDF, 0xDF, 0xDF, 0xDF, 0xDF, 0xDF,
    0xDF, 0xDF, 0xDF, 0xDF, 0xDF, 0xDF, 0xDF, 0xDF, 0xDF, 0xDF, 0xDF, 0xDF, 0xDF, 0xDF, 0xDF, 0xDF,
    0xDF, 0xDF, 0xDF, 0xDF, 0xDF, 0xDF, 0xDF, 0xDF, 0xDF, 0xDF, 0xDF, 0xDF, 0xDF, 0xDF, 0xDF, 0xDF,
    0xDF, 0xDF, 0xDF, 0xDF, 0xDF, 0xDF, 0xDF, 0xDF, 0xDF, 0xDF, 0xDF, 0xDF, 0xDF, 0xDF, 0xDF, 0xDF,
    0xDF, 0xDF, 0xDF, 0xDF, 0xDF, 0xDF, 0xDF, 0xDF, 0xDF, 0xDF, 0xDF, 0xDF, 0xDF, 0xDF, 0xDF, 0xDF,
    0xDF, 0xDF, 0xDF, 0xDF, 0xDF, 0xDF, 0xDF, 0xDF, 0xDF, 0xDF, 0xDF, 0xDF, 0xDF, 0xDF, 0xDF, 0xDF,
    0xDF, 0xDF, 0xDF, 0xDF, 0xDF, 0xDF, 0xDF, 0xDF, 0xDF, 0xDF, 0xDF, 0xDF, 0xDF, 0xDF, 0xDF, 0xDF,
    0xDF, 0xDF, 0xDF, 0xDF, 0xDF, 0xDF, 0xDF, 0xDF, 0xDF, 0xDF, 0xDF, 0xDF, 0xDF, 0xDF, 0xDF, 0xDF,
    0xDF, 0xDF, 0xDF, 0xDF, 0xDF, 0xDF, 0xDF, 0xDF, 0xDF, 0xDF, 0xDF, 0xDF, 0xDF, 0xDF, 0xDF, 0xDF,
    0xDF, 0xDF, 0xDF, 0xDF, 0xDF, 0xDF, 0xDF, 0xDF, 0xDF, 0xDF, 0xDF, 0xDF, 0xDF, 0xDF, 0xDF, 0xDF,
    0xDF, 0xDF, 0xDF, 0xDF, 0xDF, 0xDF, 0xDF, 0xDF, 0xDF, 0xDF, 0xDF, 0xDF, 0xDF, 0xDF, 0xDF, 0xDF,
    0xDF, 0xDF, 0xDF, 0xDF, 0xDF, 0xDF, 0xDF, 0xDF, 0xDF, 0xDF, 0xDF, 0xDF, 0xDF, 0xDF, 0xDF, 0xDF,
    0xDF, 0xDF, 0xDF, 0xDF, 0xDF, 0xDF, 0xDF, 0xDF, 0xDF, 0xDF, 0xDF, 0xDF, 0xDF, 0xDF, 0xDF, 0xDF,
    0xDF, 0xDF, 0xDF, 0xDF, 0xDF, 0xDF, 0xDF, 0xDF, 0xDF, 0xDF, 0xDF, 0xDF, 0xDF, 0xDF, 0xDF, 0xDF,
    0xDF, 0xDF, 0xDF, 0xDF, 0xDF, 0xDF, 0xDF, 0xDF, 0xDF, 0xDF, 0xDF, 0xDF, 0xDF, 0xDF, 0xDF, 0xDF,
    0xDF, 0xDF, 0xDF, 0xDF, 0xDF, 0xDF, 0xDF, 0xDF, 0xDF, 0xDF, 0xDF, 0xDF, 0xDF, 0xDF, 0xDF, 0xDF,
    0xDF, 0xDF, 0xDF, 0xDF, 0xDF, 0xDF, 0xDF, 0xDF, 0xDF, 0xDF, 0xDF, 0xDF, 0xDF, 0xDF, 0xDF, 0xDF,
    0xDF, 0xDF, 0xDF, 0xDF, 0xDF, 0xDF, 0xDF, 0xDF, 0xDF, 0xDF, 0xDF, 0xDF, 0xDF, 0xDF, 0xDF, 0xDF,
    0xDF, 0xDF, 0xDF, 0xDF, 0xDF, 0xDF, 0xDF, 0xDF, 0xDF, 0xDF, 0xDF, 0xDF, 0xDF, 0xDF, 0xDF, 0xDF,
    0xDF, 0xDF, 0xDF, 0xDF, 0xDF, 0xDF, 0xDF, 0xDF, 0xDF, 0xDF, 0xDF, 0xDF, 0xDF, 0xDF, 0xDF, 0xDF,
    0xDF, 0xDF, 0xDF, 0xDF, 0xDF, 0xDF, 0xDF, 0xDF, 0xDF, 0xDF, 0xDF, 0xDF, 0xDF, 0xDF, 0xDF, 0xDF,
    0xDF, 0xDF, 0xDF, 0xDF, 0xDF, 0xDF, 0xDF, 0xDF, 0xDF, 0xDF, 0xDF, 0xDF, 0xDF, 0xDF, 0xDF, 0xDF,
    0xDF, 0xDF, 0xDF, 0xDF, 0xDF, 0xDF, 0xDF, 0xDF, 0xDF, 0xDF, 0xDF, 0xDF, 0xDF, 0xDF, 0xDF, 0xDF,
    0xDF, 0xDF, 0xDF, 0xDF, 0xDF, 0xDF, 0xDF, 0xDF, 0xDF, 0xDF, 0xDF, 0xDF, 0xDF, 0xDF, 0xDF, 0xDF,
    0xDF, 0xDF, 0xDF, 0xDF, 0xDF, 0xDF, 0xDF, 0xDF, 0xDF, 0xDF, 0xDF, 0xDF, 0xDF, 0xDF, 0xDF, 0xDF,
    0xDF, 0xDF, 0xDF, 0xDF, 0xDF, 0xDF, 0xDF, 0xDF, 0xDF, 0xDF, 0xDF, 0xDF, 0xDF, 0xDF, 0xDF, 0xDF,
    0xDF, 0xDF, 0xDF, 0xDF, 0xDF, 0xDF, 0xDF, 0xDF, 0xDF, 0xDF, 0xDF, 0xDF, 0xDF, 0xDF, 0xDF, 0xDF,
    0xDF, 0xDF, 0xDF, 0xDF, 0xDF, 0xDF, 0xDF, 0xDF, 0xDF, 0xDF, 0xDF, 0xDF, 0xDF, 0xDF, 0xDF, 0xDF,
    0xDF, 0xDF, 0xDF, 0xDF, 0xDF, 0xDF, 0xDF, 0xDF, 0xDF, 0xDF, 0xDF, 0xDF, 0xDF, 0xDF, 0xDF, 0xDF,
    0xDF, 0xDF, 0xDF, 0xDF, 0xDF, 0xDF, 0xDF, 0xDF, 0xDF, 0xDF, 0xDF, 0xDF, 0xDF, 0xDF, 0xDF, 0xDF,
    0xDF, 0xDF, 0xDF, 0xDF, 0xDF, 0xDF, 0xDF, 0xDF, 0xDF, 0xDF, 0xDF, 0xDF, 0xDF, 0xDF, 0xDF, 0xDF,
    0xDF, 0xDF, 0xDF, 0xDF, 0xDF, 0xDF, 0xDF, 0xDF, 0xDF, 0xDF, 0xDF, 0xDF, 0xDF, 0xDF, 0xDF, 0xDF,
    0xDF, 0xDF, 0xDF, 0xDF, 0xDF, 0xDF, 0xDF, 0xDF, 0xDF, 0xDF, 0xDF, 0xDF, 0xDF, 0xDF, 0xDF, 0xDF,
    0xDF, 0xDF, 0xDF, 0xDF, 0xDF, 0xDF, 0xDF, 0xDF, 0xDF, 0xDF, 0xDF, 0xDF, 0xDF, 0xDF, 0xDF, 0xDF,
    0xDF, 0xDF, 0xDF, 0xDF, 0xDF, 0xDF, 0xDF, 0xDF, 0xDF, 0xDF, 0xDF, 0xDF, 0xDF, 0xDF, 0xDF, 0xDF,
    0xDF, 0xDF, 0xDF, 0xDF, 0xDF, 0xDF, 0xDF, 0xDF, 0xDF, 0xDF, 0xDF, 0xDF, 0xDF, 0xDF, 0xDF, 0xDF,
    0xDF, 0xDF, 0xDF, 0xDF, 0xDF, 0xDF, 0xDF, 0xDF, 0xDF, 0xDF, 0xDF, 0xDF, 0xDF, 0xDF, 0xDF, 0xDF,
    0xDF, 0xDF, 0xDF, 0xDF, 0xDF, 0xDF, 0xDF, 0xDF, 0xDF, 0xDF, 0xDF, 0xDF, 0xDF, 0xDF, 0xDF, 0xDF,
    0xDF, 0xDF, 0xDF, 0xDF, 0xDF, 0xDF, 0xDF, 0xDF, 0xDF, 0xDF, 0xDF, 0xDF, 0xDF, 0xDF, 0xDF, 0xDF,
    0xDF, 0xDF, 0xDF, 0xDF, 0xDF, 0xDF, 0xDF, 0xDF, 0xDF, 0xDF, 0xDF, 0xDF, 0xDF, 0xDF, 0xDF, 0xDF,
    0xDF, 0xDF, 0xDF, 0xDF, 0xDF, 0xDF, 0xDF, 0xDF, 0xDF, 0xDF, 0xDF, 0xDF, 0xDF, 0xDF, 0xDF, 0xDF,
    0xDF, 0xDF, 0xDF, 0xDF, 0xDF, 0xDF, 0xDF, 0xDF, 0xDF, 0xDF, 0xDF, 0xDF, 0xDF, 0xDF, 0xDF, 0xDF,
    0xDF, 0xDF, 0xDF, 0xDF, 0xDF, 0xDF, 0xDF, 0xDF, 0xDF, 0xDF, 0xDF, 0xDF, 0xDF, 0xDF, 0xDF, 0xDF,
    0xDF, 0xDF, 0xDF, 0xDF, 0xDF, 0xDF, 0xDF, 0xDF, 0xDF, 0xDF, 0xDF, 0xDF, 0xDF, 0xDF, 0xDF, 0xDF,
    0xDF, 0xDF, 0xDF, 0xDF, 0xDF, 0xDF, 0xDF, 0xDF, 0xDF, 0xDF, 0xDF, 0xDF, 0xDF, 0xDF, 0xDF, 0xDF,
    0xDF, 0xDF, 0xDF, 0xDF, 0xDF, 0xDF, 0xDF, 0xDF, 0xDF, 0xDF, 0xDF, 0xDF, 0xDF, 0xDF, 0xDF, 0xDF,
    0xDF, 0xDF, 0xDF, 0xDF, 0xDF, 0xDF, 0xDF, 0xDF, 0xDF, 0xDF, 0xDF, 0xDF, 0xDF, 0xDF, 0xDF, 0xDF,
    0xDF, 0xDF, 0xDF, 0xDF, 0xDF, 0xDF, 0xDF, 0xDF, 0xDF, 0xDF, 0xDF, 0xDF, 0xDF, 0xDF, 0xDF, 0xDF,
    0xDF, 0xDF, 0xDF, 0xDF, 0xDF, 0xDF, 0xDF, 0xDF, 0xDF, 0xDF, 0xDF, 0xDF, 0xDF, 0xDF, 0xDF, 0xDF,
    0xDF, 0xDF, 0xDF, 0xDF, 0xDF, 0xDF, 0xDF, 0xDF, 0xDF, 0xDF, 0xDF, 0xDF, 0xDF, 0xDF, 0xDF, 0xDF,
    0xDF, 0xDF, 0xDF, 0xDF, 0xDF, 0xDF, 0xDF, 0xDF, 0xDF, 0xDF, 0xDF, 0xDF, 0xDF, 0xDF, 0xDF, 0xDF,
    0xDF, 0xDF, 0xDF, 0xDF, 0xDF, 0xDF, 0xDF, 0xDF, 0xDF, 0xDF, 0xDF, 0xDF, 0xDF, 0xDF, 0xDF, 0xDF,
    0xDF, 0xDF, 0xDF, 0xDF, 0xDF, 0xDF, 0xDF, 0xDF, 0xDF, 0xDF, 0xDF, 0xDF, 0xDF, 0xDF, 0xDF, 0xDF,
    0xDF, 0xDF, 0x25, 0x25, 0xDF, 0xDF, 0xDF, 0xDF, 0xDF, 0xDF, 0xDF, 0xDF, 0xDF, 0xDF, 0xDF, 0xDF,
    0xDF, 0xDF, 0xDF, 0xDF, 0xDF, 0xDF, 0xDF, 0x25, 0x25, 0x25, 0xDF, 0xDF, 0xDF, 0xDF, 0xDF, 0xDF,
    0xDF, 0xDF, 0xDF, 0xDF, 0xDF, 0xDF, 0xDF, 0xDF, 0xDF, 0xDF, 0xDF, 0xDF, 0xDF, 0xDF, 0xDF, 0xDF,
    0xDF, 0xDF, 0xDF, 0xDF, 0xDF, 0xDF, 0xDF, 0xDF, 0xDF, 0xDF, 0xDF, 0xDF, 0xDF, 0xDF, 0xDF, 0xDF,
    0xDF, 0x25, 0xFF, 0xFF, 0x25, 0x25, 0x25, 0xDF, 0xDF, 0xDF, 0xDF, 0xDF, 0xDF, 0xDF, 0xDF, 0xDF,
    0xDF, 0xDF, 0xDF, 0xDF, 0xDF, 0xDF, 0x25, 0x25, 0x4B, 0x4B, 0x25, 0xDF, 0xDF, 0xDF, 0xDF, 0xDF,
    0xDF, 0xDF, 0xDF, 0xDF, 0xDF, 0xDF, 0xDF, 0xDF, 0xDF, 0xDF, 0xDF, 0xDF, 0xDF, 0xDF, 0xDF, 0xDF,
    0xDF, 0xDF, 0xDF, 0xDF, 0xDF, 0xDF, 0xDF, 0xDF, 0xDF, 0xDF, 0xDF, 0xDF, 0xDF, 0xDF, 0xDF, 0xDF,
    0x25, 0xFA, 0xFA, 0xFF, 0xFF, 0xFF, 0xFF, 0x25, 0x25, 0x25, 0xDF, 0xDF, 0xDF, 0xDF, 0xDF, 0xDF,
    0xDF, 0xDF, 0xDF, 0xDF, 0xDF, 0x25, 0x4B, 0x4B, 0x4B, 0x4B, 0x25, 0xDF, 0xDF, 0xDF, 0xDF, 0x25,
    0x25, 0x25, 0xDF, 0xDF, 0xDF, 0xDF, 0xDF, 0xDF, 0xDF, 0xDF, 0xDF, 0xDF, 0xDF, 0xDF, 0xDF, 0xDF,
    0xDF, 0xDF, 0xDF, 0xDF, 0xDF, 0xDF, 0xDF, 0xDF, 0xDF, 0xDF, 0xDF, 0xDF, 0xDF, 0xDF, 0xDF, 0x25,
    0x25, 0xFA, 0xFA, 0xFF, 0xFF, 0xFF, 0xFF, 0xFF, 0xFF, 0x25, 0x25, 0x25, 0x25, 0x25, 0xDF, 0xDF,
    0xDF, 0xDF, 0xDF, 0xDF, 0x25, 0x4B, 0x4B, 0x4B, 0x4B, 0x4B, 0x25, 0xDF, 0xDF, 0xDF, 0x25, 0x25,
    0x4B, 0x25, 0xDF, 0xDF, 0xDF, 0xDF, 0xDF, 0xDF, 0xDF, 0xDF, 0xDF, 0xDF, 0xDF, 0xDF, 0xDF, 0xDF,
    0xDF, 0xDF, 0xDF, 0xDF, 0xDF, 0xDF, 0xDF, 0xDF, 0xDF, 0xDF, 0xDF, 0xDF, 0xDF, 0xDF, 0xDF, 0x25,
    0xFA, 0xFA, 0xFA, 0xFA, 0xFF, 0xFF, 0xFF, 0x25, 0x25, 0xFA, 0x25, 0x25, 0x4B, 0x4B, 0x25, 0xDF,
    0xDF, 0xDF, 0x25, 0x25, 0x4B, 0x4B, 0x4B, 0x4B, 0x4B, 0x4B, 0x25, 0xDF, 0xDF, 0x25, 0x25, 0x4B,
    0x4B, 0x25, 0x25, 0xDF, 0xDF, 0xDF, 0xDF, 0xDF, 0xDF, 0xDF, 0xDF, 0xDF, 0xDF, 0xDF, 0xDF, 0xDF,
    0xDF, 0xDF, 0xDF, 0xDF, 0xDF, 0xDF, 0xDF, 0xDF, 0xDF, 0xDF, 0xDF, 0xDF, 0xDF, 0xDF, 0xDF, 0x25,
    0xFA, 0xFA, 0xFA, 0xFA, 0xFA, 0xFF, 0x25, 0xFF, 0xFF, 0x25, 0xFF, 0x25, 0x4B, 0x4B, 0x4B, 0x25,
    0xDF, 0x25, 0x25, 0x4B, 0x4B, 0x4B, 0x4B, 0x4B, 0x4B, 0x4B, 0x25, 0xDF, 0x25, 0x25, 0x4B, 0x4B,
    0x4B, 0x4B, 0x25, 0xDF, 0xDF, 0xDF, 0xDF, 0xDF, 0xDF, 0xDF, 0xDF, 0xDF, 0xDF, 0xDF, 0xDF, 0xDF,
    0xDF, 0xDF, 0xDF, 0xDF, 0xDF, 0xDF, 0xDF, 0xDF, 0xDF, 0xDF, 0xDF, 0xDF, 0xDF, 0xDF, 0xDF, 0x25,
    0xFF, 0xFA, 0xFA, 0xFA, 0xFA, 0xFA, 0x25, 0xFF, 0x25, 0xFF, 0x25, 0x25, 0x25, 0x25, 0x25, 0x25,
    0x25, 0x25, 0x4B, 0x4B, 0x4B, 0x4B, 0x4B, 0x4B, 0x4B, 0x4B, 0x25, 0x25, 0x25, 0x4B, 0x4B, 0x4B,
    0x4B, 0x4B, 0x25, 0xDF, 0xDF, 0xDF, 0xDF, 0xDF, 0xDF, 0xDF, 0xDF, 0xDF, 0xDF, 0xDF, 0xDF, 0xDF,
    0xDF, 0xDF, 0xDF, 0xDF, 0xDF, 0xDF, 0xDF, 0xDF, 0xDF, 0xDF, 0xDF, 0xDF, 0xDF, 0xDF, 0xDF, 0x25,
    0xFF, 0xFF, 0xFF, 0xFA, 0xFA, 0xFA, 0x25, 0xFF, 0x25, 0xFA, 0x25, 0x4B, 0x4B, 0x4B, 0x4B, 0x4B,
    0x4B, 0x4B, 0x4B, 0x4B, 0x4B, 0x4B, 0x4B, 0x4B, 0x4B, 0x4B, 0x25, 0x25, 0x4B, 0x4B, 0x4B, 0x4B,
    0x4B, 0x4B, 0x25, 0xDF, 0xDF, 0xDF, 0xDF, 0xDF, 0xDF, 0xDF, 0xDF, 0xDF, 0xDF, 0xDF, 0xDF, 0xDF,
    0xDF, 0xDF, 0xDF, 0xDF, 0xDF, 0xDF, 0xDF, 0xDF, 0xDF, 0xDF, 0xDF, 0xDF, 0xDF, 0xDF, 0xDF, 0xDF,
    0x25, 0xFF, 0xFF, 0xFF, 0xFF, 0xFA, 0xFA, 0x25, 0xFA, 0x25, 0x25, 0x4B, 0x4B, 0x4B, 0x4B, 0x4B,
    0x4B, 0x4B, 0x4B, 0x4B, 0x4B, 0x4B, 0x4B, 0x4B, 0x4B, 0x4B, 0x4B, 0x4B, 0x4B, 0x4B, 0x4B, 0x4B,
    0x4B, 0x4B, 0x25, 0xDF, 0xDF, 0xDF, 0xDF, 0xDF, 0xDF, 0xDF, 0xDF, 0xDF, 0xDF, 0xDF, 0xDF, 0xDF,
    0xDF, 0xDF, 0xDF, 0xDF, 0xDF, 0xDF, 0xDF, 0xDF, 0xDF, 0xDF, 0xDF, 0xDF, 0xDF, 0xDF, 0xDF, 0xDF,
    0x25, 0xFF, 0xFF, 0xFF, 0xFF, 0xFF, 0xFF, 0x25, 0x25, 0x25, 0x4B, 0x4B, 0x4B, 0x4B, 0x4B, 0x4B,
    0x4B, 0x4B, 0x4B, 0x4B, 0x4B, 0x4B, 0x4B, 0x4B, 0x4B, 0x4B, 0x4B, 0x4B, 0x4B, 0x4B, 0x4B, 0x4B,
    0x4B, 0x4B, 0x25, 0x25, 0x25, 0x25, 0xDF, 0xDF, 0xDF, 0xDF, 0xDF, 0xDF, 0xDF, 0xDF, 0xDF, 0xDF,
    0xDF, 0xDF, 0xDF, 0xDF, 0xDF, 0xDF, 0xDF, 0xDF, 0xDF, 0xDF, 0xDF, 0xDF, 0xDF, 0xDF, 0xDF, 0xDF,
    0xDF, 0x25, 0x25, 0xFF, 0xFF, 0xFF, 0xFF, 0xFF, 0x25, 0x25, 0x25, 0x4B, 0x4B, 0x4B, 0x4B, 0x4B,
    0x25, 0x25, 0x4B, 0x4B, 0x4B, 0x4B, 0x4B, 0x4B, 0x4B, 0x4B, 0x4B, 0x4B, 0x4B, 0x4B, 0x4B, 0x4B,
    0x4B, 0x4B, 0x25, 0x25, 0x51, 0x25, 0xDF, 0xDF, 0xDF, 0xDF, 0xDF, 0xDF, 0xDF, 0xDF, 0xDF, 0xDF,
    0xDF, 0xDF, 0xDF, 0xDF, 0xDF, 0xDF, 0xDF, 0xDF, 0xDF, 0xDF, 0xDF, 0xDF, 0xDF, 0xDF, 0xDF, 0xDF,
    0xDF, 0xDF, 0x25, 0x25, 0xFF, 0xFF, 0xFF, 0xFF, 0xFF, 0xFF, 0x25, 0x25, 0x25, 0x4B, 0x4B, 0x25,
    0x4B, 0x4B, 0x25, 0x4B, 0x4B, 0x4B, 0x4B, 0x4B, 0x4B, 0x4B, 0x4B, 0x4B, 0x4B, 0x4B, 0x4B, 0x4B,
    0x4B, 0x4B, 0x25, 0x51, 0x25, 0x25, 0xDF, 0xDF, 0xDF, 0xDF, 0xDF, 0xDF, 0xDF, 0xDF, 0xDF, 0xDF,
    0xDF, 0xDF, 0xDF, 0xDF, 0xDF, 0xDF, 0xDF, 0xDF, 0xDF, 0xDF, 0xDF, 0xDF, 0xDF, 0xDF, 0xDF, 0xDF,
    0xDF, 0xDF, 0xDF, 0x25, 0x25, 0xFA, 0xFA, 0xFA, 0xFA, 0xFA, 0xFA, 0xFA, 0x25, 0x25, 0x25, 0x4B,
    0x4B, 0x4B, 0x25, 0x4B, 0x4B, 0x4B, 0x4B, 0x4B, 0x25, 0x25, 0x4B, 0x4B, 0x4B, 0x4B, 0x4B, 0x4B,
    0x4B, 0x4B, 0x25, 0x51, 0x25, 0xDF, 0xDF, 0xDF, 0xDF, 0xDF, 0xDF, 0xDF, 0xDF, 0xDF, 0xDF, 0xDF,
    0xDF, 0xDF, 0xDF, 0xDF, 0xDF, 0xDF, 0xDF, 0xDF, 0xDF, 0xDF, 0xDF, 0xDF, 0xDF, 0xDF, 0xDF, 0xDF,
    0xDF, 0xDF, 0xDF, 0xDF, 0x25, 0x25, 0x25, 0x25, 0xFA, 0xFA, 0xFA, 0xFA, 0xFA, 0xFA, 0x25, 0x25,
    0x4B, 0x4B, 0x25, 0x4B, 0x4B, 0x4B, 0x4B, 0x25, 0x4B, 0x4B, 0x25, 0x4B, 0x4B, 0x4B, 0x4B, 0x4B,
    0x4B, 0x4B, 0x25, 0x51, 0x25, 0x25, 0x25, 0xDF, 0xDF, 0xDF, 0xDF, 0xDF, 0xDF, 0xDF, 0xDF, 0xDF,
    0xDF, 0xDF, 0xDF, 0xDF, 0xDF, 0xDF, 0xDF, 0xDF, 0xDF, 0xDF, 0xDF, 0xDF, 0xDF, 0xDF, 0xDF, 0xDF,
    0xDF, 0xDF, 0xDF, 0x25, 0x25, 0x4B, 0x4B, 0x4B, 0x25, 0x25, 0x25, 0xFF, 0xFF, 0xFF, 0xFF, 0x25,
    0x25, 0x25, 0x4B, 0x4B, 0x4B, 0x4B, 0x4B, 0x25, 0x4B, 0x4B, 0x25, 0x4B, 0x4B, 0x4B, 0x4B, 0x4B,
    0x4B, 0x4B, 0x25, 0x51, 0x51, 0x51, 0x25, 0xDF, 0xDF, 0xDF, 0xDF, 0xDF, 0xDF, 0xDF, 0xDF, 0xDF,
    0xDF, 0xDF, 0xDF, 0xDF, 0xDF, 0xDF, 0xDF, 0xDF, 0xDF, 0xDF, 0xDF, 0xDF, 0xDF, 0xDF, 0xDF, 0xDF,
    0xDF, 0xDF, 0xDF, 0x25, 0x4B, 0x4B, 0x4B, 0x4B, 0x4B, 0x4B, 0x25, 0x25, 0x25, 0xFF, 0xFF, 0xFF,
    0xFA, 0x25, 0x25, 0x4B, 0x25, 0x4B, 0x4B, 0x4B, 0x4B, 0x4B, 0x25, 0x4B, 0x4B, 0x4B, 0x4B, 0x4B,
    0x4B, 0x4B, 0x25, 0x25, 0x25, 0x25, 0x25, 0xDF, 0xDF, 0xDF, 0xDF, 0xDF, 0xDF, 0xDF, 0xDF, 0xDF,
    0xDF, 0xDF, 0xDF, 0xDF, 0xDF, 0xDF, 0xDF, 0xDF, 0xDF, 0xDF, 0xDF, 0xDF, 0xDF, 0xDF, 0xDF, 0xDF,
    0xDF, 0xDF, 0xDF, 0x25, 0x4B, 0x4B, 0x4B, 0x4B, 0x4B, 0x4B, 0x4B, 0x4B, 0x4B, 0x25, 0x25, 0x25,
    0xFA, 0xFA, 0xFA, 0x25, 0x4B, 0x4B, 0x4B, 0x4B, 0x4B, 0x4B, 0x4B, 0x4B, 0x4B, 0x4B, 0x4B, 0x4B,
    0x4B, 0x4B, 0x25, 0x4B, 0x4B, 0x25, 0x25, 0x25, 0xDF, 0xDF, 0xDF, 0xDF, 0xDF, 0xDF, 0xDF, 0xDF,
    0xDF, 0xDF, 0xDF, 0xDF, 0xDF, 0xDF, 0xDF, 0xDF, 0xDF, 0xDF, 0xDF, 0xDF, 0xDF, 0xDF, 0xDF, 0xDF,
    0xDF, 0xDF, 0x25, 0x4B, 0x4B, 0x4B, 0x4B, 0x4B, 0x4B, 0x4B, 0x4B, 0x4B, 0x4B, 0x4B, 0x4B, 0x25,
    0x25, 0x25, 0x25, 0x25, 0x4B, 0x4B, 0x4B, 0x4B, 0x4B, 0x4B, 0x4B, 0x4B, 0x4B, 0x4B, 0x4B, 0x4B,
    0x4B, 0x4B, 0x4B, 0x25, 0x4B, 0x4B, 0x4B, 0x25, 0xDF, 0xDF, 0xDF, 0xDF, 0xDF, 0xDF, 0xDF, 0xDF,
    0xDF, 0xDF, 0xDF, 0xDF, 0xDF, 0xDF, 0xDF, 0xDF, 0xDF, 0xDF, 0xDF, 0xDF, 0xDF, 0xDF, 0xDF, 0xDF,
    0xDF, 0xDF, 0x25, 0x4B, 0x4B, 0x4B, 0x4B, 0x4B, 0x4B, 0x4B, 0x4B, 0x4B, 0x4B, 0x4B, 0x4B, 0x4B,
    0x4B, 0x4B, 0x4B, 0x25, 0x4B, 0x4B, 0x4B, 0x4B, 0x4B, 0x4B, 0x4B, 0x4B, 0x25, 0x25, 0x25, 0x25,
    0x25, 0x4B, 0x4B, 0x25, 0x4B, 0x4B, 0x4B, 0x25, 0xDF, 0xDF, 0xDF, 0xDF, 0xDF, 0xDF, 0xDF, 0xDF,
    0xDF, 0xDF, 0xDF, 0xDF, 0xDF, 0xDF, 0xDF, 0xDF, 0xDF, 0xDF, 0xDF, 0xDF, 0xDF, 0xDF, 0xDF, 0xDF,
    0xDF, 0xDF, 0x25, 0x4B, 0x4B, 0x4B, 0x4B, 0x4B, 0x4B, 0x4B, 0x4B, 0x4B, 0x4B, 0x4B, 0x4B, 0x4B,
    0x4B, 0x4B, 0x4B, 0x25, 0x4B, 0x4B, 0x4B, 0x4B, 0x4B, 0x4B, 0x4B, 0x4B, 0x4B, 0x4B, 0x4B, 0x4B,
    0x4B, 0x4B, 0x4B, 0x25, 0x4B, 0x4B, 0x4B, 0x25, 0xDF, 0xDF, 0xDF, 0xDF, 0xDF, 0xDF, 0xDF, 0xDF,
    0xDF, 0xDF, 0xDF, 0xDF, 0xDF, 0xDF, 0xDF, 0xDF, 0xDF, 0xDF, 0xDF, 0xDF, 0xDF, 0xDF, 0xDF, 0xDF,
    0xDF, 0xDF, 0x25, 0x4B, 0x4B, 0x4B, 0x4B, 0x4B, 0x4B, 0x4B, 0x4B, 0x4B, 0x4B, 0x4B, 0x4B, 0x4B,
    0x4B, 0x4B, 0x4B, 0x4B, 0x25, 0x4B, 0x4B, 0x4B, 0x4B, 0x4B, 0x4B, 0x4B, 0x25, 0x4B, 0x4B, 0x4B,
    0x4B, 0x4B, 0x4B, 0x25, 0x4B, 0x4B, 0x4B, 0x25, 0xDF, 0xDF, 0xDF, 0xDF, 0xDF, 0xDF, 0xDF, 0xDF,
    0xDF, 0xDF, 0xDF, 0xDF, 0xDF, 0xDF, 0xDF, 0xDF, 0xDF, 0xDF, 0xDF, 0xDF, 0xDF, 0xDF, 0xDF, 0xDF,
    0xDF, 0xDF, 0x25, 0x4B, 0x4B, 0x4B, 0x4B, 0x4B, 0x4B, 0x4B, 0x4B, 0x4B, 0x4B, 0x4B, 0x4B, 0x4B,
    0x4B, 0x4B, 0x4B, 0x4B, 0x4B, 0x4B, 0x4B, 0x4B, 0x4B, 0x4B, 0x4B, 0x4B, 0x4B, 0x25, 0x25, 0x25,
    0x4B, 0x4B, 0x4B, 0x25, 0x4B, 0x4B, 0x25, 0x25, 0xDF, 0xDF, 0xDF, 0xDF, 0xDF, 0xDF, 0xDF, 0xDF,
    0xDF, 0xDF, 0xDF, 0xDF, 0xDF, 0xDF, 0xDF, 0xDF, 0xDF, 0xDF, 0xDF, 0xDF, 0xDF, 0xDF, 0xDF, 0xDF,
    0xDF, 0xDF, 0x25, 0x4B, 0x4B, 0x4B, 0x4B, 0x4B, 0x4B, 0x4B, 0x4B, 0x4B, 0x4B, 0x4B, 0x4B, 0x4B,
    0x4B, 0x4B, 0x4B, 0x4B, 0x4B, 0x4B, 0x4B, 0x4B, 0x4B, 0x4B, 0x4B, 0x4B, 0x4B, 0x4B, 0x4B, 0x4B,
    0x4B, 0x4B, 0x4B, 0x25, 0x4B, 0x25, 0x25, 0xDF, 0xDF, 0xDF, 0xDF, 0xDF, 0xDF, 0xDF, 0xDF, 0xDF,
    0xDF, 0xDF, 0xDF, 0xDF, 0xDF, 0xDF, 0xDF, 0xDF, 0xDF, 0xDF, 0xDF, 0xDF, 0xDF, 0xDF, 0xDF, 0xDF,
    0xDF, 0xDF, 0x25, 0x4B, 0x4B, 0x4B, 0x4B, 0x4B, 0x4B, 0x4B, 0x4B, 0x4B, 0x4B, 0x4B, 0x4B, 0x4B,
    0x4B, 0x4B, 0x4B, 0x4B, 0x4B, 0x4B, 0x4B, 0x4B, 0x4B, 0x4B, 0x4B, 0x4B, 0x4B, 0x4B, 0x4B, 0x4B,
    0x4B, 0x4B, 0x4B, 0x25, 0x25, 0x25, 0xDF, 0xDF, 0xDF, 0xDF, 0xDF, 0xDF, 0xDF, 0xDF, 0xDF, 0xDF,
    0xDF, 0xDF, 0xDF, 0xDF, 0xDF, 0xDF, 0xDF, 0xDF, 0xDF, 0xDF, 0xDF, 0xDF, 0xDF, 0xDF, 0xDF, 0xDF,
    0xDF, 0xDF, 0x25, 0x4B, 0x4B, 0x4B, 0x4B, 0x4B, 0x4B, 0x4B, 0x4B, 0x4B, 0x4B, 0x4B, 0x4B, 0x4B,
    0x4B, 0x4B, 0x4B, 0x4B, 0x4B, 0x4B, 0x4B, 0x4B, 0x4B, 0x4B, 0x4B, 0x4B, 0x4B, 0x4B, 0x4B, 0x4B,
    0x4B, 0x4B, 0x25, 0x25, 0xDF, 0xDF, 0xDF, 0xDF, 0xDF, 0xDF, 0xDF, 0xDF, 0xDF, 0xDF, 0xDF, 0xDF,
    0xDF, 0xDF, 0xDF, 0xDF, 0xDF, 0xDF, 0xDF, 0xDF, 0xDF, 0xDF, 0xDF, 0xDF, 0xDF, 0xDF, 0xDF, 0xDF,
    0xDF, 0xDF, 0x25, 0x4B, 0x4B, 0x4B, 0x4B, 0x4B, 0x4B, 0x4B, 0x4B, 0x4B, 0x4B, 0x4B, 0x4B, 0x4B,
    0x4B, 0x4B, 0x4B, 0x4B, 0x4B, 0x4B, 0x4B, 0x4B, 0x4B, 0x4B, 0x4B, 0x4B, 0x4B, 0x4B, 0x4B, 0x4B,
    0x4B, 0x4B, 0x25, 0xDF, 0xDF, 0xDF, 0xDF, 0xDF, 0xDF, 0xDF, 0xDF, 0xDF, 0xDF, 0xDF, 0xDF, 0xDF,
    0xDF, 0xDF, 0xDF, 0xDF, 0xDF, 0xDF, 0xDF, 0xDF, 0xDF, 0xDF, 0xDF, 0xDF, 0xDF, 0xDF, 0xDF, 0xDF,
    0xDF, 0xDF, 0xDF, 0x25, 0x4B, 0x4B, 0x4B, 0x4B, 0x4B, 0x4B, 0x4B, 0x4B, 0x4B, 0x4B, 0x4B, 0x4B,
    0x4B, 0x4B, 0x4B, 0x4B, 0x4B, 0x4B, 0x4B, 0x4B, 0x4B, 0x4B, 0x4B, 0x4B, 0x4B, 0x4B, 0x4B, 0x4B,
    0x4B, 0x25, 0x25, 0xDF, 0xDF, 0xDF, 0xDF, 0xDF, 0xDF, 0xDF, 0xDF, 0xDF, 0xDF, 0xDF, 0xDF, 0xDF,
    0xDF, 0xDF, 0xDF, 0xDF, 0xDF, 0xDF, 0xDF, 0xDF, 0xDF, 0xDF, 0xDF, 0xDF, 0xDF, 0xDF, 0xDF, 0xDF,
    0xDF, 0xDF, 0x25, 0x25, 0x4B, 0x4B, 0x4B, 0x4B, 0x4B, 0x4B, 0x4B, 0x4B, 0x4B, 0x4B, 0x4B, 0x4B,
    0x4B, 0x4B, 0x4B, 0x4B, 0x4B, 0x4B, 0x4B, 0x4B, 0x4B, 0x4B, 0x4B, 0x4B, 0x4B, 0x4B, 0x4B, 0x4B,
    0x4B, 0x25, 0xDF, 0xDF, 0xDF, 0xDF, 0xDF, 0xDF, 0xDF, 0xDF, 0xDF, 0xDF, 0xDF, 0xDF, 0xDF, 0xDF,
    0xDF, 0xDF, 0xDF, 0xDF, 0xDF, 0xDF, 0xDF, 0xDF, 0xDF, 0xDF, 0xDF, 0xDF, 0xDF, 0xDF, 0xDF, 0xDF,
    0xDF, 0xDF, 0x25, 0x4B, 0x25, 0x4B, 0x4B, 0x4B, 0x4B, 0x4B, 0x4B, 0x4B, 0x4B, 0x4B, 0x4B, 0x4B,
    0x4B, 0x4B, 0x4B, 0x4B, 0x4B, 0x4B, 0x4B, 0x4B, 0x4B, 0x4B, 0x4B, 0x4B, 0x4B, 0x4B, 0x4B, 0x4B,
    0x25, 0x25, 0xDF, 0xDF, 0xDF, 0xDF, 0xDF, 0xDF, 0xDF, 0xDF, 0xDF, 0xDF, 0xDF, 0xDF, 0xDF, 0xDF,
    0xDF, 0xDF, 0xDF, 0xDF, 0xDF, 0xDF, 0xDF, 0xDF, 0xDF, 0xDF, 0xDF, 0xDF, 0xDF, 0xDF, 0xDF, 0xDF,
    0xDF, 0xDF, 0x25, 0x4B, 0x25, 0x4B, 0x4B, 0x4B, 0x4B, 0x4B, 0x4B, 0x4B, 0x4B, 0x4B, 0x4B, 0x4B,
    0x4B, 0x4B, 0x4B, 0x4B, 0x4B, 0x4B, 0x4B, 0x4B, 0x4B, 0x4B, 0x4B, 0x4B, 0x4B, 0x4B, 0x4B, 0x4B,
    0x25, 0xDF, 0xDF, 0xDF, 0xDF, 0xDF, 0xDF, 0xDF, 0xDF, 0xDF, 0xDF, 0xDF, 0xDF, 0xDF, 0xDF, 0xDF,
    0xDF, 0xDF, 0xDF, 0xDF, 0xDF, 0xDF, 0xDF, 0xDF, 0xDF, 0xDF, 0xDF, 0xDF, 0xDF, 0xDF, 0xDF, 0xDF,
    0xDF, 0x25, 0x4B, 0x4B, 0x4B, 0x25, 0x4B, 0x4B, 0x4B, 0x4B, 0x4B, 0x4B, 0x4B, 0x4B, 0x4B, 0x4B,
    0x4B, 0x4B, 0x4B, 0x4B, 0x4B, 0x4B, 0x4B, 0x4B, 0x4B, 0x4B, 0x4B, 0x4B, 0x4B, 0x4B, 0x4B, 0x25,
    0x25, 0xDF, 0xDF, 0xDF, 0xDF, 0xDF, 0xDF, 0xDF, 0xDF, 0xDF, 0xDF, 0xDF, 0xDF, 0xDF, 0xDF, 0xDF,
    0xDF, 0xDF, 0xDF, 0xDF, 0xDF, 0xDF, 0xDF, 0xDF, 0xDF, 0xDF, 0xDF, 0xDF, 0xDF, 0xDF, 0xDF, 0xDF,
    0xDF, 0x25, 0x4B, 0x4B, 0x4B, 0x4B, 0x25, 0x4B, 0x4B, 0x4B, 0x4B, 0x4B, 0x4B, 0x4B, 0x4B, 0x4B,
    0x4B, 0x4B, 0x4B, 0x4B, 0x4B, 0x4B, 0x4B, 0x4B, 0x4B, 0x4B, 0x4B, 0x4B, 0x4B, 0x4B, 0x25, 0x4B,
    0x25, 0xDF, 0xDF, 0xDF, 0xDF, 0xDF, 0xDF, 0xDF, 0xDF, 0xDF, 0xDF, 0xDF, 0xDF, 0xDF, 0xDF, 0xDF,
    0xDF, 0xDF, 0xDF, 0xDF, 0xDF, 0xDF, 0xDF, 0xDF, 0xDF, 0xDF, 0xDF, 0xDF, 0xDF, 0xDF, 0xDF, 0xDF,
    0xDF, 0x25, 0x4B, 0x4B, 0x4B, 0x4B, 0x4B, 0x25, 0x4B, 0x4B, 0x4B, 0x4B, 0x4B, 0x4B, 0x4B, 0x4B,
    0x4B, 0x4B, 0x4B, 0x4B, 0x4B, 0x4B, 0x4B, 0x4B, 0x4B, 0x4B, 0x4B, 0x4B, 0x4B, 0x25, 0x25, 0x4B,
    0x25, 0xDF, 0xDF, 0xDF, 0xDF, 0xDF, 0xDF, 0xDF, 0xDF, 0xDF, 0xDF, 0xDF, 0xDF, 0xDF, 0xDF, 0xDF,
    0xDF, 0xDF, 0xDF, 0xDF, 0xDF, 0xDF, 0xDF, 0xDF, 0xDF, 0xDF, 0xDF, 0xDF, 0xDF, 0xDF, 0xDF, 0xDF,
    0xDF, 0x25, 0x4B, 0x4B, 0x4B, 0x4B, 0x4B, 0x4B, 0x25, 0x25, 0x4B, 0x4B, 0x4B, 0x4B, 0x4B, 0x4B,
    0x4B, 0x4B, 0x4B, 0x4B, 0x4B, 0x4B, 0x4B, 0x4B, 0x4B, 0x4B, 0x25, 0x25, 0x25, 0x4B, 0x4B, 0x25,
    0x25, 0xDF, 0xDF, 0xDF, 0xDF, 0xDF, 0xDF, 0xDF, 0xDF, 0xDF, 0xDF, 0xDF, 0xDF, 0xDF, 0xDF, 0xDF,
    0xDF, 0xDF, 0xDF, 0xDF, 0xDF, 0xDF, 0xDF, 0xDF, 0xDF, 0xDF, 0xDF, 0xDF, 0xDF, 0xDF, 0xDF, 0xDF,
    0xDF, 0x25, 0x4B, 0x4B, 0x4B, 0x4B, 0x4B, 0x4B, 0x25, 0xDF, 0x25, 0x25, 0x4B, 0x4B, 0x4B, 0x4B,
    0x4B, 0x4B, 0x4B, 0x4B, 0x4B, 0x4B, 0x4B, 0x4B, 0x25, 0x25, 0x25, 0x4B, 0x4B, 0x4B, 0x4B, 0x25,
    0xDF, 0xDF, 0xDF, 0xDF, 0xDF, 0xDF, 0xDF, 0xDF, 0xDF, 0xDF, 0xDF, 0xDF, 0xDF, 0xDF, 0xDF, 0xDF,
    0xDF, 0xDF, 0xDF, 0xDF, 0xDF, 0xDF, 0xDF, 0xDF, 0xDF, 0xDF, 0xDF, 0xDF, 0xDF, 0xDF, 0xDF, 0xDF,
    0xDF, 0x25, 0x25, 0x25, 0x4B, 0x4B, 0x25, 0x25, 0x25, 0xDF, 0xDF, 0xDF, 0x25, 0x25, 0x25, 0x25,
    0x25, 0x25, 0x25, 0x25, 0x25, 0x25, 0x25, 0x25, 0x4B, 0x4B, 0x4B, 0x4B, 0x4B, 0x4B, 0x4B, 0x25,
    0xDF, 0xDF, 0xDF, 0xDF, 0xDF, 0xDF, 0xDF, 0xDF, 0xDF, 0xDF, 0xDF, 0xDF, 0xDF, 0xDF, 0xDF, 0xDF,
    0xDF, 0xDF, 0xDF, 0xDF, 0xDF, 0xDF, 0xDF, 0xDF, 0xDF, 0xDF, 0xDF, 0xDF, 0xDF, 0xDF, 0xDF, 0xDF,
    0xDF, 0xDF, 0xDF, 0x25, 0x25, 0x25, 0xDF, 0xDF, 0xDF, 0xDF, 0xDF, 0xDF, 0xDF, 0xDF, 0xDF, 0xDF,
    0xDF, 0xDF, 0xDF, 0xDF, 0xDF, 0xDF, 0x25, 0x4B, 0x4B, 0x4B, 0x4B, 0x4B, 0x4B, 0x4B, 0x25, 0x25,
    0xDF, 0xDF, 0xDF, 0xDF, 0xDF, 0xDF, 0xDF, 0xDF, 0xDF, 0xDF, 0xDF, 0xDF, 0xDF, 0xDF, 0xDF, 0xDF,
    0xDF, 0xDF, 0xDF, 0xDF, 0xDF, 0xDF, 0xDF, 0xDF, 0xDF, 0xDF, 0xDF, 0xDF, 0xDF, 0xDF, 0xDF, 0xDF,
    0xDF, 0xDF, 0xDF, 0xDF, 0xDF, 0xDF, 0xDF, 0xDF, 0xDF, 0xDF, 0xDF, 0xDF, 0xDF, 0xDF, 0xDF, 0xDF,
    0xDF, 0xDF, 0xDF, 0xDF, 0xDF, 0xDF, 0xDF, 0x25, 0x25, 0x4B, 0x4B, 0x4B, 0x4B, 0x4B, 0x25, 0xDF,
    0xDF, 0xDF, 0xDF, 0xDF, 0xDF, 0xDF, 0xDF, 0xDF, 0xDF, 0xDF, 0xDF, 0xDF, 0xDF, 0xDF, 0xDF, 0xDF,
    0xDF, 0xDF, 0xDF, 0xDF, 0xDF, 0xDF, 0xDF, 0xDF, 0xDF, 0xDF, 0xDF, 0xDF, 0xDF, 0xDF, 0xDF, 0xDF,
    0xDF, 0xDF, 0xDF, 0xDF, 0xDF, 0xDF, 0xDF, 0xDF, 0xDF, 0xDF, 0xDF, 0xDF, 0xDF, 0xDF, 0xDF, 0xDF,
    0xDF, 0xDF, 0xDF, 0xDF, 0xDF, 0xDF, 0xDF, 0xDF, 0xDF, 0x25, 0x25, 0x25, 0x25, 0x25, 0xDF, 0xDF,
    0xDF, 0xDF, 0xDF, 0xDF, 0xDF, 0xDF, 0xDF, 0xDF, 0xDF, 0xDF, 0xDF, 0xDF, 0xDF, 0xDF, 0xDF, 0xDF,
    0xDF, 0xDF, 0xDF, 0xDF, 0xDF, 0xDF, 0xDF, 0xDF, 0xDF, 0xDF, 0xDF, 0xDF, 0xDF, 0xDF, 0xDF, 0xDF,
    0xDF, 0xDF, 0xDF, 0xDF, 0xDF, 0xDF, 0xDF, 0xDF, 0xDF, 0xDF, 0xDF, 0xDF, 0xDF, 0xDF, 0xDF, 0xDF,
    0xDF, 0xDF, 0xDF, 0xDF, 0xDF, 0xDF, 0xDF, 0xDF, 0xDF, 0xDF, 0xDF, 0xDF, 0xDF, 0xDF, 0xDF, 0xDF,
    0xDF, 0xDF, 0xDF, 0xDF, 0xDF, 0xDF, 0xDF, 0xDF, 0xDF, 0xDF, 0xDF, 0xDF, 0xDF, 0xDF, 0xDF, 0xDF,
    0xDF, 0xDF, 0xDF, 0xDF, 0xDF, 0xDF, 0xDF, 0xDF, 0xDF, 0xDF, 0xDF, 0xDF, 0xDF, 0xDF, 0xDF, 0xDF,
    0xDF, 0xDF, 0xDF, 0xDF, 0xDF, 0xDF, 0xDF, 0xDF, 0xDF, 0xDF, 0xDF, 0xDF, 0xDF, 0xDF, 0xDF, 0xDF,
    0xDF, 0xDF, 0xDF, 0xDF, 0xDF, 0xDF, 0xDF, 0xDF, 0xDF, 0xDF, 0xDF, 0xDF, 0xDF, 0xDF, 0xDF, 0xDF,
    0xDF, 0xDF, 0xDF, 0xDF, 0xDF, 0xDF, 0xDF, 0xDF, 0xDF, 0xDF, 0xDF, 0xDF, 0xDF, 0xDF, 0xDF, 0xDF,
    0xDF, 0xDF, 0xDF, 0xDF, 0xDF, 0xDF, 0xDF, 0xDF, 0xDF, 0xDF, 0xDF, 0xDF, 0xDF, 0xDF, 0xDF, 0xDF,
    0xDF, 0xDF, 0xDF, 0xDF, 0xDF, 0xDF, 0xDF, 0xDF, 0xDF, 0xDF, 0xDF, 0xDF, 0xDF, 0xDF, 0xDF, 0xDF,
    0xDF, 0xDF, 0xDF, 0xDF, 0xDF, 0xDF, 0xDF, 0xDF, 0xDF, 0xDF, 0xDF, 0xDF, 0xDF, 0xDF, 0xDF, 0xDF,
    0xDF, 0xDF, 0xDF, 0xDF, 0xDF, 0xDF, 0xDF, 0xDF, 0xDF, 0xDF, 0xDF, 0xDF, 0xDF, 0xDF, 0xDF, 0xDF,
    0xDF, 0xDF, 0xDF, 0xDF, 0xDF, 0xDF, 0xDF, 0xDF, 0xDF, 0xDF, 0xDF, 0xDF, 0xDF, 0xDF, 0xDF, 0xDF,
    0xDF, 0xDF, 0xDF, 0xDF, 0xDF, 0xDF, 0xDF, 0xDF, 0xDF, 0xDF, 0xDF, 0xDF, 0xDF, 0xDF, 0xDF, 0xDF,
    0xDF, 0xDF, 0xDF, 0xDF, 0xDF, 0xDF, 0xDF, 0xDF, 0xDF, 0xDF, 0xDF, 0xDF, 0xDF, 0xDF, 0xDF, 0xDF,
    0xDF, 0xDF, 0xDF, 0xDF, 0xDF, 0xDF, 0xDF, 0xDF, 0xDF, 0xDF, 0xDF, 0xDF, 0xDF, 0xDF, 0xDF, 0xDF,
    0xDF, 0xDF, 0xDF, 0xDF, 0xDF, 0xDF, 0xDF, 0xDF, 0xDF, 0xDF, 0xDF, 0xDF, 0xDF, 0xDF, 0xDF, 0xDF,
    0xDF, 0xDF, 0xDF, 0xDF, 0xDF, 0xDF, 0xDF, 0xDF, 0xDF, 0xDF, 0xDF, 0xDF, 0xDF, 0xDF, 0xDF, 0xDF,
    0xDF, 0xDF, 0xDF, 0xDF, 0xDF, 0xDF, 0xDF, 0xDF, 0xDF, 0xDF, 0xDF, 0xDF, 0xDF, 0xDF, 0xDF, 0xDF,
    0xDF, 0xDF, 0xDF, 0xDF, 0xDF, 0xDF, 0xDF, 0xDF, 0xDF, 0xDF, 0xDF, 0xDF, 0xDF, 0xDF, 0xDF, 0xDF,
    0xDF, 0xDF, 0xDF, 0xDF, 0xDF, 0xDF, 0xDF, 0xDF, 0xDF, 0xDF, 0xDF, 0xDF, 0xDF, 0xDF, 0xDF, 0xDF,
    0xDF, 0xDF, 0xDF, 0xDF, 0xDF, 0xDF, 0xDF, 0xDF, 0xDF, 0xDF, 0xDF, 0xDF, 0xDF, 0xDF, 0xDF, 0xDF,
    0xDF, 0xDF, 0xDF, 0xDF, 0xDF, 0xDF, 0xDF, 0xDF, 0xDF, 0xDF, 0xDF, 0xDF, 0xDF, 0xDF, 0xDF, 0xDF,
    0xDF, 0xDF, 0xDF, 0xDF, 0xDF, 0xDF, 0xDF, 0xDF, 0xDF, 0xDF, 0xDF, 0xDF, 0xDF, 0xDF, 0xDF, 0xDF,
    0xDF, 0xDF, 0xDF, 0xDF, 0xDF, 0xDF, 0xDF, 0xDF, 0xDF, 0xDF, 0xDF, 0xDF, 0xDF, 0xDF, 0xDF, 0xDF,
    0xDF, 0xDF, 0xDF, 0xDF, 0xDF, 0xDF, 0xDF, 0xDF, 0xDF, 0xDF, 0xDF, 0xDF, 0xDF, 0xDF, 0xDF, 0xDF,
    0xDF, 0xDF, 0xDF, 0xDF, 0xDF, 0xDF, 0xDF, 0xDF, 0xDF, 0xDF, 0xDF, 0xDF, 0xDF, 0xDF, 0xDF, 0xDF,
    0xDF, 0xDF, 0xDF, 0xDF, 0xDF, 0xDF, 0xDF, 0xDF, 0xDF, 0xDF, 0xDF, 0xDF, 0xDF, 0xDF, 0xDF, 0xDF,
    0xDF, 0xDF, 0xDF, 0xDF, 0xDF, 0xDF, 0xDF, 0xDF, 0xDF, 0xDF, 0xDF, 0xDF, 0xDF, 0xDF, 0xDF, 0xDF,
    0xDF, 0xDF, 0xDF, 0xDF, 0xDF, 0xDF, 0xDF, 0xDF, 0xDF, 0xDF, 0xDF, 0xDF, 0xDF, 0xDF, 0xDF, 0xDF,
    0xDF, 0xDF, 0xDF, 0xDF, 0xDF, 0xDF, 0xDF, 0xDF, 0xDF, 0xDF, 0xDF, 0xDF, 0xDF, 0xDF, 0xDF, 0xDF,
    0xDF, 0xDF, 0xDF, 0xDF, 0xDF, 0xDF, 0xDF, 0xDF, 0xDF, 0xDF, 0xDF, 0xDF, 0xDF, 0xDF, 0xDF, 0xDF,
    0xDF, 0xDF, 0xDF, 0xDF, 0xDF, 0xDF, 0xDF, 0xDF, 0xDF, 0xDF, 0xDF, 0xDF, 0xDF, 0xDF, 0xDF, 0xDF,
    0xDF, 0xDF, 0xDF, 0xDF, 0xDF, 0xDF, 0xDF, 0xDF, 0xDF, 0xDF, 0xDF, 0xDF, 0xDF, 0xDF, 0xDF, 0xDF,
    0xDF, 0xDF, 0xDF, 0xDF, 0xDF, 0xDF, 0xDF, 0xDF, 0xDF, 0xDF, 0xDF, 0xDF, 0xDF, 0xDF, 0xDF, 0xDF,
    0xDF, 0xDF, 0xDF, 0xDF, 0xDF, 0xDF, 0xDF, 0xDF, 0xDF, 0xDF, 0xDF, 0xDF, 0xDF, 0xDF, 0xDF, 0xDF,
    0xDF, 0xDF, 0xDF, 0xDF, 0xDF, 0xDF, 0xDF, 0xDF, 0xDF, 0xDF, 0xDF, 0xDF, 0xDF, 0xDF, 0xDF, 0xDF,
    0xDF, 0xDF, 0xDF, 0xDF, 0xDF, 0xDF, 0xDF, 0xDF, 0xDF, 0xDF, 0xDF, 0xDF, 0xDF, 0xDF, 0xDF, 0xDF,
    0xDF, 0xDF, 0xDF, 0xDF, 0xDF, 0xDF, 0xDF, 0xDF, 0xDF, 0xDF, 0xDF, 0xDF, 0xDF, 0xDF, 0xDF, 0xDF,
    0xDF, 0xDF, 0xDF, 0xDF, 0xDF, 0xDF, 0xDF, 0xDF, 0xDF, 0xDF, 0xDF, 0xDF, 0xDF, 0xDF, 0xDF, 0xDF,
    0xDF, 0xDF, 0xDF, 0xDF, 0xDF, 0xDF, 0xDF, 0xDF, 0xDF, 0xDF, 0xDF, 0xDF, 0xDF, 0xDF, 0xDF, 0xDF,
    0xDF, 0xDF, 0xDF, 0xDF, 0xDF, 0xDF, 0xDF, 0xDF, 0xDF, 0xDF, 0xDF, 0xDF, 0xDF, 0xDF, 0xDF, 0xDF,
    0xDF, 0xDF, 0xDF, 0xDF, 0xDF, 0xDF, 0xDF, 0xDF, 0xDF, 0xDF, 0xDF, 0xDF, 0xDF, 0xDF, 0xDF, 0xDF,
    0xDF, 0xDF, 0xDF, 0xDF, 0xDF, 0xDF, 0xDF, 0xDF, 0xDF, 0xDF, 0xDF, 0xDF, 0xDF, 0xDF, 0xDF, 0xDF,
};

constexpr int kPartySpriteWidth = 64;
constexpr int kPartySpriteHeight = 64;
constexpr int kPartySpriteFrameCount = 1;
const uint8_t* const kPartySprite = kPartySpriteFrame0;

// Screen pose: Break
const uint8_t kBreakSpriteFrame0[] PROGMEM = {
    0xDF, 0xDF, 0xDF, 0xDF, 0xDF, 0xDF, 0xDF, 0xDF, 0xDF, 0xDF, 0xDF, 0xDF, 0xDF, 0xDF, 0xDF, 0xDF,
    0xDF, 0xDF, 0xDF, 0xDF, 0xDF, 0xDF, 0xDF, 0xDF, 0xDF, 0xDF, 0xDF, 0xDF, 0xDF, 0xDF, 0xDF, 0xDF,
    0xDF, 0xDF, 0xDF, 0xDF, 0xDF, 0xDF, 0xDF, 0xDF, 0xDF, 0xDF, 0xDF, 0xDF, 0xDF, 0xDF, 0xDF, 0xDF,
    0xDF, 0xDF, 0xDF, 0xDF, 0xDF, 0xDF, 0xDF, 0xDF, 0xDF, 0xDF, 0xDF, 0xDF, 0xDF, 0xDF, 0xDF, 0xDF,
    0xDF, 0xDF, 0xDF, 0xDF, 0xDF, 0xDF, 0xDF, 0xDF, 0xDF, 0xDF, 0xDF, 0xDF, 0xDF, 0xDF, 0xDF, 0xDF,
    0xDF, 0xDF, 0xDF, 0xDF, 0xDF, 0xDF, 0xDF, 0xDF, 0xDF, 0xDF, 0xDF, 0xDF, 0xDF, 0xDF, 0xDF, 0xDF,
    0xDF, 0xDF, 0xDF, 0xDF, 0xDF, 0xDF, 0xDF, 0xDF, 0xDF, 0xDF, 0xDF, 0xDF, 0xDF, 0xDF, 0xDF, 0xDF,
    0xDF, 0xDF, 0xDF, 0xDF, 0xDF, 0xDF, 0xDF, 0xDF, 0xDF, 0xDF, 0xDF, 0xDF, 0xDF, 0xDF, 0xDF, 0xDF,
    0xDF, 0xDF, 0xDF, 0xDF, 0xDF, 0xDF, 0xDF, 0xDF, 0xDF, 0xDF, 0xDF, 0xDF, 0xDF, 0xDF, 0xDF, 0xDF,
    0xDF, 0xDF, 0xDF, 0xDF, 0xDF, 0xDF, 0xDF, 0xDF, 0xDF, 0xDF, 0xDF, 0xDF, 0xDF, 0xDF, 0xDF, 0xDF,
    0xDF, 0xDF, 0xDF, 0xDF, 0xDF, 0xDF, 0xDF, 0xDF, 0xDF, 0xDF, 0xDF, 0xDF, 0xDF, 0xDF, 0xDF, 0xDF,
    0xDF, 0xDF, 0xDF, 0xDF, 0xDF, 0xDF, 0xDF, 0xDF, 0xDF, 0xDF, 0xDF, 0xDF, 0xDF, 0xDF, 0xDF, 0xDF,
    0xDF, 0xDF, 0xDF, 0xDF, 0xDF, 0xDF, 0xDF, 0xDF, 0xDF, 0xDF, 0xDF, 0xDF, 0xDF, 0xDF, 0xDF, 0xDF,
    0xDF, 0xDF, 0xDF, 0xDF, 0xDF, 0xDF, 0xDF, 0xDF, 0xDF, 0xDF, 0xDF, 0xDF, 0xDF, 0xDF, 0xDF, 0xDF,
    0xDF, 0xDF, 0xDF, 0xDF, 0xDF, 0xDF, 0xDF, 0xDF, 0xDF, 0xDF, 0xDF, 0xDF, 0xDF, 0xDF, 0xDF, 0xDF,
    0xDF, 0xDF, 0xDF, 0xDF, 0xDF, 0xDF, 0xDF, 0xDF, 0xDF, 0xDF, 0xDF, 0xDF, 0xDF, 0xDF, 0xDF, 0xDF,
    0xDF, 0xDF, 0xDF, 0xDF, 0xDF, 0xDF, 0xDF, 0xDF, 0xDF, 0xDF, 0xDF, 0xDF, 0xDF, 0xDF, 0xDF, 0xDF,
    0xDF, 0xDF, 0xDF, 0xDF, 0xDF, 0xDF, 0xDF, 0xDF, 0xDF, 0xDF, 0xDF, 0xDF, 0xDF, 0xDF, 0xDF, 0xDF,
    0xDF, 0xDF, 0xDF, 0xDF, 0xDF, 0xDF, 0xDF, 0xDF, 0xDF, 0xDF, 0xDF, 0xDF, 0xDF, 0xDF, 0xDF, 0xDF,
    0xDF, 0xDF, 0xDF, 0xDF, 0xDF, 0xDF, 0xDF, 0xDF, 0xDF, 0xDF, 0xDF, 0xDF, 0xDF, 0xDF, 0xDF, 0xDF,
    0xDF, 0xDF, 0xDF, 0xDF, 0xDF, 0xDF, 0xDF, 0xDF, 0xDF, 0xDF, 0xDF, 0xDF, 0xDF, 0xDF, 0xDF, 0xDF,
    0xDF, 0xDF, 0xDF, 0xDF, 0xDF, 0xDF, 0xDF, 0xDF, 0xDF, 0xDF, 0xDF, 0xDF, 0xDF, 0xDF, 0xDF, 0xDF,
    0xDF, 0xDF, 0xDF, 0xDF, 0xDF, 0xDF, 0xDF, 0xDF, 0xDF, 0xDF, 0xDF, 0xDF, 0xDF, 0xDF, 0xDF, 0xDF,
    0xDF, 0xDF, 0xDF, 0xDF, 0xDF, 0xDF, 0xDF, 0xDF, 0xDF, 0xDF, 0xDF, 0xDF, 0xDF, 0xDF, 0xDF, 0xDF,
    0xDF, 0xDF, 0xDF, 0xDF, 0xDF, 0xDF, 0xDF, 0xDF, 0xDF, 0xDF, 0xDF, 0xDF, 0xDF, 0xDF, 0xDF, 0xDF,
    0xDF, 0xDF, 0xDF, 0xDF, 0xDF, 0xDF, 0xDF, 0xDF, 0xDF, 0xDF, 0xDF, 0xDF, 0xDF, 0xDF, 0xDF, 0xDF,
    0xDF, 0xDF, 0xDF, 0xDF, 0xDF, 0xDF, 0xDF, 0xDF, 0xDF, 0xDF, 0xDF, 0xDF, 0xDF, 0xDF, 0xDF, 0xDF,
    0xDF, 0xDF, 0xDF, 0xDF, 0xDF, 0xDF, 0xDF, 0xDF, 0xDF, 0xDF, 0xDF, 0xDF, 0xDF, 0xDF, 0xDF, 0xDF,
    0xDF, 0xDF, 0xDF, 0xDF, 0xDF, 0xDF, 0xDF, 0xDF, 0xDF, 0xDF, 0xDF, 0xDF, 0xDF, 0xDF, 0xDF, 0xDF,
    0xDF, 0xDF, 0xDF, 0xDF, 0xDF, 0xDF, 0xDF, 0xDF, 0xDF, 0xDF, 0xDF, 0xDF, 0xDF, 0xDF, 0xDF, 0xDF,
    0xDF, 0xDF, 0xDF, 0xDF, 0xDF, 0xDF, 0xDF, 0xDF, 0xDF, 0xDF, 0xDF, 0xDF, 0xDF, 0xDF, 0xDF, 0xDF,
    0xDF, 0xDF, 0xDF, 0xDF, 0xDF, 0xDF, 0xDF, 0xDF, 0xDF, 0xDF, 0xDF, 0xDF, 0xDF, 0xDF, 0xDF, 0xDF,
    0xDF, 0xDF, 0xDF, 0xDF, 0xDF, 0xDF, 0xDF, 0xDF, 0xDF, 0xDF, 0xDF, 0xDF, 0xDF, 0xDF, 0xDF, 0xDF,
    0xDF, 0xDF, 0xDF, 0xDF, 0xDF, 0xDF, 0xDF, 0xDF, 0xDF, 0xDF, 0xDF, 0xDF, 0xDF, 0xDF, 0xDF, 0xDF,
    0xDF, 0xDF, 0xDF, 0xDF, 0xDF, 0xDF, 0xDF, 0xDF, 0xDF, 0xDF, 0xDF, 0xDF, 0xDF, 0xDF, 0xDF, 0xDF,
    0xDF, 0xDF, 0xDF, 0xDF, 0xDF, 0xDF, 0xDF, 0xDF, 0xDF, 0xDF, 0xDF, 0xDF, 0xDF, 0xDF, 0xDF, 0xDF,
    0xDF, 0xDF, 0xDF, 0xDF, 0xDF, 0xDF, 0xDF, 0xDF, 0xDF, 0xDF, 0xDF, 0xDF, 0xDF, 0xDF, 0xDF, 0xDF,
    0xDF, 0xDF, 0xDF, 0xDF, 0xDF, 0xDF, 0xDF, 0xDF, 0xDF, 0xDF, 0xDF, 0xDF, 0xDF, 0xDF, 0xDF, 0xDF,
    0xDF, 0xDF, 0xDF, 0xDF, 0xDF, 0xDF, 0xDF, 0xDF, 0xDF, 0xDF, 0xDF, 0xDF, 0xDF, 0xDF, 0xDF, 0xDF,
    0xDF, 0xDF, 0xDF, 0xDF, 0xDF, 0xDF, 0xDF, 0xDF, 0xDF, 0xDF, 0xDF, 0xDF, 0xDF, 0xDF, 0xDF, 0xDF,
    0xDF, 0xDF, 0xDF, 0xDF, 0xDF, 0xDF, 0xDF, 0xDF, 0xDF, 0xDF, 0xDF, 0xDF, 0xDF, 0xDF, 0xDF, 0xDF,
    0xDF, 0xDF, 0xDF, 0xDF, 0xDF, 0xDF, 0xDF, 0xDF, 0xDF, 0xDF, 0xDF, 0xDF, 0xDF, 0xDF, 0xDF, 0xDF,
    0xDF, 0xDF, 0xDF, 0xDF, 0xDF, 0xDF, 0xDF, 0xDF, 0xDF, 0xDF, 0xDF, 0xDF, 0xDF, 0xDF, 0xDF, 0xDF,
    0xDF, 0xDF, 0xDF, 0xDF, 0xDF, 0xDF, 0xDF, 0xDF, 0xDF, 0xDF, 0xDF, 0xDF, 0xDF, 0xDF, 0xDF, 0xDF,
    0xDF, 0xDF, 0xDF, 0xDF, 0xDF, 0xDF, 0xDF, 0xDF, 0xDF, 0xDF, 0xDF, 0xDF, 0xDF, 0xDF, 0xDF, 0xDF,
    0xDF, 0xDF, 0xDF, 0xDF, 0xDF, 0xDF, 0xDF, 0xDF, 0xDF, 0xDF, 0xDF, 0xDF, 0xDF, 0xDF, 0xDF, 0xDF,
    0xDF, 0xDF, 0xDF, 0xDF, 0xDF, 0xDF, 0xDF, 0xDF, 0xDF, 0xDF, 0xDF, 0xDF, 0xDF, 0xDF, 0xDF, 0xDF,
    0xDF, 0xDF, 0xDF, 0xDF, 0xDF, 0xDF, 0xDF, 0xDF, 0xDF, 0xDF, 0xDF, 0xDF, 0xDF, 0xDF, 0xDF, 0xDF,
    0xDF, 0xDF, 0xDF, 0xDF, 0xDF, 0xDF, 0xDF, 0xDF, 0xDF, 0xDF, 0xDF, 0xDF, 0xDF, 0xDF, 0xDF, 0xDF,
    0xDF, 0xDF, 0xDF, 0xDF, 0xDF, 0xDF, 0xDF, 0xDF, 0xDF, 0xDF, 0xDF, 0xDF, 0xDF, 0xDF, 0xDF, 0xDF,
    0xDF, 0xDF, 0xDF, 0xDF, 0xDF, 0xDF, 0xDF, 0xDF, 0xDF, 0xDF, 0xDF, 0xDF, 0xDF, 0xDF, 0xDF, 0xDF,
    0xDF, 0xDF, 0xDF, 0xDF, 0xDF, 0xDF, 0xDF, 0xDF, 0xDF, 0xDF, 0xDF, 0xDF, 0xDF, 0xDF, 0xDF, 0xDF,
    0xDF, 0xDF, 0xDF, 0xDF, 0xDF, 0xDF, 0xDF, 0xDF, 0xDF, 0xDF, 0xDF, 0xDF, 0xDF, 0xDF, 0xDF, 0xDF,
    0xDF, 0xDF, 0xDF, 0xDF, 0xDF, 0xDF, 0xDF, 0xDF, 0xDF, 0xDF, 0xDF, 0xDF, 0xDF, 0xDF, 0xDF, 0xDF,
    0xDF, 0xDF, 0xDF, 0xDF, 0xDF, 0xDF, 0xDF, 0xDF, 0xDF, 0xDF, 0xDF, 0xDF, 0xDF, 0xDF, 0xDF, 0xDF,
    0xDF, 0xDF, 0xDF, 0xDF, 0xDF, 0xDF, 0xDF, 0xDF, 0xDF, 0xDF, 0xDF, 0xDF, 0xDF, 0xDF, 0xDF, 0xDF,
    0xDF, 0xDF, 0xDF, 0xDF, 0xDF, 0xDF, 0xDF, 0xDF, 0xDF, 0xDF, 0xDF, 0xDF, 0xDF, 0xDF, 0xDF, 0xDF,
    0xDF, 0xDF, 0xDF, 0xDF, 0xDF, 0xDF, 0xDF, 0xDF, 0xDF, 0xDF, 0xDF, 0xDF, 0xDF, 0xDF, 0xDF, 0xDF,
    0xDF, 0xDF, 0xDF, 0xDF, 0xDF, 0xDF, 0xDF, 0xDF, 0xDF, 0xDF, 0xDF, 0xDF, 0xDF, 0xDF, 0xDF, 0xDF,
    0xDF, 0xDF, 0xDF, 0xDF, 0xDF, 0xDF, 0xDF, 0xDF, 0xDF, 0xDF, 0xDF, 0xDF, 0xDF, 0xDF, 0xDF, 0xDF,
    0xDF, 0xDF, 0xDF, 0xDF, 0xDF, 0xDF, 0xDF, 0xDF, 0xDF, 0xDF, 0xDF, 0xDF, 0xDF, 0xDF, 0xDF, 0xDF,
    0xDF, 0xDF, 0xDF, 0xDF, 0xDF, 0xDF, 0xDF, 0xDF, 0xDF, 0xDF, 0xDF, 0xDF, 0xDF, 0xDF, 0xDF, 0xDF,
    0xDF, 0xDF, 0xDF, 0xDF, 0xDF, 0xDF, 0xDF, 0xDF, 0xDF, 0xDF, 0xDF, 0xDF, 0xDF, 0xDF, 0xDF, 0xDF,
    0xDF, 0xDF, 0xDF, 0xDF, 0xDF, 0xDF, 0xDF, 0xDF, 0xDF, 0xDF, 0xDF, 0xDF, 0xDF, 0xDF, 0xDF, 0xDF,
    0xDF, 0xDF, 0xDF, 0xDF, 0xDF, 0xDF, 0xDF, 0xDF, 0xDF, 0xDF, 0xDF, 0xDF, 0xDF, 0xDF, 0xDF, 0xDF,
    0xDF, 0xDF, 0xDF, 0xDF, 0xDF, 0xDF, 0xDF, 0xDF, 0xDF, 0xDF, 0xDF, 0xDF, 0xDF, 0xDF, 0xDF, 0xDF,
    0xDF, 0xDF, 0xDF, 0xDF, 0xDF, 0xDF, 0xDF, 0xDF, 0xDF, 0xDF, 0xDF, 0xDF, 0xDF, 0xDF, 0xDF, 0xDF,
    0xDF, 0xDF, 0xDF, 0xDF, 0xDF, 0xDF, 0xDF, 0xDF, 0xDF, 0xDF, 0xDF, 0xDF, 0xDF, 0xDF, 0xDF, 0xDF,
    0xDF, 0xDF, 0xDF, 0xDF, 0xDF, 0xDF, 0xDF, 0xDF, 0xDF, 0xDF, 0xDF, 0xDF, 0xDF, 0xDF, 0xDF, 0xDF,
    0xDF, 0xDF, 0xDF, 0xDF, 0xDF, 0xDF, 0xDF, 0xDF, 0xDF, 0xDF, 0xDF, 0xDF, 0xDF, 0xDF, 0xDF, 0xDF,
    0xDF, 0xDF, 0xDF, 0xDF, 0xDF, 0xDF, 0xDF, 0xDF, 0xDF, 0xDF, 0xDF, 0xDF, 0xDF, 0xDF, 0xDF, 0xDF,
    0xDF, 0xDF, 0xDF, 0xDF, 0xDF, 0xDF, 0xDF, 0xDF, 0xDF, 0xDF, 0xDF, 0xDF, 0xDF, 0xDF, 0xDF, 0xDF,
    0xDF, 0xDF, 0xDF, 0xDF, 0xDF, 0xDF, 0xDF, 0xDF, 0xDF, 0xDF, 0xDF, 0xDF, 0xDF, 0xDF, 0xDF, 0xDF,
    0xDF, 0xDF, 0xDF, 0xDF, 0xDF, 0xDF, 0xDF, 0xDF, 0xDF, 0xDF, 0xDF, 0xDF, 0xDF, 0xDF, 0xDF, 0xDF,
    0xDF, 0xDF, 0xDF, 0xDF, 0xDF, 0xDF, 0xDF, 0xDF, 0xDF, 0xDF, 0xDF, 0xDF, 0xDF, 0xDF, 0xDF, 0xDF,
    0xDF, 0xDF, 0xDF, 0xDF, 0xDF, 0xDF, 0xDF, 0xDF, 0xDF, 0xDF, 0xDF, 0xDF, 0xDF, 0xDF, 0xDF, 0xDF,
    0xDF, 0xDF, 0xDF, 0xDF, 0xDF, 0xDF, 0xDF, 0xDF, 0xDF, 0xDF, 0xDF, 0xDF, 0xDF, 0xDF, 0xDF, 0xDF,
    0xDF, 0xDF, 0xDF, 0xDF, 0xDF, 0xDF, 0xDF, 0xDF, 0xDF, 0xDF, 0xDF, 0xDF, 0xDF, 0xDF, 0xDF, 0xDF,
    0xDF, 0xDF, 0xDF, 0xDF, 0xDF, 0xDF, 0xDF, 0xDF, 0xDF, 0xDF, 0xDF, 0xDF, 0xDF, 0xDF, 0xDF, 0xDF,
    0xDF, 0xDF, 0xDF, 0xDF, 0xDF, 0xDF, 0xDF, 0xDF, 0xDF, 0xDF, 0xDF, 0xDF, 0xDF, 0xDF, 0xDF, 0xDF,
    0xDF, 0xDF, 0xDF, 0xDF, 0xDF, 0xDF, 0xDF, 0xDF, 0xDF, 0xDF, 0xDF, 0xDF, 0xDF, 0xDF, 0xDF, 0xDF,
    0xDF, 0xDF, 0xDF, 0xDF, 0xDF, 0xDF, 0xDF, 0xDF, 0xDF, 0xDF, 0xDF, 0xDF, 0xDF, 0xDF, 0xDF, 0xDF,
    0xDF, 0xDF, 0xDF, 0xDF, 0xDF, 0xDF, 0xDF, 0xDF, 0xDF, 0xDF, 0xDF, 0xDF, 0xDF, 0xDF, 0xDF, 0xDF,
    0xDF, 0xDF, 0xDF, 0xDF, 0xDF, 0xDF, 0xDF, 0xDF, 0xDF, 0xDF, 0xDF, 0xDF, 0xDF, 0xDF, 0xDF, 0xDF,
    0xDF, 0xDF, 0xDF, 0xDF, 0xDF, 0xDF, 0xDF, 0xDF, 0xDF, 0xDF, 0xDF, 0xDF, 0xDF, 0xDF, 0xDF, 0xDF,
    0xDF, 0xDF, 0xDF, 0xDF, 0xDF, 0xDF, 0xDF, 0xDF, 0xDF, 0xDF, 0xDF, 0xDF, 0xDF, 0xDF, 0xDF, 0xDF,
    0xDF, 0xDF, 0xDF, 0xDF, 0xDF, 0xDF, 0xDF, 0xDF, 0xDF, 0xDF, 0xDF, 0xDF, 0xDF, 0xDF, 0xDF, 0xDF,
    0xDF, 0xDF, 0xDF, 0xDF, 0xDF, 0xDF, 0xDF, 0xDF, 0xDF, 0xDF, 0xDF, 0xDF, 0xDF, 0xDF, 0xDF, 0xDF,
    0xDF, 0xDF, 0xDF, 0xDF, 0xDF, 0xDF, 0xDF, 0xDF, 0xDF, 0xDF, 0xDF, 0xDF, 0xDF, 0xDF, 0xDF, 0xDF,
    0xDF, 0xDF, 0xDF, 0xDF, 0xDF, 0xDF, 0xDF, 0xDF, 0xDF, 0xDF, 0xDF, 0xDF, 0xDF, 0xDF, 0xDF, 0xDF,
    0xDF, 0xDF, 0xDF, 0xDF, 0xDF, 0xDF, 0xDF, 0xDF, 0xDF, 0xDF, 0xDF, 0xDF, 0xDF, 0xDF, 0xDF, 0xDF,
    0xDF, 0xDF, 0xDF, 0xDF, 0xDF, 0xDF, 0xDF, 0xDF, 0xDF, 0xDF, 0xDF, 0xDF, 0xDF, 0xDF, 0xDF, 0xDF,
    0xDF, 0xDF, 0xDF, 0xDF, 0xDF, 0xDF, 0xDF, 0xDF, 0xDF, 0xDF, 0xDF, 0xDF, 0xDF, 0xDF, 0xDF, 0xDF,
    0xDF, 0xDF, 0xDF, 0xDF, 0xDF, 0xDF, 0xDF, 0xDF, 0xDF, 0xDF, 0xDF, 0xDF, 0xDF, 0xDF, 0xDF, 0xDF,
    0xDF, 0xDF, 0xDF, 0xDF, 0xDF, 0xDF, 0xDF, 0xDF, 0xDF, 0xDF, 0xDF, 0xDF, 0x25, 0x25, 0xDF, 0xDF,
    0xDF, 0xDF, 0xDF, 0xDF, 0xDF, 0xDF, 0xDF, 0xDF, 0xDF, 0xDF, 0xDF, 0xDF, 0xDF, 0xDF, 0xDF, 0xDF,
    0xDF, 0xDF, 0xDF, 0xDF, 0xDF, 0xDF, 0xDF, 0xDF, 0xDF, 0xDF, 0xDF, 0xDF, 0xDF, 0xDF, 0xDF, 0xDF,
    0xDF, 0xDF, 0xDF, 0xDF, 0xDF, 0xDF, 0xDF, 0xDF, 0xDF, 0xDF, 0xDF, 0xDF, 0xDF, 0xDF, 0xDF, 0xDF,
    0xDF, 0xDF, 0xDF, 0xDF, 0xDF, 0xDF, 0xDF, 0xDF, 0xDF, 0xDF, 0x25, 0x25, 0x4B, 0x4B, 0x25, 0xDF,
    0xDF, 0xDF, 0xDF, 0xDF, 0xDF, 0xDF, 0xDF, 0xDF, 0xDF, 0xDF, 0xDF, 0xDF, 0xDF, 0xDF, 0xDF, 0xDF,
    0xDF, 0xDF, 0xDF, 0xDF, 0xDF, 0xDF, 0xDF, 0xDF, 0xDF, 0xDF, 0xDF, 0xDF, 0xDF, 0xDF, 0xDF, 0xDF,
    0xDF, 0xDF, 0xDF, 0xDF, 0xDF, 0xDF, 0xDF, 0xDF, 0xDF, 0xDF, 0xDF, 0xDF, 0xDF, 0xDF, 0xDF, 0xDF,
    0xDF, 0xDF, 0xDF, 0xDF, 0xDF, 0xDF, 0xDF, 0xDF, 0x25, 0x25, 0x25, 0x4B, 0x4B, 0x4B, 0x25, 0xDF,
    0xDF, 0xDF, 0xDF, 0x25, 0x25, 0xDF, 0xDF, 0xDF, 0xDF, 0xDF, 0xDF, 0xDF, 0xDF, 0xDF, 0xDF, 0xDF,
    0xDF, 0xDF, 0xDF, 0xDF, 0xDF, 0xDF, 0xDF, 0xDF, 0xDF, 0xDF, 0xDF, 0xDF, 0xDF, 0xDF, 0xDF, 0xDF,
    0xDF, 0xDF, 0xDF, 0xDF, 0xDF, 0xDF, 0xDF, 0xDF, 0xDF, 0xDF, 0xDF, 0xDF, 0xDF, 0xDF, 0xDF, 0xDF,
    0xDF, 0xDF, 0xDF, 0xDF, 0xDF, 0xDF, 0x25, 0x25, 0x4B, 0x4B, 0x4B, 0x4B, 0x4B, 0x4B, 0x25, 0xDF,
    0xDF, 0x25, 0x25, 0x4B, 0x4B, 0x25, 0xDF, 0xDF, 0xDF, 0xDF, 0xDF, 0xDF, 0xDF, 0xDF, 0xDF, 0xDF,
    0xDF, 0xDF, 0xDF, 0xDF, 0xDF, 0xDF, 0xDF, 0xDF, 0xDF, 0xDF, 0xDF, 0xDF, 0xDF, 0xDF, 0xDF, 0xDF,
    0xDF, 0xDF, 0xDF, 0xDF, 0xDF, 0xDF, 0xDF, 0xDF, 0xDF, 0xDF, 0xDF, 0xDF, 0xDF, 0xDF, 0xDF, 0xDF,
    0xDF, 0xDF, 0xDF, 0x25, 0x25, 0x25, 0x25, 0x25, 0x25, 0x25, 0x25, 0x25, 0x4B, 0x4B, 0x25, 0x25,
    0x25, 0x4B, 0x4B, 0x4B, 0x4B, 0x25, 0xDF, 0xDF, 0xDF, 0xDF, 0xDF, 0xDF, 0xDF, 0xDF, 0xDF, 0xDF,
    0xDF, 0xDF, 0xDF, 0xDF, 0xDF, 0xDF, 0xDF, 0xDF, 0xDF, 0xDF, 0xDF, 0xDF, 0xDF, 0xDF, 0xDF, 0xDF,
    0xDF, 0xDF, 0xDF, 0xDF, 0xDF, 0xDF, 0xDF, 0xDF, 0xDF, 0xDF, 0xDF, 0xDF, 0xDF, 0xDF, 0xDF, 0xDF,
    0xDF, 0xDF, 0x25, 0x4B, 0x4B, 0x4B, 0x4B, 0x4B, 0x4B, 0x4B, 0x4B, 0x25, 0x25, 0x25, 0x25, 0x25,
    0x4B, 0x4B, 0x4B, 0x4B, 0x4B, 0x25, 0xDF, 0xDF, 0xDF, 0xDF, 0xDF, 0xDF, 0xDF, 0xDF, 0xDF, 0xDF,
    0xDF, 0xDF, 0xDF, 0xDF, 0xDF, 0xDF, 0xDF, 0xDF, 0xDF, 0xDF, 0xDF, 0xDF, 0xDF, 0xDF, 0xDF, 0xDF,
    0xDF, 0xDF, 0xDF, 0xDF, 0xDF, 0xDF, 0xDF, 0xDF, 0xDF, 0xDF, 0xDF, 0xDF, 0xDF, 0xDF, 0xDF, 0xDF,
    0x25, 0x25, 0x4B, 0x4B, 0x4B, 0x4B, 0x4B, 0x4B, 0x4B, 0x4B, 0x4B, 0x4B, 0x4B, 0x4B, 0x4B, 0x25,
    0x25, 0x4B, 0x4B, 0x4B, 0x25, 0x25, 0xDF, 0xDF, 0xDF, 0xDF, 0xDF, 0xDF, 0xDF, 0xDF, 0xDF, 0xDF,
    0xDF, 0xDF, 0xDF, 0xDF, 0xDF, 0xDF, 0xDF, 0xDF, 0xDF, 0xDF, 0xDF, 0xDF, 0xDF, 0xDF, 0xDF, 0xDF,
    0xDF, 0xDF, 0xDF, 0xDF, 0xDF, 0xDF, 0xDF, 0xDF, 0xDF, 0xDF, 0xDF, 0xDF, 0xDF, 0xDF, 0xDF, 0x25,
    0x4B, 0x4B, 0x4B, 0x4B, 0x4B, 0x4B, 0x4B, 0x25, 0x4B, 0x4B, 0x4B, 0x4B, 0x4B, 0x4B, 0x4B, 0x4B,
    0x4B, 0x25, 0x25, 0x4B, 0x25, 0xDF, 0xDF, 0xDF, 0xDF, 0xDF, 0xDF, 0xDF, 0xDF, 0xDF, 0xDF, 0xDF,
    0xDF, 0xDF, 0xDF, 0xDF, 0xDF, 0xDF, 0xDF, 0xDF, 0xDF, 0xDF, 0xDF, 0xDF, 0xDF, 0xDF, 0xDF, 0xDF,
    0xDF, 0xDF, 0xDF, 0xDF, 0xDF, 0xDF, 0xDF, 0xDF, 0xDF, 0xDF, 0xDF, 0xDF, 0xDF, 0xDF, 0x25, 0x25,
    0x4B, 0x25, 0x25, 0x25, 0x4B, 0x4B, 0x4B, 0x4B, 0x4B, 0x4B, 0x4B, 0x25, 0x4B, 0x4B, 0x4B, 0x4B,
    0x4B, 0x4B, 0x25, 0x25, 0x25, 0xDF, 0xDF, 0xDF, 0xDF, 0xDF, 0xDF, 0xDF, 0xDF, 0xDF, 0xDF, 0xDF,
    0xDF, 0xDF, 0xDF, 0xDF, 0xDF, 0xDF, 0xDF, 0xDF, 0xDF, 0xDF, 0xDF, 0xDF, 0xDF, 0xDF, 0xDF, 0xDF,
    0xDF, 0xDF, 0xDF, 0xDF, 0xDF, 0xDF, 0xDF, 0xDF, 0xDF, 0xDF, 0xDF, 0xDF, 0xDF, 0x25, 0x4B, 0x4B,
    0x4B, 0x4B, 0x4B, 0x4B, 0x4B, 0x4B, 0x4B, 0x25, 0x25, 0x4B, 0x4B, 0x4B, 0x4B, 0x4B, 0x4B, 0x4B,
    0x4B, 0x4B, 0x4B, 0x25, 0x25, 0xDF, 0xDF, 0xDF, 0xDF, 0xDF, 0xDF, 0xDF, 0xDF, 0xDF, 0xDF, 0xDF,
    0xDF, 0xDF, 0xDF, 0xDF, 0xDF, 0xDF, 0xDF, 0xDF, 0xDF, 0xDF, 0xDF, 0xDF, 0xDF, 0xDF, 0xDF, 0xDF,
    0xDF, 0xDF, 0xDF, 0xDF, 0xDF, 0xDF, 0xDF, 0xDF, 0xDF, 0xDF, 0xDF, 0xDF, 0xDF, 0x25, 0x4B, 0x4B,
    0x4B, 0x4B, 0x25, 0x4B, 0x4B, 0x25, 0x25, 0x25, 0x4B, 0x25, 0x4B, 0x4B, 0x4B, 0x4B, 0x4B, 0x25,
    0x4B, 0x4B, 0x4B, 0x25, 0x25, 0xDF, 0xDF, 0xDF, 0xDF, 0xDF, 0xDF, 0xDF, 0xDF, 0xDF, 0xDF, 0xDF,
    0xDF, 0xDF, 0xDF, 0xDF, 0xDF, 0xDF, 0xDF, 0xDF, 0xDF, 0xDF, 0xDF, 0xDF, 0xDF, 0xDF, 0xDF, 0xDF,
    0xDF, 0xDF, 0xDF, 0xDF, 0xDF, 0xDF, 0xDF, 0xDF, 0xDF, 0xDF, 0xDF, 0xDF, 0x25, 0x4B, 0x4B, 0x4B,
    0x25, 0x25, 0x4B, 0x4B, 0x4B, 0x4B, 0x4B, 0x4B, 0x4B, 0x4B, 0x25, 0x25, 0x4B, 0x4B, 0x4B, 0x4B,
    0x25, 0x25, 0x4B, 0x4B, 0x25, 0xDF, 0xDF, 0xDF, 0xDF, 0xDF, 0xDF, 0xDF, 0xDF, 0xDF, 0xDF, 0xDF,
    0xDF, 0xDF, 0xDF, 0xDF, 0xDF, 0xDF, 0xDF, 0xDF, 0xDF, 0xDF, 0xDF, 0xDF, 0xDF, 0xDF, 0xDF, 0xDF,
    0xDF, 0xDF, 0xDF, 0xDF, 0xDF, 0xDF, 0xDF, 0xDF, 0xDF, 0xDF, 0xDF, 0x25, 0x25, 0x4B, 0x4B, 0x4B,
    0x4B, 0x4B, 0x4B, 0x4B, 0x4B, 0x4B, 0x4B, 0x4B, 0x4B, 0x4B, 0x4B, 0x4B, 0x4B, 0x4B, 0x4B, 0x25,
    0x4B, 0x4B, 0x4B, 0x4B, 0x25, 0x25, 0xDF, 0xDF, 0xDF, 0xDF, 0xDF, 0xDF, 0xDF, 0xDF, 0xDF, 0xDF,
    0xDF, 0xDF, 0xDF, 0xDF, 0xDF, 0xDF, 0xDF, 0xDF, 0xDF, 0xDF, 0xDF, 0xDF, 0xDF, 0xDF, 0xDF, 0xDF,
    0xDF, 0xDF, 0xDF, 0xDF, 0xDF, 0xDF, 0xDF, 0xDF, 0xDF, 0xDF, 0x25, 0x25, 0x4B, 0x4B, 0x4B, 0x4B,
    0x4B, 0x4B, 0x4B, 0x4B, 0x4B, 0x4B, 0x4B, 0x4B, 0x4B, 0x4B, 0x4B, 0x4B, 0x4B, 0x4B, 0x4B, 0x25,
    0x25, 0x4B, 0x4B, 0x4B, 0x4B, 0x25, 0xDF, 0xDF, 0xDF, 0xDF, 0xDF, 0xDF, 0xDF, 0xDF, 0xDF, 0xDF,
    0xDF, 0xDF, 0xDF, 0xDF, 0xDF, 0xDF, 0xDF, 0xDF, 0xDF, 0xDF, 0xDF, 0xDF, 0xDF, 0xDF, 0xDF, 0xDF,
    0xDF, 0xDF, 0xDF, 0xDF, 0xDF, 0xDF, 0xDF, 0xDF, 0xDF, 0x25, 0x4B, 0x25, 0x4B, 0x4B, 0x4B, 0x4B,
    0x4B, 0x4B, 0x4B, 0x4B, 0x4B, 0x4B, 0x4B, 0x4B, 0x4B, 0x4B, 0x4B, 0x4B, 0x4B, 0x4B, 0x4B, 0x4B,
    0x25, 0x4B, 0x4B, 0x4B, 0x4B, 0x25, 0xDF, 0xDF, 0xDF, 0xDF, 0xDF, 0xDF, 0xDF, 0xDF, 0xDF, 0xDF,
    0xDF, 0xDF, 0xDF, 0xDF, 0xDF, 0xDF, 0xDF, 0xDF, 0xDF, 0xDF, 0xDF, 0xDF, 0xDF, 0xDF, 0xDF, 0xDF,
    0xDF, 0xDF, 0xDF, 0xDF, 0xDF, 0xDF, 0xDF, 0xDF, 0x25, 0x4B, 0x4B, 0x25, 0x4B, 0x4B, 0x4B, 0x4B,
    0x4B, 0x4B, 0x4B, 0x4B, 0x4B, 0x4B, 0x4B, 0x4B, 0x4B, 0x4B, 0x4B, 0x4B, 0x4B, 0x4B, 0x4B, 0x4B,
    0x4B, 0x4B, 0x4B, 0x4B, 0x4B, 0x25, 0xDF, 0xDF, 0xDF, 0xDF, 0xDF, 0xDF, 0xDF, 0xDF, 0xDF, 0xDF,
    0xDF, 0xDF, 0xDF, 0xDF, 0xDF, 0xDF, 0xDF, 0xDF, 0xDF, 0xDF, 0xDF, 0xDF, 0xDF, 0xDF, 0xDF, 0xDF,
    0xDF, 0xDF, 0xDF, 0xDF, 0xDF, 0xDF, 0xDF, 0xDF, 0x25, 0x4B, 0x4B, 0x25, 0x4B, 0x4B, 0x4B, 0x4B,
    0x4B, 0x4B, 0x4B, 0x4B, 0x4B, 0x4B, 0x4B, 0x4B, 0x4B, 0x4B, 0x4B, 0x4B, 0x4B, 0x4B, 0x4B, 0x4B,
    0x4B, 0x4B, 0x4B, 0x4B, 0x25, 0x25, 0x25, 0xDF, 0xDF, 0xDF, 0xDF, 0xDF, 0xDF, 0xDF, 0xDF, 0xDF,
    0xDF, 0xDF, 0xDF, 0xDF, 0xDF, 0xDF, 0xDF, 0xDF, 0xDF, 0xDF, 0xDF, 0xDF, 0xDF, 0xDF, 0xDF, 0xDF,
    0xDF, 0xDF, 0xDF, 0xDF, 0xDF, 0xDF, 0xDF, 0xDF, 0x25, 0x4B, 0x4B, 0x25, 0x4B, 0x4B, 0x4B, 0x4B,
    0x4B, 0x4B, 0x4B, 0x4B, 0x4B, 0x4B, 0x4B, 0x4B, 0x4B, 0x4B, 0x4B, 0x4B, 0x4B, 0x4B, 0x4B, 0x4B,
    0x4B, 0x4B, 0x4B, 0x4B, 0x25, 0x4B, 0x25, 0xDF, 0xDF, 0xDF, 0xDF, 0xDF, 0xDF, 0xDF, 0xDF, 0xDF,
    0xDF, 0xDF, 0xDF, 0xDF, 0xDF, 0xDF, 0xDF, 0xDF, 0xDF, 0xDF, 0xDF, 0xDF, 0xDF, 0xDF, 0xDF, 0xDF,
    0xDF, 0xDF, 0xDF, 0xDF, 0xDF, 0xDF, 0xDF, 0xDF, 0x25, 0x25, 0x4B, 0x25, 0x4B, 0x4B, 0x4B, 0x4B,
    0x4B, 0x4B, 0x4B, 0x4B, 0x4B, 0x4B, 0x4B, 0x4B, 0x4B, 0x4B, 0x4B, 0x4B, 0x4B, 0x4B, 0x4B, 0x4B,
    0x4B, 0x4B, 0x4B, 0x25, 0x25, 0x4B, 0x4B, 0x25, 0xDF, 0xDF, 0xDF, 0xDF, 0xDF, 0xDF, 0xDF, 0xDF,
    0xDF, 0xDF, 0xDF, 0xDF, 0xDF, 0xDF, 0xDF, 0xDF, 0xDF, 0xDF, 0xDF, 0xDF, 0xDF, 0xDF, 0xDF, 0xDF,
    0xDF, 0xDF, 0xDF, 0xDF, 0xDF, 0xDF, 0xDF, 0xDF, 0xDF, 0xDF, 0x25, 0x25, 0x25, 0x4B, 0x4B, 0x4B,
    0x4B, 0x4B, 0x4B, 0x4B, 0x4B, 0x4B, 0x4B, 0x4B, 0x4B, 0x4B, 0x4B, 0x4B, 0x4B, 0x4B, 0x4B, 0x4B,
    0x4B, 0x4B, 0x4B, 0x25, 0x4B, 0x4B, 0x25, 0x25, 0xDF, 0xDF, 0xDF, 0xDF, 0xDF, 0xDF, 0xDF, 0xDF,
    0xDF, 0xDF, 0xDF, 0xDF, 0xDF, 0xDF, 0xDF, 0xDF, 0xDF, 0xDF, 0xDF, 0xDF, 0xDF, 0xDF, 0xDF, 0xDF,
    0xDF, 0xDF, 0xDF, 0xDF, 0xDF, 0xDF, 0xDF, 0xDF, 0xDF, 0xDF, 0xDF, 0xDF, 0x25, 0x4B, 0x4B, 0x4B,
    0x4B, 0x4B, 0x4B, 0x4B, 0x4B, 0x4B, 0x4B, 0x4B, 0x4B, 0x4B, 0x4B, 0x4B, 0x4B, 0x4B, 0x4B, 0x4B,
    0x4B, 0x4B, 0x25, 0x4B, 0x4B, 0x4B, 0x25, 0xDF, 0xDF, 0xDF, 0xDF, 0xDF, 0xDF, 0xDF, 0xDF, 0xDF,
    0xDF, 0xDF, 0xDF, 0xDF, 0xDF, 0xDF, 0xDF, 0xDF, 0xDF, 0xDF, 0xDF, 0xDF, 0xDF, 0xDF, 0xDF, 0xDF,
    0xDF, 0xDF, 0xDF, 0xDF, 0xDF, 0xDF, 0xDF, 0xDF, 0xDF, 0xDF, 0xDF, 0xDF, 0x25, 0x25, 0x4B, 0x4B,
    0x4B, 0x4B, 0x4B, 0x4B, 0x4B, 0x4B, 0x4B, 0x4B, 0x4B, 0x4B, 0x4B, 0x4B, 0x4B, 0x4B, 0x4B, 0x4B,
    0x4B, 0x25, 0x4B, 0x4B, 0x4B, 0x4B, 0x25, 0xDF, 0xDF, 0xDF, 0xDF, 0xDF, 0xDF, 0xDF, 0xDF, 0xDF,
    0xDF, 0xDF, 0xDF, 0xDF, 0xDF, 0xDF, 0xDF, 0xDF, 0xDF, 0xDF, 0xDF, 0xDF, 0xDF, 0xDF, 0xDF, 0xDF,
    0xDF, 0xDF, 0xDF, 0xDF, 0xDF, 0xDF, 0xDF, 0xDF, 0xDF, 0xDF, 0xDF, 0xDF, 0x25, 0x4B, 0x25, 0x4B,
    0x4B, 0x4B, 0x4B, 0x4B, 0x4B, 0x4B, 0x4B, 0x4B, 0x4B, 0x4B, 0x4B, 0x4B, 0x4B, 0x4B, 0x4B, 0x4B,
    0x25, 0x4B, 0x4B, 0x4B, 0x25, 0x25, 0xDF, 0xDF, 0xDF, 0xDF, 0xDF, 0xDF, 0xDF, 0xDF, 0xDF, 0xDF,
    0xDF, 0xDF, 0xDF, 0xDF, 0xDF, 0xDF, 0xDF, 0xDF, 0xDF, 0xDF, 0xDF, 0xDF, 0xDF, 0xDF, 0xDF, 0xDF,
    0xDF, 0xDF, 0xDF, 0xDF, 0xDF, 0xDF, 0xDF, 0xDF, 0xDF, 0xDF, 0xDF, 0x25, 0x4B, 0x4B, 0x4B, 0x25,
    0x4B, 0x4B, 0x4B, 0x4B, 0x4B, 0x4B, 0x4B, 0x4B, 0x4B, 0x4B, 0x4B, 0x4B, 0x4B, 0x4B, 0x4B, 0x25,
    0x25, 0x25, 0x25, 0x25, 0xDF, 0xDF, 0xDF, 0xDF, 0xDF, 0xDF, 0xDF, 0xDF, 0xDF, 0xDF, 0xDF, 0xDF,
    0xDF, 0xDF, 0xDF, 0xDF, 0xDF, 0xDF, 0xDF, 0xDF, 0xDF, 0xDF, 0xDF, 0xDF, 0xDF, 0xDF, 0xDF, 0xDF,
    0xDF, 0xDF, 0xDF, 0xDF, 0xDF, 0xDF, 0xDF, 0xDF, 0xDF, 0xDF, 0xDF, 0x25, 0x4B, 0x4B, 0x4B, 0x4B,
    0x25, 0x25, 0x4B, 0x4B, 0x4B, 0x4B, 0x4B, 0x4B, 0x4B, 0x4B, 0x4B, 0x4B, 0x4B, 0x25, 0x25, 0xDF,
    0xDF, 0xDF, 0xDF, 0xDF, 0xDF, 0xDF, 0xDF, 0xDF, 0xDF, 0xDF, 0xDF, 0xDF, 0xDF, 0xDF, 0xDF, 0xDF,
    0xDF, 0xDF, 0xDF, 0xDF, 0xDF, 0xDF, 0xDF, 0xDF, 0xDF, 0xDF, 0xDF, 0xDF, 0xDF, 0xDF, 0xDF, 0xDF,
    0xDF, 0xDF, 0xDF, 0xDF, 0xDF, 0xDF, 0xDF, 0xDF, 0xDF, 0xDF, 0xDF, 0x25, 0x25, 0x4B, 0x4B, 0x4B,
    0x4B, 0x4B, 0x25, 0x25, 0x25, 0x4B, 0x4B, 0x4B, 0x4B, 0x25, 0x25, 0x25, 0x25, 0x4B, 0x25, 0xDF,
    0xDF, 0xDF, 0xDF, 0xDF, 0xDF, 0xDF, 0xDF, 0xDF, 0xDF, 0xDF, 0xDF, 0xDF, 0xDF, 0xDF, 0xDF, 0xDF,
    0xDF, 0xDF, 0xDF, 0xDF, 0xDF, 0xDF, 0xDF, 0xDF, 0xDF, 0xDF, 0xDF, 0xDF, 0xDF, 0xDF, 0xDF, 0xDF,
    0xDF, 0xDF, 0xDF, 0xDF, 0xDF, 0xDF, 0xDF, 0xDF, 0xDF, 0xDF, 0xDF, 0xDF, 0x25, 0x25, 0x4B, 0x4B,
    0x25, 0x25, 0xDF, 0xDF, 0xDF, 0x25, 0x25, 0x25, 0x25, 0x25, 0x4B, 0x4B, 0x4B, 0x4B, 0x25, 0xDF,
    0xDF, 0xDF, 0xDF, 0xDF, 0xDF, 0xDF, 0xDF, 0xDF, 0xDF, 0xDF, 0xDF, 0xDF, 0xDF, 0xDF, 0xDF, 0xDF,
    0xDF, 0xDF, 0xDF, 0xDF, 0xDF, 0xDF, 0xDF, 0xDF, 0xDF, 0xDF, 0xDF, 0xDF, 0xDF, 0xDF, 0xDF, 0xDF,
    0xDF, 0xDF, 0xDF, 0xDF, 0xDF, 0xDF, 0xDF, 0xDF, 0xDF, 0xDF, 0xDF, 0xDF, 0xDF, 0xDF, 0x25, 0x25,
    0xDF, 0xDF, 0xDF, 0xDF, 0xDF, 0xDF, 0x25, 0x4B, 0x4B, 0x4B, 0x4B, 0x4B, 0x4B, 0x25, 0xDF, 0xDF,
    0xDF, 0xDF, 0xDF, 0xDF, 0xDF, 0xDF, 0xDF, 0xDF, 0xDF, 0xDF, 0xDF, 0xDF, 0xDF, 0xDF, 0xDF, 0xDF,
    0xDF, 0xDF, 0xDF, 0xDF, 0xDF, 0xDF, 0xDF, 0xDF, 0xDF, 0xDF, 0xDF, 0xDF, 0xDF, 0xDF, 0xDF, 0xDF,
    0xDF, 0xDF, 0xDF, 0xDF, 0xDF, 0xDF, 0xDF, 0xDF, 0xDF, 0xDF, 0xDF, 0xDF, 0xDF, 0xDF, 0xDF, 0xDF,
    0xDF, 0xDF, 0xDF, 0xDF, 0xDF, 0xDF, 0xDF, 0x25, 0x4B, 0x4B, 0x4B, 0x4B, 0x25, 0x25, 0xDF, 0xDF,
    0xDF, 0xDF, 0xDF, 0xDF, 0xDF, 0xDF, 0xDF, 0xDF, 0xDF, 0xDF, 0xDF, 0xDF, 0xDF, 0xDF, 0xDF, 0xDF,
    0xDF, 0xDF, 0xDF, 0xDF, 0xDF, 0xDF, 0xDF, 0xDF, 0xDF, 0xDF, 0xDF, 0xDF, 0xDF, 0xDF, 0xDF, 0xDF,
    0xDF, 0xDF, 0xDF, 0xDF, 0xDF, 0xDF, 0xDF, 0xDF, 0xDF, 0xDF, 0xDF, 0xDF, 0xDF, 0xDF, 0xDF, 0xDF,
    0xDF, 0xDF, 0xDF, 0xDF, 0xDF, 0xDF, 0xDF, 0xDF, 0x25, 0x25, 0x25, 0x25, 0x25, 0xDF, 0xDF, 0xDF,
    0xDF, 0xDF, 0xDF, 0xDF, 0xDF, 0xDF, 0xDF, 0xDF, 0xDF, 0xDF, 0xDF, 0xDF, 0xDF, 0xDF, 0xDF, 0xDF,
    0xDF, 0xDF, 0xDF, 0xDF, 0xDF, 0xDF, 0xDF, 0xDF, 0xDF, 0xDF, 0xDF, 0xDF, 0xDF, 0xDF, 0xDF, 0xDF,
    0xDF, 0xDF, 0xDF, 0xDF, 0xDF, 0xDF, 0xDF, 0xDF, 0xDF, 0xDF, 0xDF, 0xDF, 0xDF, 0xDF, 0xDF, 0xDF,
    0xDF, 0xDF, 0xDF, 0xDF, 0xDF, 0xDF, 0xDF, 0xDF, 0xDF, 0xDF, 0xDF, 0xDF, 0xDF, 0xDF, 0xDF, 0xDF,
    0xDF, 0xDF, 0xDF, 0xDF, 0xDF, 0xDF, 0xDF, 0xDF, 0xDF, 0xDF, 0xDF, 0xDF, 0xDF, 0xDF, 0xDF, 0xDF,
    0xDF, 0xDF, 0xDF, 0xDF, 0xDF, 0xDF, 0xDF, 0xDF, 0xDF, 0xDF, 0xDF, 0xDF, 0xDF, 0xDF, 0xDF, 0xDF,
    0xDF, 0xDF, 0xDF, 0xDF, 0xDF, 0xDF, 0xDF, 0xDF, 0xDF, 0xDF, 0xDF, 0xDF, 0xDF, 0xDF, 0xDF, 0xDF,
    0xDF, 0xDF, 0xDF, 0xDF, 0xDF, 0xDF, 0xDF, 0xDF, 0xDF, 0xDF, 0xDF, 0xDF, 0xDF, 0xDF, 0xDF, 0xDF,
    0xDF, 0xDF, 0xDF, 0xDF, 0xDF, 0xDF, 0xDF, 0xDF, 0xDF, 0xDF, 0xDF, 0xDF, 0xDF, 0xDF, 0xDF, 0xDF,
    0xDF, 0xDF, 0xDF, 0xDF, 0xDF, 0xDF, 0xDF, 0xDF, 0xDF, 0xDF, 0xDF, 0xDF, 0xDF, 0xDF, 0xDF, 0xDF,
    0xDF, 0xDF, 0xDF, 0xDF, 0xDF, 0xDF, 0xDF, 0xDF, 0xDF, 0xDF, 0xDF, 0xDF, 0xDF, 0xDF, 0xDF, 0xDF,
    0xDF, 0xDF, 0xDF, 0xDF, 0xDF, 0xDF, 0xDF, 0xDF, 0xDF, 0xDF, 0xDF, 0xDF, 0xDF, 0xDF, 0xDF, 0xDF,
    0xDF, 0xDF, 0xDF, 0xDF, 0xDF, 0xDF, 0xDF, 0xDF, 0xDF, 0xDF, 0xDF, 0xDF, 0xDF, 0xDF, 0xDF, 0xDF,
    0xDF, 0xDF, 0xDF, 0xDF, 0xDF, 0xDF, 0xDF, 0xDF, 0xDF, 0xDF, 0xDF, 0xDF, 0xDF, 0xDF, 0xDF, 0xDF,
    0xDF, 0xDF, 0xDF, 0xDF, 0xDF, 0xDF, 0xDF, 0xDF, 0xDF, 0xDF, 0xDF, 0xDF, 0xDF, 0xDF, 0xDF, 0xDF,
    0xDF, 0xDF, 0xDF, 0xDF, 0xDF, 0xDF, 0xDF, 0xDF, 0xDF, 0xDF, 0xDF, 0xDF, 0xDF, 0xDF, 0xDF, 0xDF,
    0xDF, 0xDF, 0xDF, 0xDF, 0xDF, 0xDF, 0xDF, 0xDF, 0xDF, 0xDF, 0xDF, 0xDF, 0xDF, 0xDF, 0xDF, 0xDF,
    0xDF, 0xDF, 0xDF, 0xDF, 0xDF, 0xDF, 0xDF, 0xDF, 0xDF, 0xDF, 0xDF, 0xDF, 0xDF, 0xDF, 0xDF, 0xDF,
    0xDF, 0xDF, 0xDF, 0xDF, 0xDF, 0xDF, 0xDF, 0xDF, 0xDF, 0xDF, 0xDF, 0xDF, 0xDF, 0xDF, 0xDF, 0xDF,
    0xDF, 0xDF, 0xDF, 0xDF, 0xDF, 0xDF, 0xDF, 0xDF, 0xDF, 0xDF, 0xDF, 0xDF, 0xDF, 0xDF, 0xDF, 0xDF,
    0xDF, 0xDF, 0xDF, 0xDF, 0xDF, 0xDF, 0xDF, 0xDF, 0xDF, 0xDF, 0xDF, 0xDF, 0xDF, 0xDF, 0xDF, 0xDF,
    0xDF, 0xDF, 0xDF, 0xDF, 0xDF, 0xDF, 0xDF, 0xDF, 0xDF, 0xDF, 0xDF, 0xDF, 0xDF, 0xDF, 0xDF, 0xDF,
    0xDF, 0xDF, 0xDF, 0xDF, 0xDF, 0xDF, 0xDF, 0xDF, 0xDF, 0xDF, 0xDF, 0xDF, 0xDF, 0xDF, 0xDF, 0xDF,
    0xDF, 0xDF, 0xDF, 0xDF, 0xDF, 0xDF, 0xDF, 0xDF, 0xDF, 0xDF, 0xDF, 0xDF, 0xDF, 0xDF, 0xDF, 0xDF,
    0xDF, 0xDF, 0xDF, 0xDF, 0xDF, 0xDF, 0xDF, 0xDF, 0xDF, 0xDF, 0xDF, 0xDF, 0xDF, 0xDF, 0xDF, 0xDF,
    0xDF, 0xDF, 0xDF, 0xDF, 0xDF, 0xDF, 0xDF, 0xDF, 0xDF, 0xDF, 0xDF, 0xDF, 0xDF, 0xDF, 0xDF, 0xDF,
    0xDF, 0xDF, 0xDF, 0xDF, 0xDF, 0xDF, 0xDF, 0xDF, 0xDF, 0xDF, 0xDF, 0xDF, 0xDF, 0xDF, 0xDF, 0xDF,
    0xDF, 0xDF, 0xDF, 0xDF, 0xDF, 0xDF, 0xDF, 0xDF, 0xDF, 0xDF, 0xDF, 0xDF, 0xDF, 0xDF, 0xDF, 0xDF,
    0xDF, 0xDF, 0xDF, 0xDF, 0xDF, 0xDF, 0xDF, 0xDF, 0xDF, 0xDF, 0xDF, 0xDF, 0xDF, 0xDF, 0xDF, 0xDF,
    0xDF, 0xDF, 0xDF, 0xDF, 0xDF, 0xDF, 0xDF, 0xDF, 0xDF, 0xDF, 0xDF, 0xDF, 0xDF, 0xDF, 0xDF, 0xDF,
    0xDF, 0xDF, 0xDF, 0xDF, 0xDF, 0xDF, 0xDF, 0xDF, 0xDF, 0xDF, 0xDF, 0xDF, 0xDF, 0xDF, 0xDF, 0xDF,
    0xDF, 0xDF, 0xDF, 0xDF, 0xDF, 0xDF, 0xDF, 0xDF, 0xDF, 0xDF, 0xDF, 0xDF, 0xDF, 0xDF, 0xDF, 0xDF,
    0xDF, 0xDF, 0xDF, 0xDF, 0xDF, 0xDF, 0xDF, 0xDF, 0xDF, 0xDF, 0xDF, 0xDF, 0xDF, 0xDF, 0xDF, 0xDF,
    0xDF, 0xDF, 0xDF, 0xDF, 0xDF, 0xDF, 0xDF, 0xDF, 0xDF, 0xDF, 0xDF, 0xDF, 0xDF, 0xDF, 0xDF, 0xDF,
    0xDF, 0xDF, 0xDF, 0xDF, 0xDF, 0xDF, 0xDF, 0xDF, 0xDF, 0xDF, 0xDF, 0xDF, 0xDF, 0xDF, 0xDF, 0xDF,
    0xDF, 0xDF, 0xDF, 0xDF, 0xDF, 0xDF, 0xDF, 0xDF, 0xDF, 0xDF, 0xDF, 0xDF, 0xDF, 0xDF, 0xDF, 0xDF,
    0xDF, 0xDF, 0xDF, 0xDF, 0xDF, 0xDF, 0xDF, 0xDF, 0xDF, 0xDF, 0xDF, 0xDF, 0xDF, 0xDF, 0xDF, 0xDF,
    0xDF, 0xDF, 0xDF, 0xDF, 0xDF, 0xDF, 0xDF, 0xDF, 0xDF, 0xDF, 0xDF, 0xDF, 0xDF, 0xDF, 0xDF, 0xDF,
    0xDF, 0xDF, 0xDF, 0xDF, 0xDF, 0xDF, 0xDF, 0xDF, 0xDF, 0xDF, 0xDF, 0xDF, 0xDF, 0xDF, 0xDF, 0xDF,
    0xDF, 0xDF, 0xDF, 0xDF, 0xDF, 0xDF, 0xDF, 0xDF, 0xDF, 0xDF, 0xDF, 0xDF, 0xDF, 0xDF, 0xDF, 0xDF,
    0xDF, 0xDF, 0xDF, 0xDF, 0xDF, 0xDF, 0xDF, 0xDF, 0xDF, 0xDF, 0xDF, 0xDF, 0xDF, 0xDF, 0xDF, 0xDF,
    0xDF, 0xDF, 0xDF, 0xDF, 0xDF, 0xDF, 0xDF, 0xDF, 0xDF, 0xDF, 0xDF, 0xDF, 0xDF, 0xDF, 0xDF, 0xDF,
    0xDF, 0xDF, 0xDF, 0xDF, 0xDF, 0xDF, 0xDF, 0xDF, 0xDF, 0xDF, 0xDF, 0xDF, 0xDF, 0xDF, 0xDF, 0xDF,
    0xDF, 0xDF, 0xDF, 0xDF, 0xDF, 0xDF, 0xDF, 0xDF, 0xDF, 0xDF, 0xDF, 0xDF, 0xDF, 0xDF, 0xDF, 0xDF,
    0xDF, 0xDF, 0xDF, 0xDF, 0xDF, 0xDF, 0xDF, 0xDF, 0xDF, 0xDF, 0xDF, 0xDF, 0xDF, 0xDF, 0xDF, 0xDF,
};

constexpr int kBreakSpriteWidth = 64;
constexpr int kBreakSpriteHeight = 64;
constexpr int kBreakSpriteFrameCount = 1;
const uint8_t* const kBreakSprite = kBreakSpriteFrame0;

// Animation: Eat
const uint8_t kEatSpriteFrame0[] PROGMEM = {
    0xDF, 0xDF, 0xDF, 0xDF, 0xDF, 0xDF, 0xDF, 0xDF, 0xDF, 0xDF, 0xDF, 0xDF, 0xDF, 0xDF, 0xDF, 0xDF,
    0xDF, 0xDF, 0xDF, 0xDF, 0xDF, 0xDF, 0xDF, 0xDF, 0xDF, 0xDF, 0xDF, 0xDF, 0xDF, 0xDF, 0xDF, 0xDF,
    0xDF, 0xDF, 0xDF, 0xDF, 0xDF, 0xDF, 0xDF, 0xDF, 0xDF, 0xDF, 0xDF, 0xDF, 0xDF, 0xDF, 0xDF, 0xDF,
    0xDF, 0xDF, 0xDF, 0xDF, 0xDF, 0xDF, 0xDF, 0xDF, 0xDF, 0xDF, 0xDF, 0xDF, 0xDF, 0xDF, 0xDF, 0xDF,
    0xDF, 0xDF, 0xDF, 0xDF, 0xDF, 0xDF, 0xDF, 0xDF, 0xDF, 0xDF, 0xDF, 0xDF, 0xDF, 0xDF, 0xDF, 0xDF,
    0xDF, 0xDF, 0xDF, 0xDF, 0xDF, 0xDF, 0xDF, 0xDF, 0xDF, 0xDF, 0xDF, 0xDF, 0xDF, 0xDF, 0xDF, 0xDF,
    0xDF, 0xDF, 0xDF, 0xDF, 0xDF, 0xDF, 0xDF, 0xDF, 0xDF, 0xDF, 0xDF, 0xDF, 0xDF, 0xDF, 0xDF, 0xDF,
    0xDF, 0xDF, 0xDF, 0xDF, 0xDF, 0xDF, 0xDF, 0xDF, 0xDF, 0xDF, 0xDF, 0xDF, 0xDF, 0xDF, 0xDF, 0xDF,
    0xDF, 0xDF, 0xDF, 0xDF, 0xDF, 0xDF, 0xDF, 0xDF, 0xDF, 0xDF, 0xDF, 0xDF, 0xDF, 0xDF, 0xDF, 0xDF,
    0xDF, 0xDF, 0xDF, 0xDF, 0xDF, 0xDF, 0xDF, 0xDF, 0xDF, 0xDF, 0xDF, 0xDF, 0xDF, 0xDF, 0xDF, 0xDF,
    0xDF, 0xDF, 0xDF, 0xDF, 0xDF, 0xDF, 0xDF, 0xDF, 0xDF, 0xDF, 0xDF, 0xDF, 0xDF, 0xDF, 0xDF, 0xDF,
    0xDF, 0xDF, 0xDF, 0xDF, 0xDF, 0xDF, 0xDF, 0xDF, 0xDF, 0xDF, 0xDF, 0xDF, 0xDF, 0xDF, 0xDF, 0xDF,
    0xDF, 0xDF, 0xDF, 0xDF, 0xDF, 0xDF, 0xDF, 0xDF, 0xDF, 0xDF, 0xDF, 0xDF, 0xDF, 0xDF, 0xDF, 0xDF,
    0xDF, 0xDF, 0xDF, 0xDF, 0xDF, 0xDF, 0xDF, 0xDF, 0xDF, 0xDF, 0xDF, 0xDF, 0xDF, 0xDF, 0xDF, 0xDF,
    0xDF, 0xDF, 0xDF, 0xDF, 0xDF, 0xDF, 0xDF, 0xDF, 0xDF, 0xDF, 0xDF, 0xDF, 0xDF, 0xDF, 0xDF, 0xDF,
    0xDF, 0xDF, 0xDF, 0xDF, 0xDF, 0xDF, 0xDF, 0xDF, 0xDF, 0xDF, 0xDF, 0xDF, 0xDF, 0xDF, 0xDF, 0xDF,
    0xDF, 0xDF, 0xDF, 0xDF, 0xDF, 0xDF, 0xDF, 0xDF, 0xDF, 0xDF, 0xDF, 0xDF, 0xDF, 0xDF, 0xDF, 0xDF,
    0xDF, 0xDF, 0xDF, 0xDF, 0xDF, 0xDF, 0xDF, 0xDF, 0xDF, 0xDF, 0xDF, 0xDF, 0xDF, 0xDF, 0xDF, 0xDF,
    0xDF, 0xDF, 0xDF, 0xDF, 0xDF, 0xDF, 0xDF, 0xDF, 0xDF, 0xDF, 0xDF, 0xDF, 0xDF, 0xDF, 0xDF, 0xDF,
    0xDF, 0xDF, 0xDF, 0xDF, 0xDF, 0xDF, 0xDF, 0xDF, 0xDF, 0xDF, 0xDF, 0xDF, 0xDF, 0xDF, 0xDF, 0xDF,
    0xDF, 0xDF, 0xDF, 0xDF, 0xDF, 0xDF, 0xDF, 0xDF, 0xDF, 0xDF, 0xDF, 0xDF, 0xDF, 0xDF, 0xDF, 0xDF,
    0xDF, 0xDF, 0xDF, 0xDF, 0xDF, 0xDF, 0xDF, 0xDF, 0xDF, 0xDF, 0xDF, 0xDF, 0xDF, 0xDF, 0xDF, 0xDF,
    0xDF, 0xDF, 0xDF, 0xDF, 0xDF, 0xDF, 0xDF, 0xDF, 0xDF, 0xDF, 0xDF, 0xDF, 0xDF, 0xDF, 0xDF, 0xDF,
    0xDF, 0xDF, 0xDF, 0xDF, 0xDF, 0xDF, 0xDF, 0xDF, 0xDF, 0xDF, 0xDF, 0xDF, 0xDF, 0xDF, 0xDF, 0xDF,
    0xDF, 0xDF, 0xDF, 0xDF, 0xDF, 0xDF, 0xDF, 0xDF, 0xDF, 0xDF, 0xDF, 0xDF, 0xDF, 0xDF, 0xDF, 0xDF,
    0xDF, 0xDF, 0xDF, 0xDF, 0xDF, 0xDF, 0xDF, 0xDF, 0xDF, 0xDF, 0xDF, 0xDF, 0xDF, 0xDF, 0xDF, 0xDF,
    0xDF, 0xDF, 0xDF, 0xDF, 0xDF, 0xDF, 0xDF, 0xDF, 0xDF, 0xDF, 0xDF, 0xDF, 0xDF, 0xDF, 0xDF, 0xDF,
    0xDF, 0xDF, 0xDF, 0xDF, 0xDF, 0xDF, 0xDF, 0xDF, 0xDF, 0xDF, 0xDF, 0xDF, 0xDF, 0xDF, 0xDF, 0xDF,
    0xDF, 0xDF, 0xDF, 0xDF, 0xDF, 0xDF, 0xDF, 0xDF, 0xDF, 0xDF, 0xDF, 0xDF, 0xDF, 0xDF, 0xDF, 0xDF,
    0xDF, 0xDF, 0xDF, 0xDF, 0xDF, 0xDF, 0xDF, 0xDF, 0xDF, 0xDF, 0xDF, 0xDF, 0xDF, 0xDF, 0xDF, 0xDF,
    0xDF, 0xDF, 0xDF, 0xDF, 0xDF, 0xDF, 0xDF, 0xDF, 0xDF, 0xDF, 0xDF, 0xDF, 0xDF, 0xDF, 0xDF, 0xDF,
    0xDF, 0xDF, 0xDF, 0xDF, 0xDF, 0xDF, 0xDF, 0xDF, 0xDF, 0xDF, 0xDF, 0xDF, 0xDF, 0xDF, 0xDF, 0xDF,
    0xDF, 0xDF, 0xDF, 0xDF, 0xDF, 0xDF, 0xDF, 0xDF, 0xDF, 0xDF, 0xDF, 0xDF, 0xDF, 0xDF, 0xDF, 0xDF,
    0xDF, 0xDF, 0xDF, 0xDF, 0xDF, 0xDF, 0xDF, 0xDF, 0xDF, 0xDF, 0xDF, 0xDF, 0xDF, 0xDF, 0xDF, 0xDF,
    0xDF, 0xDF, 0xDF, 0xDF, 0xDF, 0xDF, 0xDF, 0xDF, 0xDF, 0xDF, 0xDF, 0xDF, 0xDF, 0xDF, 0xDF, 0xDF,
    0xDF, 0xDF, 0xDF, 0xDF, 0xDF, 0xDF, 0xDF, 0xDF, 0xDF, 0xDF, 0xDF, 0xDF, 0xDF, 0xDF, 0xDF, 0xDF,
    0xDF, 0xDF, 0xDF, 0xDF, 0xDF, 0xDF, 0xDF, 0xDF, 0xDF, 0xDF, 0xDF, 0xDF, 0xDF, 0xDF, 0xDF, 0xDF,
    0xDF, 0xDF, 0xDF, 0xDF, 0xDF, 0xDF, 0xDF, 0xDF, 0xDF, 0xDF, 0xDF, 0xDF, 0xDF, 0xDF, 0xDF, 0xDF,
    0xDF, 0xDF, 0xDF, 0xDF, 0xDF, 0xDF, 0xDF, 0xDF, 0xDF, 0xDF, 0xDF, 0xDF, 0xDF, 0xDF, 0xDF, 0xDF,
    0xDF, 0xDF, 0xDF, 0xDF, 0xDF, 0xDF, 0xDF, 0xDF, 0xDF, 0xDF, 0xDF, 0xDF, 0xDF, 0xDF, 0xDF, 0xDF,
    0xDF, 0xDF, 0xDF, 0xDF, 0xDF, 0xDF, 0xDF, 0xDF, 0xDF, 0xDF, 0xDF, 0xDF, 0xDF, 0xDF, 0xDF, 0xDF,
    0xDF, 0xDF, 0xDF, 0xDF, 0xDF, 0xDF, 0xDF, 0xDF, 0xDF, 0xDF, 0xDF, 0xDF, 0xDF, 0x25, 0x25, 0xDF,
    0xDF, 0xDF, 0xDF, 0xDF, 0xDF, 0x25, 0x25, 0xDF, 0xDF, 0xDF, 0xDF, 0xDF, 0xDF, 0xDF, 0xDF, 0xDF,
    0xDF, 0xDF, 0xDF, 0xDF, 0xDF, 0xDF, 0xDF, 0xDF, 0xDF, 0xDF, 0xDF, 0xDF, 0xDF, 0xDF, 0xDF, 0xDF,
    0xDF, 0xDF, 0xDF, 0xDF, 0xDF, 0xDF, 0xDF, 0xDF, 0xDF, 0xDF, 0xDF, 0xDF, 0xDF, 0xDF, 0xDF, 0xDF,
    0xDF, 0xDF, 0xDF, 0xDF, 0xDF, 0xDF, 0xDF, 0xDF, 0xDF, 0xDF, 0xDF, 0xDF, 0x25, 0x4B, 0x4B, 0x25,
    0xDF, 0xDF, 0xDF, 0xDF, 0x25, 0x4B, 0x25, 0xDF, 0xDF, 0xDF, 0xDF, 0xDF, 0xDF, 0xDF, 0xDF, 0xDF,
    0xDF, 0xDF, 0xDF, 0xDF, 0xDF, 0xDF, 0xDF, 0xDF, 0xDF, 0xDF, 0xDF, 0xDF, 0xDF, 0xDF, 0xDF, 0xDF,
    0xDF, 0xDF, 0xDF, 0xDF, 0xDF, 0xDF, 0xDF, 0xDF, 0xDF, 0xDF, 0xDF, 0xDF, 0xDF, 0xDF, 0xDF, 0xDF,
    0xDF, 0xDF, 0xDF, 0xDF, 0xDF, 0xDF, 0xDF, 0xDF, 0xDF, 0xDF, 0xDF, 0x25, 0x4B, 0x4B, 0x4B, 0x25,
    0xDF, 0xDF, 0x25, 0x25, 0x4B, 0x4B, 0x4B, 0x25, 0xDF, 0xDF, 0xDF, 0xDF, 0xDF, 0xDF, 0xDF, 0xDF,
    0xDF, 0xDF, 0xDF, 0xDF, 0xDF, 0xDF, 0xDF, 0xDF, 0xDF, 0xDF, 0xDF, 0xDF, 0xDF, 0xDF, 0xDF, 0xDF,
    0xDF, 0xDF, 0xDF, 0xDF, 0xDF, 0xDF, 0xDF, 0xDF, 0xDF, 0xDF, 0xDF, 0xDF, 0xDF, 0xDF, 0xDF, 0xDF,
    0xDF, 0xDF, 0xDF, 0xDF, 0xDF, 0xDF, 0xDF, 0xDF, 0xDF, 0xDF, 0x25, 0x25, 0x4B, 0x4B, 0x4B, 0x4B,
    0x25, 0x25, 0x25, 0x4B, 0x4B, 0x4B, 0x4B, 0x4B, 0x25, 0xDF, 0xDF, 0xDF, 0xDF, 0xDF, 0xDF, 0xDF,
    0xDF, 0xDF, 0xDF, 0xDF, 0xDF, 0xDF, 0xDF, 0xDF, 0xDF, 0xDF, 0xDF, 0xDF, 0xDF, 0xDF, 0xDF, 0xDF,
    0xDF, 0xDF, 0xDF, 0xDF, 0xDF, 0xDF, 0xDF, 0xDF, 0xDF, 0xDF, 0xDF, 0xDF, 0xDF, 0xDF, 0xDF, 0xDF,
    0xDF, 0xDF, 0xDF, 0xDF, 0xDF, 0xDF, 0xDF, 0xDF, 0xDF, 0x25, 0x25, 0x4B, 0x4B, 0x4B, 0x4B, 0x4B,
    0x25, 0x25, 0x4B, 0x4B, 0x4B, 0x4B, 0x4B, 0x4B, 0x25, 0xDF, 0xDF, 0xDF, 0xDF, 0xDF, 0xDF, 0xDF,
    0xDF, 0xDF, 0xDF, 0xDF, 0xDF, 0xDF, 0xDF, 0xDF, 0xDF, 0xDF, 0xDF, 0xDF, 0xDF, 0xDF, 0xDF, 0xDF,
    0xDF, 0xDF, 0xDF, 0xDF, 0xDF, 0xDF, 0xDF, 0xDF, 0xDF, 0xDF, 0xDF, 0xDF, 0xDF, 0xDF, 0xDF, 0xDF,
    0xDF, 0xDF, 0xDF, 0xDF, 0xDF, 0xDF, 0xDF, 0xDF, 0xDF, 0x25, 0x4B, 0x4B, 0x4B, 0x4B, 0x4B, 0x4B,
    0x4B, 0x4B, 0x4B, 0x4B, 0x4B, 0x4B, 0x4B, 0x4B, 0x4B, 0x25, 0x25, 0xDF, 0xDF, 0xDF, 0xDF, 0xDF,
    0xDF, 0xDF, 0xDF, 0xDF, 0xDF, 0xDF, 0xDF, 0xDF, 0xDF, 0xDF, 0xDF, 0xDF, 0xDF, 0xDF, 0xDF, 0xDF,
    0xDF, 0xDF, 0xDF, 0xDF, 0xDF, 0xDF, 0xDF, 0xDF, 0xDF, 0xDF, 0xDF, 0xDF, 0xDF, 0xDF, 0xDF, 0xDF,
    0xDF, 0xDF, 0xDF, 0xDF, 0xDF, 0xDF, 0xDF, 0xDF, 0x25, 0x25, 0x4B, 0x4B, 0x4B, 0x4B, 0x4B, 0x4B,
    0x4B, 0x4B, 0x4B, 0x4B, 0x4B, 0x4B, 0x4B, 0x4B, 0x4B, 0x25, 0x25, 0x25, 0x25, 0xDF, 0xDF, 0xDF,
    0xDF, 0xDF, 0xDF, 0xDF, 0xDF, 0xDF, 0xDF, 0xDF, 0xDF, 0xDF, 0xDF, 0xDF, 0xDF, 0xDF, 0xDF, 0xDF,
    0xDF, 0xDF, 0xDF, 0xDF, 0xDF, 0xDF, 0xDF, 0xDF, 0xDF, 0xDF, 0xDF, 0xDF, 0xDF, 0xDF, 0xDF, 0xDF,
    0xDF, 0xDF, 0xDF, 0xDF, 0xDF, 0xDF, 0x25, 0x25, 0x25, 0x4B, 0x4B, 0x4B, 0x4B, 0x4B, 0x4B, 0x4B,
    0x4B, 0x4B, 0x4B, 0x4B, 0x4B, 0x25, 0x25, 0x4B, 0x4B, 0x4B, 0x4B, 0x4B, 0x4B, 0x25, 0x25, 0xDF,
    0xDF, 0xDF, 0xDF, 0xDF, 0xDF, 0xDF, 0xDF, 0xDF, 0xDF, 0xDF, 0xDF, 0xDF, 0xDF, 0xDF, 0xDF, 0xDF,
    0xDF, 0xDF, 0xDF, 0xDF, 0xDF, 0xDF, 0xDF, 0xDF, 0xDF, 0xDF, 0xDF, 0xDF, 0xDF, 0xDF, 0xDF, 0xDF,
    0xDF, 0xDF, 0xDF, 0xDF, 0xDF, 0x25, 0x25, 0x4B, 0x4B, 0x4B, 0x4B, 0x25, 0x25, 0x4B, 0x4B, 0x4B,
    0x4B, 0x4B, 0x4B, 0x4B, 0x4B, 0x25, 0x25, 0x4B, 0x4B, 0x4B, 0x4B, 0x4B, 0x4B, 0x4B, 0x25, 0x25,
    0xDF, 0xDF, 0xDF, 0xDF, 0xDF, 0xDF, 0xDF, 0xDF, 0xDF, 0xDF, 0xDF, 0xDF, 0xDF, 0xDF, 0xDF, 0xDF,
    0xDF, 0xDF, 0xDF, 0xDF, 0xDF, 0xDF, 0xDF, 0xDF, 0xDF, 0xDF, 0xDF, 0xDF, 0xDF, 0xDF, 0xDF, 0xDF,
    0xDF, 0xDF, 0xDF, 0xDF, 0x25, 0x4B, 0x4B, 0x4B, 0x4B, 0x4B, 0x4B, 0x25, 0x25, 0x4B, 0x4B, 0x4B,
    0x4B, 0x4B, 0x4B, 0x4B, 0x4B, 0x4B, 0x4B, 0x4B, 0x4B, 0x4B, 0x4B, 0x4B, 0x4B, 0x4B, 0x4B, 0x25,
    0x25, 0x25, 0xDF, 0xDF, 0xDF, 0xDF, 0xDF, 0xDF, 0xDF, 0xDF, 0xDF, 0xDF, 0xDF, 0xDF, 0xDF, 0xDF,
    0xDF, 0xDF, 0xDF, 0xDF, 0xDF, 0xDF, 0xDF, 0xDF, 0xDF, 0xDF, 0xDF, 0xDF, 0xDF, 0xDF, 0xDF, 0xDF,
    0xDF, 0xDF, 0xDF, 0x25, 0x4B, 0x4B, 0x4B, 0x4B, 0x4B, 0x4B, 0x4B, 0x4B, 0x4B, 0x4B, 0x4B, 0x4B,
    0x25, 0x4B, 0x4B, 0x4B, 0x4B, 0x4B, 0x4B, 0x4B, 0x4B, 0x4B, 0x4B, 0x4B, 0x25, 0x25, 0x4B, 0x4B,
    0x4B, 0x25, 0xDF, 0xDF, 0xDF, 0xDF, 0xDF, 0xDF, 0xDF, 0xDF, 0xDF, 0xDF, 0xDF, 0xDF, 0xDF, 0xDF,
    0xDF, 0xDF, 0xDF, 0xDF, 0xDF, 0xDF, 0xDF, 0xDF, 0xDF, 0xDF, 0xDF, 0xDF, 0xDF, 0xDF, 0xDF, 0xDF,
    0xDF, 0xDF, 0x25, 0x4B, 0x4B, 0x25, 0x25, 0x4B, 0x4B, 0x4B, 0x4B, 0x4B, 0x4B, 0x4B, 0x4B, 0x25,
    0x25, 0x25, 0x25, 0x4B, 0x4B, 0x4B, 0x4B, 0x4B, 0x4B, 0x4B, 0x4B, 0x4B, 0x4B, 0x25, 0x25, 0x25,
    0x25, 0x4B, 0x25, 0xDF, 0xDF, 0xDF, 0xDF, 0xDF, 0xDF, 0xDF, 0xDF, 0xDF, 0xDF, 0xDF, 0xDF, 0xDF,
    0xDF, 0xDF, 0xDF, 0xDF, 0xDF, 0xDF, 0xDF, 0xDF, 0xDF, 0xDF, 0xDF, 0xDF, 0xDF, 0xDF, 0xDF, 0xDF,
    0xDF, 0x25, 0x25, 0x25, 0x25, 0x4B, 0x4B, 0x4B, 0x4B, 0x4B, 0x4B, 0x4B, 0x4B, 0x25, 0x25, 0x25,
    0x2A, 0x2A, 0x25, 0x25, 0x25, 0x25, 0x4B, 0x4B, 0x4B, 0x4B, 0x4B, 0x4B, 0x4B, 0x4B, 0x4B, 0x4B,
    0x4B, 0x4B, 0x25, 0x25, 0xDF, 0xDF, 0xDF, 0xDF, 0xDF, 0xDF, 0xDF, 0xDF, 0xDF, 0xDF, 0xDF, 0xDF,
    0xDF, 0xDF, 0xDF, 0xDF, 0xDF, 0xDF, 0xDF, 0xDF, 0xDF, 0xDF, 0xDF, 0xDF, 0xDF, 0xDF, 0xDF, 0xDF,
    0x25, 0x25, 0x4B, 0x4B, 0x4B, 0x25, 0x25, 0x4B, 0x4B, 0x4B, 0x4B, 0x25, 0x25, 0x25, 0x2A, 0x2A,
    0x2A, 0x2A, 0x2A, 0x2A, 0x2A, 0x2A, 0x25, 0x25, 0x4B, 0x4B, 0x4B, 0x4B, 0x25, 0x25, 0x4B, 0x4B,
    0x4B, 0x4B, 0x4B, 0x25, 0xDF, 0xDF, 0xDF, 0xDF, 0xDF, 0xDF, 0xDF, 0xDF, 0xDF, 0xDF, 0xDF, 0xDF,
    0xDF, 0xDF, 0xDF, 0xDF, 0xDF, 0xDF, 0xDF, 0xDF, 0xDF, 0xDF, 0xDF, 0xDF, 0xDF, 0xDF, 0xDF, 0xDF,
    0x25, 0x4B, 0x4B, 0x4B, 0x25, 0x25, 0x4B, 0x4B, 0x4B, 0x4B, 0x25, 0x25, 0x2A, 0x2A, 0x2A, 0x2A,
    0x2A, 0x2A, 0x2A, 0x2A, 0x2A, 0x2A, 0x25, 0x25, 0x4B, 0x4B, 0x4B, 0x4B, 0x4B, 0x25, 0x25, 0x25,
    0x4B, 0x4B, 0x4B, 0x25, 0x25, 0xDF, 0xDF, 0xDF, 0xDF, 0xDF, 0xDF, 0xDF, 0xDF, 0xDF, 0xDF, 0xDF,
    0xDF, 0xDF, 0xDF, 0xDF, 0xDF, 0xDF, 0xDF, 0xDF, 0xDF, 0xDF, 0xDF, 0xDF, 0xDF, 0xDF, 0xDF, 0x25,
    0x4B, 0x4B, 0x25, 0x25, 0x4B, 0x4B, 0x4B, 0x4B, 0x4B, 0x4B, 0x25, 0x25, 0x2A, 0x2A, 0x2A, 0x2A,
    0x2A, 0x2A, 0x2A, 0x2A, 0x2A, 0x25, 0x25, 0x4B, 0x4B, 0x4B, 0x4B, 0x4B, 0x4B, 0x4B, 0x4B, 0x25,
    0x25, 0x4B, 0x4B, 0x4B, 0x25, 0xDF, 0xDF, 0xDF, 0xDF, 0xDF, 0xDF, 0xDF, 0xDF, 0xDF, 0xDF, 0xDF,
    0xDF, 0xDF, 0xDF, 0xDF, 0xDF, 0xDF, 0xDF, 0xDF, 0xDF, 0xDF, 0xDF, 0xDF, 0xDF, 0xDF, 0xDF, 0x25,
    0x4B, 0x4B, 0x4B, 0x4B, 0x4B, 0x4B, 0x4B, 0x4B, 0x4B, 0x4B, 0x4B, 0x25, 0x25, 0x25, 0x2A, 0x2A,
    0x2A, 0x2A, 0x2A, 0x2A, 0x25, 0x25, 0x4B, 0x4B, 0x4B, 0x4B, 0x4B, 0x4B, 0x4B, 0x4B, 0x4B, 0x4B,
    0x4B, 0x4B, 0x4B, 0x4B, 0x25, 0xDF, 0xDF, 0xDF, 0xDF, 0xDF, 0xDF, 0xDF, 0xDF, 0xDF, 0xDF, 0xDF,
    0xDF, 0xDF, 0xDF, 0xDF, 0xDF, 0xDF, 0xDF, 0xDF, 0xDF, 0xDF, 0xDF, 0xDF, 0xDF, 0xDF, 0x25, 0x4B,
    0x4B, 0x4B, 0x4B, 0x4B, 0x4B, 0x4B, 0x4B, 0x4B, 0x4B, 0x4B, 0x4B, 0x4B, 0x4B, 0x25, 0x25, 0x25,
    0x2A, 0x2A, 0x25, 0x25, 0x25, 0x4B, 0x4B, 0x4B, 0x4B, 0x4B, 0x4B, 0x4B, 0x4B, 0x4B, 0x4B, 0x4B,
    0x4B, 0x4B, 0x4B, 0x4B, 0x25, 0x25, 0x25, 0xDF, 0xDF, 0xDF, 0xDF, 0xDF, 0xDF, 0xDF, 0xDF, 0xDF,
    0xDF, 0xDF, 0xDF, 0xDF, 0xDF, 0xDF, 0xDF, 0xDF, 0xDF, 0xDF, 0xDF, 0xDF, 0xDF, 0xDF, 0x25, 0x4B,
    0x4B, 0x4B, 0x4B, 0x4B, 0x4B, 0x4B, 0x4B, 0x4B, 0x4B, 0x4B, 0x4B, 0x4B, 0x4B, 0x4B, 0x4B, 0x4B,
    0x25, 0x25, 0x25, 0x4B, 0x4B, 0x4B, 0x4B, 0x4B, 0x4B, 0x4B, 0x4B, 0x4B, 0x4B, 0x4B, 0x4B, 0x4B,
    0x4B, 0x4B, 0x4B, 0x4B, 0x25, 0x4B, 0x25, 0x25, 0xDF, 0xDF, 0xDF, 0xDF, 0xDF, 0xDF, 0xDF, 0xDF,
    0xDF, 0xDF, 0xDF, 0xDF, 0xDF, 0xDF, 0xDF, 0xDF, 0xDF, 0xDF, 0xDF, 0xDF, 0x25, 0x25, 0x25, 0x4B,
    0x4B, 0x4B, 0x4B, 0x4B, 0x4B, 0x4B, 0x4B, 0x4B, 0x4B, 0x4B, 0x4B, 0x4B, 0x4B, 0x4B, 0x4B, 0x4B,
    0x4B, 0x4B, 0x4B, 0x4B, 0x4B, 0x4B, 0x4B, 0x4B, 0x4B, 0x4B, 0x4B, 0x4B, 0x4B, 0x4B, 0x4B, 0x4B,
    0x4B, 0x4B, 0x4B, 0x4B, 0x25, 0x4B, 0x4B, 0x25, 0x25, 0xDF, 0xDF, 0xDF, 0xDF, 0xDF, 0xDF, 0xDF,
    0xDF, 0xDF, 0xDF, 0xDF, 0xDF, 0xDF, 0xDF, 0xDF, 0xDF, 0xDF, 0xDF, 0x25, 0x25, 0x4B, 0x25, 0x4B,
    0x4B, 0x4B, 0x4B, 0x4B, 0x4B, 0x4B, 0x4B, 0x4B, 0x4B, 0x4B, 0x4B, 0x4B, 0x4B, 0x4B, 0x4B, 0x4B,
    0x4B, 0x4B, 0x4B, 0x4B, 0x4B, 0x4B, 0x4B, 0x4B, 0x4B, 0x4B, 0x4B, 0x4B, 0x4B, 0x4B, 0x4B, 0x4B,
    0x4B, 0x4B, 0x4B, 0x4B, 0x4B, 0x25, 0x4B, 0x4B, 0x25, 0xDF, 0xDF, 0xDF, 0xDF, 0xDF, 0xDF, 0xDF,
    0xDF, 0xDF, 0xDF, 0xDF, 0xDF, 0xDF, 0xDF, 0xDF, 0xDF, 0xDF, 0x25, 0x25, 0x4B, 0x25, 0x4B, 0x4B,
    0x4B, 0x4B, 0x4B, 0x4B, 0x4B, 0x4B, 0x4B, 0x4B, 0x4B, 0x4B, 0x4B, 0x4B, 0x4B, 0x4B, 0x4B, 0x4B,
    0x4B, 0x4B, 0x4B, 0x4B, 0x4B, 0x4B, 0x4B, 0x4B, 0x4B, 0x4B, 0x4B, 0x4B, 0x4B, 0x4B, 0x4B, 0x4B,
    0x4B, 0x4B, 0x4B, 0x4B, 0x4B, 0x25, 0x4B, 0x4B, 0x25, 0x25, 0xDF, 0xDF, 0xDF, 0xDF, 0xDF, 0xDF,
    0xDF, 0xDF, 0xDF, 0xDF, 0xDF, 0xDF, 0xDF, 0xDF, 0xDF, 0x25, 0x25, 0x4B, 0x4B, 0x25, 0x4B, 0x4B,
    0x4B, 0x4B, 0x4B, 0x4B, 0x4B, 0x4B, 0x4B, 0x4B, 0x4B, 0x4B, 0x4B, 0x4B, 0x4B, 0x4B, 0x4B, 0x4B,
    0x4B, 0x4B, 0x4B, 0x4B, 0x4B, 0x4B, 0x4B, 0x4B, 0x4B, 0x4B, 0x4B, 0x4B, 0x4B, 0x4B, 0x4B, 0x4B,
    0x4B, 0x4B, 0x4B, 0x4B, 0x4B, 0x25, 0x4B, 0x4B, 0x4B, 0x25, 0xDF, 0xDF, 0xDF, 0xDF, 0xDF, 0xDF,
    0xDF, 0xDF, 0xDF, 0xDF, 0xDF, 0xDF, 0xDF, 0xDF, 0xDF, 0x25, 0x4B, 0x4B, 0x4B, 0x25, 0x4B, 0x4B,
    0x4B, 0x4B, 0x4B, 0x4B, 0x4B, 0x4B, 0x4B, 0x4B, 0x4B, 0x4B, 0x4B, 0x4B, 0x4B, 0x4B, 0x4B, 0x4B,
    0x4B, 0x4B, 0x4B, 0x4B, 0x4B, 0x4B, 0x4B, 0x4B, 0x4B, 0x4B, 0x4B, 0x4B, 0x4B, 0x4B, 0x4B, 0x4B,
    0x4B, 0x4B, 0x4B, 0x4B, 0x4B, 0x25, 0x4B, 0x4B, 0x4B, 0x25, 0xDF, 0xDF, 0xDF, 0xDF, 0xDF, 0xDF,
    0xDF, 0xDF, 0xDF, 0xDF, 0xDF, 0xDF, 0xDF, 0xDF, 0xDF, 0x25, 0x4B, 0x4B, 0x4B, 0x25, 0x4B, 0x4B,
    0x4B, 0x4B, 0x4B, 0x4B, 0x4B, 0x4B, 0x4B, 0x4B, 0x4B, 0x4B, 0x4B, 0x4B, 0x4B, 0x4B, 0x4B, 0x4B,
    0x4B, 0x4B, 0x4B, 0x4B, 0x4B, 0x4B, 0x4B, 0x4B, 0x4B, 0x4B, 0x4B, 0x4B, 0x4B, 0x4B, 0x4B, 0x4B,
    0x4B, 0x4B, 0x4B, 0x4B, 0x4B, 0x25, 0x4B, 0x4B, 0x25, 0x25, 0xDF, 0xDF, 0xDF, 0xDF, 0xDF, 0xDF,
    0xDF, 0xDF, 0xDF, 0xDF, 0xDF, 0xDF, 0xDF, 0xDF, 0xDF, 0x25, 0x4B, 0x4B, 0x4B, 0x25, 0x4B, 0x4B,
    0x4B, 0x4B, 0x4B, 0x4B, 0x4B, 0x4B, 0x4B, 0x4B, 0x4B, 0x4B, 0x4B, 0x4B, 0x4B, 0x4B, 0x4B, 0x4B,
    0x4B, 0x4B, 0x4B, 0x4B, 0x4B, 0x4B, 0x4B, 0x4B, 0x4B, 0x4B, 0x4B, 0x4B, 0x4B, 0x4B, 0x4B, 0x4B,
    0x4B, 0x4B, 0x4B, 0x4B, 0x4B, 0x25, 0x4B, 0x4B, 0x25, 0xDF, 0xDF, 0xDF, 0xDF, 0xDF, 0xDF, 0xDF,
    0xDF, 0xDF, 0xDF, 0xDF, 0xDF, 0xDF, 0xDF, 0xDF, 0xDF, 0x25, 0x25, 0x4B, 0x4B, 0x25, 0x4B, 0x4B,
    0x4B, 0x4B, 0x4B, 0x4B, 0x4B, 0x4B, 0x4B, 0x4B, 0x4B, 0x4B, 0x4B, 0x4B, 0x4B, 0x4B, 0x4B, 0x4B,
    0x4B, 0x4B, 0x4B, 0x4B, 0x4B, 0x4B, 0x4B, 0x4B, 0x4B, 0x4B, 0x4B, 0x4B, 0x4B, 0x4B, 0x4B, 0x4B,
    0x4B, 0x4B, 0x4B, 0x4B, 0x4B, 0x25, 0x25, 0x25, 0xDF, 0xDF, 0xDF, 0xDF, 0xDF, 0xDF, 0xDF, 0xDF,
    0xDF, 0xDF, 0xDF, 0xDF, 0xDF, 0xDF, 0xDF, 0xDF, 0xDF, 0xDF, 0x25, 0x4B, 0x4B, 0x25, 0x4B, 0x4B,
    0x4B, 0x4B, 0x4B, 0x4B, 0x4B, 0x4B, 0x4B, 0x4B, 0x4B, 0x4B, 0x4B, 0x4B, 0x4B, 0x4B, 0x4B, 0x4B,
    0x4B, 0x4B, 0x4B, 0x4B, 0x4B, 0x4B, 0x4B, 0x4B, 0x4B, 0x4B, 0x4B, 0x4B, 0x4B, 0x4B, 0x4B, 0x4B,
    0x4B, 0x4B, 0x4B, 0x4B, 0x4B, 0x25, 0x25, 0xDF, 0xDF, 0xDF, 0xDF, 0xDF, 0xDF, 0xDF, 0xDF, 0xDF,
    0xDF, 0xDF, 0xDF, 0xDF, 0xDF, 0xDF, 0xDF, 0xDF, 0xDF, 0xDF, 0xDF, 0x25, 0x25, 0x25, 0x4B, 0x4B,
    0x4B, 0x4B, 0x4B, 0x4B, 0x4B, 0x4B, 0x4B, 0x4B, 0x4B, 0x4B, 0x4B, 0x4B, 0x4B, 0x4B, 0x4B, 0x4B,
    0x4B, 0x4B, 0x4B, 0x4B, 0x4B, 0x4B, 0x4B, 0x4B, 0x4B, 0x4B, 0x4B, 0x4B, 0x4B, 0x4B, 0x4B, 0x4B,
    0x4B, 0x4B, 0x4B, 0x4B, 0x4B, 0x25, 0xDF, 0xDF, 0xDF, 0xDF, 0xDF, 0xDF, 0xDF, 0xDF, 0xDF, 0xDF,
    0xDF, 0xDF, 0xDF, 0xDF, 0xDF, 0xDF, 0xDF, 0xDF, 0xDF, 0xDF, 0xDF, 0xDF, 0xDF, 0x25, 0x4B, 0x4B,
    0x4B, 0x4B, 0x4B, 0x4B, 0x4B, 0x4B, 0x4B, 0x4B, 0x4B, 0x4B, 0x4B, 0x4B, 0x4B, 0x4B, 0x4B, 0x4B,
    0x4B, 0x4B, 0x4B, 0x4B, 0x4B, 0x4B, 0x4B, 0x4B, 0x4B, 0x4B, 0x4B, 0x4B, 0x4B, 0x4B, 0x4B, 0x4B,
    0x4B, 0x4B, 0x4B, 0x4B, 0x25, 0x25, 0xDF, 0xDF, 0xDF, 0xDF, 0xDF, 0xDF, 0xDF, 0xDF, 0xDF, 0xDF,
    0xDF, 0xDF, 0xDF, 0xDF, 0xDF, 0xDF, 0xDF, 0xDF, 0xDF, 0xDF, 0xDF, 0xDF, 0xDF, 0x25, 0x4B, 0x4B,
    0x4B, 0x4B, 0x4B, 0x4B, 0x4B, 0x4B, 0x4B, 0x4B, 0x4B, 0x4B, 0x4B, 0x4B, 0x4B, 0x4B, 0x4B, 0x4B,
    0x4B, 0x4B, 0x4B, 0x4B, 0x4B, 0x4B, 0x4B, 0x4B, 0x4B, 0x4B, 0x4B, 0x4B, 0x4B, 0x4B, 0x4B, 0x4B,
    0x4B, 0x4B, 0x4B, 0x4B, 0x25, 0xDF, 0xDF, 0xDF, 0xDF, 0xDF, 0xDF, 0xDF, 0xDF, 0xDF, 0xDF, 0xDF,
    0xDF, 0xDF, 0xDF, 0xDF, 0xDF, 0xDF, 0xDF, 0xDF, 0xDF, 0xDF, 0xDF, 0xDF, 0xDF, 0xDF, 0x25, 0x4B,
    0x4B, 0x4B, 0x4B, 0x4B, 0x4B, 0x4B, 0x4B, 0x4B, 0x4B, 0x4B, 0x4B, 0x4B, 0x4B, 0x4B, 0x4B, 0x4B,
    0x4B, 0x4B, 0x4B, 0x4B, 0x4B, 0x4B, 0x4B, 0x4B, 0x4B, 0x4B, 0x4B, 0x4B, 0x4B, 0x4B, 0x4B, 0x4B,
    0x4B, 0x4B, 0x4B, 0x4B, 0x25, 0xDF, 0xDF, 0xDF, 0xDF, 0xDF, 0xDF, 0xDF, 0xDF, 0xDF, 0xDF, 0xDF,
    0xDF, 0xDF, 0xDF, 0xDF, 0xDF, 0xDF, 0xDF, 0xDF, 0xDF, 0xDF, 0xDF, 0xDF, 0xDF, 0xDF, 0x25, 0x4B,
    0x4B, 0x4B, 0x4B, 0x4B, 0x4B, 0x4B, 0x4B, 0x4B, 0x4B, 0x4B, 0x4B, 0x4B, 0x4B, 0x4B, 0x4B, 0x4B,
    0x4B, 0x4B, 0x4B, 0x4B, 0x4B, 0x4B, 0x4B, 0x4B, 0x4B, 0x4B, 0x4B, 0x4B, 0x4B, 0x4B, 0x4B, 0x4B,
    0x4B, 0x4B, 0x4B, 0x25, 0xDF, 0xDF, 0xDF, 0xDF, 0xDF, 0xDF, 0xDF, 0xDF, 0xDF, 0xDF, 0xDF, 0xDF,
    0xDF, 0xDF, 0xDF, 0xDF, 0xDF, 0xDF, 0xDF, 0xDF, 0xDF, 0xDF, 0xDF, 0xDF, 0xDF, 0xDF, 0x25, 0x4B,
    0x4B, 0x4B, 0x4B, 0x4B, 0x4B, 0x4B, 0x4B, 0x4B, 0x4B, 0x4B, 0x4B, 0x4B, 0x4B, 0x4B, 0x4B, 0x4B,
    0x4B, 0x4B, 0x4B, 0x4B, 0x4B, 0x4B, 0x4B, 0x4B, 0x4B, 0x4B, 0x4B, 0x4B, 0x4B, 0x4B, 0x4B, 0x4B,
    0x4B, 0x4B, 0x4B, 0x25, 0xDF, 0xDF, 0xDF, 0xDF, 0xDF, 0xDF, 0xDF, 0xDF, 0xDF, 0xDF, 0xDF, 0xDF,
    0xDF, 0xDF, 0xDF, 0xDF, 0xDF, 0xDF, 0xDF, 0xDF, 0xDF, 0xDF, 0xDF, 0xDF, 0xDF, 0xDF, 0xDF, 0x25,
    0x4B, 0x4B, 0x4B, 0x4B, 0x4B, 0x4B, 0x4B, 0x4B, 0x4B, 0x4B, 0x4B, 0x4B, 0x4B, 0x4B, 0x4B, 0x4B,
    0x4B, 0x4B, 0x4B, 0x4B, 0x4B, 0x4B, 0x4B, 0x4B, 0x4B, 0x4B, 0x4B, 0x4B, 0x4B, 0x4B, 0x4B, 0x4B,
    0x4B, 0x4B, 0x4B, 0x25, 0xDF, 0xDF, 0xDF, 0xDF, 0xDF, 0xDF, 0xDF, 0xDF, 0xDF, 0xDF, 0xDF, 0xDF,
    0xDF, 0xDF, 0xDF, 0xDF, 0xDF, 0xDF, 0xDF, 0xDF, 0xDF, 0xDF, 0xDF, 0xDF, 0xDF, 0xDF, 0xDF, 0x25,
    0x25, 0x4B, 0x4B, 0x4B, 0x4B, 0x4B, 0x4B, 0x4B, 0x4B, 0x4B, 0x4B, 0x4B, 0x4B, 0x4B, 0x4B, 0x4B,
    0x4B, 0x4B, 0x4B, 0x4B, 0x4B, 0x4B, 0x4B, 0x4B, 0x4B, 0x4B, 0x4B, 0x4B, 0x4B, 0x4B, 0x4B, 0x4B,
    0x4B, 0x4B, 0x25, 0xDF, 0xDF, 0xDF, 0xDF, 0xDF, 0xDF, 0xDF, 0xDF, 0xDF, 0xDF, 0xDF, 0xDF, 0xDF,
    0xDF, 0xDF, 0xDF, 0xDF, 0xDF, 0xDF, 0xDF, 0xDF, 0xDF, 0xDF, 0xDF, 0xDF, 0xDF, 0xDF, 0xDF, 0xDF,
    0x25, 0x4B, 0x4B, 0x4B, 0x4B, 0x4B, 0x4B, 0x4B, 0x4B, 0x4B, 0x4B, 0x4B, 0x4B, 0x4B, 0x4B, 0x4B,
    0x4B, 0x4B, 0x4B, 0x4B, 0x4B, 0x4B, 0x4B, 0x4B, 0x4B, 0x4B, 0x4B, 0x4B, 0x4B, 0x4B, 0x4B, 0x4B,
    0x4B, 0x4B, 0x25, 0xDF, 0xDF, 0xDF, 0xDF, 0xDF, 0xDF, 0xDF, 0xDF, 0xDF, 0xDF, 0xDF, 0xDF, 0xDF,
    0xDF, 0xDF, 0xDF, 0xDF, 0xDF, 0xDF, 0xDF, 0xDF, 0xDF, 0xDF, 0xDF, 0xDF, 0xDF, 0xDF, 0xDF, 0xDF,
    0xDF, 0x25, 0x4B, 0x4B, 0x4B, 0x4B, 0x4B, 0x4B, 0x4B, 0x4B, 0x4B, 0x4B, 0x4B, 0x4B, 0x4B, 0x4B,
    0x4B, 0x4B, 0x4B, 0x4B, 0x4B, 0x4B, 0x4B, 0x4B, 0x4B, 0x4B, 0x4B, 0x4B, 0x4B, 0x4B, 0x4B, 0x4B,
    0x4B, 0x25, 0xDF, 0xDF, 0xDF, 0xDF, 0xDF, 0xDF, 0xDF, 0xDF, 0xDF, 0xDF, 0xDF, 0xDF, 0xDF, 0xDF,
    0xDF, 0xDF, 0xDF, 0xDF, 0xDF, 0xDF, 0xDF, 0xDF, 0xDF, 0xDF, 0xDF, 0xDF, 0xDF, 0xDF, 0xDF, 0xDF,
    0xDF, 0x25, 0x25, 0x4B, 0x4B, 0x4B, 0x4B, 0x4B, 0x4B, 0x4B, 0x4B, 0x4B, 0x4B, 0x4B, 0x4B, 0x4B,
    0x4B, 0x4B, 0x4B, 0x4B, 0x4B, 0x4B, 0x4B, 0x4B, 0x4B, 0x4B, 0x4B, 0x4B, 0x4B, 0x4B, 0x4B, 0x4B,
    0x25, 0x25, 0xDF, 0xDF, 0xDF, 0xDF, 0xDF, 0xDF, 0xDF, 0xDF, 0xDF, 0xDF, 0xDF, 0xDF, 0xDF, 0xDF,
    0xDF, 0xDF, 0xDF, 0xDF, 0xDF, 0xDF, 0xDF, 0xDF, 0xDF, 0xDF, 0xDF, 0xDF, 0xDF, 0xDF, 0xDF, 0xDF,
    0xDF, 0xDF, 0x25, 0x25, 0x4B, 0x4B, 0x4B, 0x4B, 0x4B, 0x4B, 0x4B, 0x4B, 0x4B, 0x4B, 0x4B, 0x4B,
    0x4B, 0x4B, 0x4B, 0x4B, 0x4B, 0x4B, 0x4B, 0x4B, 0x4B, 0x4B, 0x4B, 0x4B, 0x4B, 0x4B, 0x25, 0x25,
    0x4B, 0x25, 0xDF, 0xDF, 0xDF, 0xDF, 0xDF, 0xDF, 0xDF, 0xDF, 0xDF, 0xDF, 0xDF, 0xDF, 0xDF, 0xDF,
    0xDF, 0xDF, 0xDF, 0xDF, 0xDF, 0xDF, 0xDF, 0xDF, 0xDF, 0xDF, 0xDF, 0xDF, 0xDF, 0xDF, 0xDF, 0xDF,
    0xDF, 0xDF, 0xDF, 0x25, 0x25, 0x4B, 0x4B, 0x4B, 0x4B, 0x4B, 0x4B, 0x4B, 0x4B, 0x4B, 0x4B, 0x4B,
    0x4B, 0x4B, 0x4B, 0x4B, 0x4B, 0x4B, 0x4B, 0x4B, 0x4B, 0x4B, 0x4B, 0x4B, 0x4B, 0x25, 0x25, 0x4B,
    0x4B, 0x25, 0xDF, 0xDF, 0xDF, 0xDF, 0xDF, 0xDF, 0xDF, 0xDF, 0xDF, 0xDF, 0xDF, 0xDF, 0xDF, 0xDF,
    0xDF, 0xDF, 0xDF, 0xDF, 0xDF, 0xDF, 0xDF, 0xDF, 0xDF, 0xDF, 0xDF, 0xDF, 0xDF, 0xDF, 0xDF, 0xDF,
    0xDF, 0xDF, 0xDF, 0x25, 0x25, 0x25, 0x25, 0x4B, 0x4B, 0x4B, 0x4B, 0x4B, 0x4B, 0x4B, 0x4B, 0x4B,
    0x4B, 0x4B, 0x4B, 0x4B, 0x4B, 0x4B, 0x4B, 0x4B, 0x4B, 0x4B, 0x4B, 0x25, 0x25, 0x4B, 0x4B, 0x4B,
    0x4B, 0x25, 0xDF, 0xDF, 0xDF, 0xDF, 0xDF, 0xDF, 0xDF, 0xDF, 0xDF, 0xDF, 0xDF, 0xDF, 0xDF, 0xDF,
    0xDF, 0xDF, 0xDF, 0xDF, 0xDF, 0xDF, 0xDF, 0xDF, 0xDF, 0xDF, 0xDF, 0xDF, 0xDF, 0xDF, 0xDF, 0xDF,
    0xDF, 0xDF, 0xDF, 0x25, 0x4B, 0x4B, 0x25, 0x25, 0x25, 0x4B, 0x4B, 0x4B, 0x4B, 0x4B, 0x4B, 0x4B,
    0x4B, 0x4B, 0x4B, 0x4B, 0x4B, 0x4B, 0x4B, 0x4B, 0x25, 0x25, 0x25, 0x4B, 0x4B, 0x4B, 0x4B, 0x4B,
    0x4B, 0x25, 0xDF, 0xDF, 0xDF, 0xDF, 0xDF, 0xDF, 0xDF, 0xDF, 0xDF, 0xDF, 0xDF, 0xDF, 0xDF, 0xDF,
    0xDF, 0xDF, 0xDF, 0xDF, 0xDF, 0xDF, 0xDF, 0xDF, 0xDF, 0xDF, 0xDF, 0xDF, 0xDF, 0xDF, 0xDF, 0xDF,
    0xDF, 0xDF, 0xDF, 0x25, 0x4B, 0x4B, 0x4B, 0x4B, 0x25, 0x25, 0x25, 0x25, 0x25, 0x25, 0x25, 0x4B,
    0x4B, 0x4B, 0x4B, 0x4B, 0x25, 0x25, 0x25, 0x25, 0x4B, 0x4B, 0x4B, 0x4B, 0x4B, 0x4B, 0x4B, 0x4B,
    0x25, 0x25, 0xDF, 0xDF, 0xDF, 0xDF, 0xDF, 0xDF, 0xDF, 0xDF, 0xDF, 0xDF, 0xDF, 0xDF, 0xDF, 0xDF,
    0xDF, 0xDF, 0xDF, 0xDF, 0xDF, 0xDF, 0xDF, 0xDF, 0xDF, 0xDF, 0xDF, 0xDF, 0xDF, 0xDF, 0xDF, 0xDF,
    0xDF, 0xDF, 0xDF, 0xDF, 0x25, 0x4B, 0x4B, 0x4B, 0x4B, 0x4B, 0x4B, 0x4B, 0x25, 0xDF, 0xDF, 0x25,
    0x25, 0x25, 0x25, 0x25, 0x25, 0xDF, 0xDF, 0x25, 0x25, 0x4B, 0x4B, 0x4B, 0x4B, 0x4B, 0x4B, 0x4B,
    0x25, 0xDF, 0xDF, 0xDF, 0xDF, 0xDF, 0xDF, 0xDF, 0xDF, 0xDF, 0xDF, 0xDF, 0xDF, 0xDF, 0xDF, 0xDF,
    0xDF, 0xDF, 0xDF, 0xDF, 0xDF, 0xDF, 0xDF, 0xDF, 0xDF, 0xDF, 0xDF, 0xDF, 0xDF, 0xDF, 0xDF, 0xDF,
    0xDF, 0xDF, 0xDF, 0xDF, 0x25, 0x4B, 0x4B, 0x4B, 0x4B, 0x4B, 0x4B, 0x4B, 0x25, 0xDF, 0xDF, 0xDF,
    0xDF, 0xDF, 0xDF, 0xDF, 0xDF, 0xDF, 0xDF, 0xDF, 0x25, 0x25, 0x4B, 0x4B, 0x4B, 0x4B, 0x4B, 0x25,
    0x25, 0xDF, 0xDF, 0xDF, 0xDF, 0xDF, 0xDF, 0xDF, 0xDF, 0xDF, 0xDF, 0xDF, 0xDF, 0xDF, 0xDF, 0xDF,
    0xDF, 0xDF, 0xDF, 0xDF, 0xDF, 0xDF, 0xDF, 0xDF, 0xDF, 0xDF, 0xDF, 0xDF, 0xDF, 0xDF, 0xDF, 0xDF,
    0xDF, 0xDF, 0xDF, 0xDF, 0xDF, 0x25, 0x25, 0x4B, 0x4B, 0x4B, 0x25, 0x25, 0xDF, 0xDF, 0xDF, 0xDF,
    0xDF, 0xDF, 0xDF, 0xDF, 0xDF, 0xDF, 0xDF, 0xDF, 0xDF, 0x25, 0x25, 0x25, 0x25, 0x25, 0x25, 0x25,
    0xDF, 0xDF, 0xDF, 0xDF, 0xDF, 0xDF, 0xDF, 0xDF, 0xDF, 0xDF, 0xDF, 0xDF, 0xDF, 0xDF, 0xDF, 0xDF,
    0xDF, 0xDF, 0xDF, 0xDF, 0xDF, 0xDF, 0xDF, 0xDF, 0xDF, 0xDF, 0xDF, 0xDF, 0xDF, 0xDF, 0xDF, 0xDF,
    0xDF, 0xDF, 0xDF, 0xDF, 0xDF, 0xDF, 0x25, 0x25, 0x25, 0x25, 0x25, 0xDF, 0xDF, 0xDF, 0xDF, 0xDF,
    0xDF, 0xDF, 0xDF, 0xDF, 0xDF, 0xDF, 0xDF, 0xDF, 0xDF, 0xDF, 0xDF, 0xDF, 0xDF, 0xDF, 0xDF, 0xDF,
    0xDF, 0xDF, 0xDF, 0xDF, 0xDF, 0xDF, 0xDF, 0xDF, 0xDF, 0xDF, 0xDF, 0xDF, 0xDF, 0xDF, 0xDF, 0xDF,
    0xDF, 0xDF, 0xDF, 0xDF, 0xDF, 0xDF, 0xDF, 0xDF, 0xDF, 0xDF, 0xDF, 0xDF, 0xDF, 0xDF, 0xDF, 0xDF,
    0xDF, 0xDF, 0xDF, 0xDF, 0xDF, 0xDF, 0xDF, 0xDF, 0xDF, 0xDF, 0xDF, 0xDF, 0xDF, 0xDF, 0xDF, 0xDF,
    0xDF, 0xDF, 0xDF, 0xDF, 0xDF, 0xDF, 0xDF, 0xDF, 0xDF, 0xDF, 0xDF, 0xDF, 0xDF, 0xDF, 0xDF, 0xDF,
    0xDF, 0xDF, 0xDF, 0xDF, 0xDF, 0xDF, 0xDF, 0xDF, 0xDF, 0xDF, 0xDF, 0xDF, 0xDF, 0xDF, 0xDF, 0xDF,
    0xDF, 0xDF, 0xDF, 0xDF, 0xDF, 0xDF, 0xDF, 0xDF, 0xDF, 0xDF, 0xDF, 0xDF, 0xDF, 0xDF, 0xDF, 0xDF,
    0xDF, 0xDF, 0xDF, 0xDF, 0xDF, 0xDF, 0xDF, 0xDF, 0xDF, 0xDF, 0xDF, 0xDF, 0xDF, 0xDF, 0xDF, 0xDF,
    0xDF, 0xDF, 0xDF, 0xDF, 0xDF, 0xDF, 0xDF, 0xDF, 0xDF, 0xDF, 0xDF, 0xDF, 0xDF, 0xDF, 0xDF, 0xDF,
    0xDF, 0xDF, 0xDF, 0xDF, 0xDF, 0xDF, 0xDF, 0xDF, 0xDF, 0xDF, 0xDF, 0xDF, 0xDF, 0xDF, 0xDF, 0xDF,
    0xDF, 0xDF, 0xDF, 0xDF, 0xDF, 0xDF, 0xDF, 0xDF, 0xDF, 0xDF, 0xDF, 0xDF, 0xDF, 0xDF, 0xDF, 0xDF,
    0xDF, 0xDF, 0xDF, 0xDF, 0xDF, 0xDF, 0xDF, 0xDF, 0xDF, 0xDF, 0xDF, 0xDF, 0xDF, 0xDF, 0xDF, 0xDF,
    0xDF, 0xDF, 0xDF, 0xDF, 0xDF, 0xDF, 0xDF, 0xDF, 0xDF, 0xDF, 0xDF, 0xDF, 0xDF, 0xDF, 0xDF, 0xDF,
    0xDF, 0xDF, 0xDF, 0xDF, 0xDF, 0xDF, 0xDF, 0xDF, 0xDF, 0xDF, 0xDF, 0xDF, 0xDF, 0xDF, 0xDF, 0xDF,
    0xDF, 0xDF, 0xDF, 0xDF, 0xDF, 0xDF, 0xDF, 0xDF, 0xDF, 0xDF, 0xDF, 0xDF, 0xDF, 0xDF, 0xDF, 0xDF,
    0xDF, 0xDF, 0xDF, 0xDF, 0xDF, 0xDF, 0xDF, 0xDF, 0xDF, 0xDF, 0xDF, 0xDF, 0xDF, 0xDF, 0xDF, 0xDF,
    0xDF, 0xDF, 0xDF, 0xDF, 0xDF, 0xDF, 0xDF, 0xDF, 0xDF, 0xDF, 0xDF, 0xDF, 0xDF, 0xDF, 0xDF, 0xDF,
    0xDF, 0xDF, 0xDF, 0xDF, 0xDF, 0xDF, 0xDF, 0xDF, 0xDF, 0xDF, 0xDF, 0xDF, 0xDF, 0xDF, 0xDF, 0xDF,
    0xDF, 0xDF, 0xDF, 0xDF, 0xDF, 0xDF, 0xDF, 0xDF, 0xDF, 0xDF, 0xDF, 0xDF, 0xDF, 0xDF, 0xDF, 0xDF,
    0xDF, 0xDF, 0xDF, 0xDF, 0xDF, 0xDF, 0xDF, 0xDF, 0xDF, 0xDF, 0xDF, 0xDF, 0xDF, 0xDF, 0xDF, 0xDF,
    0xDF, 0xDF, 0xDF, 0xDF, 0xDF, 0xDF, 0xDF, 0xDF, 0xDF, 0xDF, 0xDF, 0xDF, 0xDF, 0xDF, 0xDF, 0xDF,
    0xDF, 0xDF, 0xDF, 0xDF, 0xDF, 0xDF, 0xDF, 0xDF, 0xDF, 0xDF, 0xDF, 0xDF, 0xDF, 0xDF, 0xDF, 0xDF,
    0xDF, 0xDF, 0xDF, 0xDF, 0xDF, 0xDF, 0xDF, 0xDF, 0xDF, 0xDF, 0xDF, 0xDF, 0xDF, 0xDF, 0xDF, 0xDF,
    0xDF, 0xDF, 0xDF, 0xDF, 0xDF, 0xDF, 0xDF, 0xDF, 0xDF, 0xDF, 0xDF, 0xDF, 0xDF, 0xDF, 0xDF, 0xDF,
    0xDF, 0xDF, 0xDF, 0xDF, 0xDF, 0xDF, 0xDF, 0xDF, 0xDF, 0xDF, 0xDF, 0xDF, 0xDF, 0xDF, 0xDF, 0xDF,
    0xDF, 0xDF, 0xDF, 0xDF, 0xDF, 0xDF, 0xDF, 0xDF, 0xDF, 0xDF, 0xDF, 0xDF, 0xDF, 0xDF, 0xDF, 0xDF,
};

const uint8_t kEatSpriteFrame1[] PROGMEM = {
    0xDF, 0xDF, 0xDF, 0xDF, 0xDF, 0xDF, 0xDF, 0xDF, 0xDF, 0xDF, 0xDF, 0xDF, 0xDF, 0xDF, 0xDF, 0xDF,
    0xDF, 0xDF, 0xDF, 0xDF, 0xDF, 0xDF, 0xDF, 0xDF, 0xDF, 0xDF, 0xDF, 0xDF, 0xDF, 0xDF, 0xDF, 0xDF,
    0xDF, 0xDF, 0xDF, 0xDF, 0xDF, 0xDF, 0xDF, 0xDF, 0xDF, 0xDF, 0xDF, 0xDF, 0xDF, 0xDF, 0xDF, 0xDF,
    0xDF, 0xDF, 0xDF, 0xDF, 0xDF, 0xDF, 0xDF, 0xDF, 0xDF, 0xDF, 0xDF, 0xDF, 0xDF, 0xDF, 0xDF, 0xDF,
    0xDF, 0xDF, 0xDF, 0xDF, 0xDF, 0xDF, 0xDF, 0xDF, 0xDF, 0xDF, 0xDF, 0xDF, 0xDF, 0xDF, 0xDF, 0xDF,
    0xDF, 0xDF, 0xDF, 0xDF, 0xDF, 0xDF, 0xDF, 0xDF, 0xDF, 0xDF, 0xDF, 0xDF, 0xDF, 0xDF, 0xDF, 0xDF,
    0xDF, 0xDF, 0xDF, 0xDF, 0xDF, 0xDF, 0xDF, 0xDF, 0xDF, 0xDF, 0xDF, 0xDF, 0xDF, 0xDF, 0xDF, 0xDF,
    0xDF, 0xDF, 0xDF, 0xDF, 0xDF, 0xDF, 0xDF, 0xDF, 0xDF, 0xDF, 0xDF, 0xDF, 0xDF, 0xDF, 0xDF, 0xDF,
    0xDF, 0xDF, 0xDF, 0xDF, 0xDF, 0xDF, 0xDF, 0xDF, 0xDF, 0xDF, 0xDF, 0xDF, 0xDF, 0xDF, 0xDF, 0xDF,
    0xDF, 0xDF, 0xDF, 0xDF, 0xDF, 0xDF, 0xDF, 0xDF, 0xDF, 0xDF, 0xDF, 0xDF, 0xDF, 0xDF, 0xDF, 0xDF,
    0xDF, 0xDF, 0xDF, 0xDF, 0xDF, 0xDF, 0xDF, 0xDF, 0xDF, 0xDF, 0xDF, 0xDF, 0xDF, 0xDF, 0xDF, 0xDF,
    0xDF, 0xDF, 0xDF, 0xDF, 0xDF, 0xDF, 0xDF, 0xDF, 0xDF, 0xDF, 0xDF, 0xDF, 0xDF, 0xDF, 0xDF, 0xDF,
    0xDF, 0xDF, 0xDF, 0xDF, 0xDF, 0xDF, 0xDF, 0xDF, 0xDF, 0xDF, 0xDF, 0xDF, 0xDF, 0xDF, 0xDF, 0xDF,
    0xDF, 0xDF, 0xDF, 0xDF, 0xDF, 0xDF, 0xDF, 0xDF, 0xDF, 0xDF, 0xDF, 0xDF, 0xDF, 0xDF, 0xDF, 0xDF,
    0xDF, 0xDF, 0xDF, 0xDF, 0xDF, 0xDF, 0xDF, 0xDF, 0xDF, 0xDF, 0xDF, 0xDF, 0xDF, 0xDF, 0xDF, 0xDF,
    0xDF, 0xDF, 0xDF, 0xDF, 0xDF, 0xDF, 0xDF, 0xDF, 0xDF, 0xDF, 0xDF, 0xDF, 0xDF, 0xDF, 0xDF, 0xDF,
    0xDF, 0xDF, 0xDF, 0xDF, 0xDF, 0xDF, 0xDF, 0xDF, 0xDF, 0xDF, 0xDF, 0xDF, 0xDF, 0xDF, 0xDF, 0xDF,
    0xDF, 0xDF, 0xDF, 0xDF, 0xDF, 0xDF, 0xDF, 0xDF, 0xDF, 0xDF, 0xDF, 0xDF, 0xDF, 0xDF, 0xDF, 0xDF,
    0xDF, 0xDF, 0xDF, 0xDF, 0xDF, 0xDF, 0xDF, 0xDF, 0xDF, 0xDF, 0xDF, 0xDF, 0xDF, 0xDF, 0xDF, 0xDF,
    0xDF, 0xDF, 0xDF, 0xDF, 0xDF, 0xDF, 0xDF, 0xDF, 0xDF, 0xDF, 0xDF, 0xDF, 0xDF, 0xDF, 0xDF, 0xDF,
    0xDF, 0xDF, 0xDF, 0xDF, 0xDF, 0xDF, 0xDF, 0xDF, 0xDF, 0xDF, 0xDF, 0xDF, 0xDF, 0xDF, 0xDF, 0xDF,
    0xDF, 0xDF, 0xDF, 0xDF, 0xDF, 0xDF, 0xDF, 0xDF, 0xDF, 0xDF, 0xDF, 0xDF, 0xDF, 0xDF, 0xDF, 0xDF,
    0xDF, 0xDF, 0xDF, 0xDF, 0xDF, 0xDF, 0xDF, 0xDF, 0xDF, 0xDF, 0xDF, 0xDF, 0xDF, 0xDF, 0xDF, 0xDF,
    0xDF, 0xDF, 0xDF, 0xDF, 0xDF, 0xDF, 0xDF, 0xDF, 0xDF, 0xDF, 0xDF, 0xDF, 0xDF, 0xDF, 0xDF, 0xDF,
    0xDF, 0xDF, 0xDF, 0xDF, 0xDF, 0xDF, 0xDF, 0xDF, 0xDF, 0xDF, 0xDF, 0xDF, 0xDF, 0xDF, 0xDF, 0xDF,
    0xDF, 0xDF, 0xDF, 0xDF, 0xDF, 0xDF, 0xDF, 0xDF, 0xDF, 0xDF, 0xDF, 0xDF, 0xDF, 0xDF, 0xDF, 0xDF,
    0xDF, 0xDF, 0xDF, 0xDF, 0xDF, 0xDF, 0xDF, 0xDF, 0xDF, 0xDF, 0xDF, 0xDF, 0xDF, 0xDF, 0xDF, 0xDF,
    0xDF, 0xDF, 0xDF, 0xDF, 0xDF, 0xDF, 0xDF, 0xDF, 0xDF, 0xDF, 0xDF, 0xDF, 0xDF, 0xDF, 0xDF, 0xDF,
    0xDF, 0xDF, 0xDF, 0xDF, 0xDF, 0xDF, 0xDF, 0xDF, 0xDF, 0xDF, 0xDF, 0xDF, 0xDF, 0xDF, 0xDF, 0xDF,
    0xDF, 0xDF, 0xDF, 0xDF, 0xDF, 0xDF, 0xDF, 0xDF, 0xDF, 0xDF, 0xDF, 0xDF, 0xDF, 0xDF, 0xDF, 0xDF,
    0xDF, 0xDF, 0xDF, 0xDF, 0xDF, 0xDF, 0xDF, 0xDF, 0xDF, 0xDF, 0xDF, 0xDF, 0xDF, 0xDF, 0xDF, 0xDF,
    0xDF, 0xDF, 0xDF, 0xDF, 0xDF, 0xDF, 0xDF, 0xDF, 0xDF, 0xDF, 0xDF, 0xDF, 0xDF, 0xDF, 0xDF, 0xDF,
    0xDF, 0xDF, 0xDF, 0xDF, 0xDF, 0xDF, 0xDF, 0xDF, 0xDF, 0xDF, 0xDF, 0xDF, 0xDF, 0xDF, 0xDF, 0xDF,
    0xDF, 0xDF, 0xDF, 0xDF, 0xDF, 0xDF, 0xDF, 0xDF, 0xDF, 0xDF, 0xDF, 0xDF, 0xDF, 0xDF, 0xDF, 0xDF,
    0xDF, 0xDF, 0xDF, 0xDF, 0xDF, 0xDF, 0xDF, 0xDF, 0xDF, 0xDF, 0xDF, 0xDF, 0xDF, 0xDF, 0xDF, 0xDF,
    0xDF, 0xDF, 0xDF, 0xDF, 0xDF, 0xDF, 0xDF, 0xDF, 0xDF, 0xDF, 0xDF, 0xDF, 0xDF, 0xDF, 0xDF, 0xDF,
    0xDF, 0xDF, 0xDF, 0xDF, 0xDF, 0xDF, 0xDF, 0xDF, 0xDF, 0xDF, 0xDF, 0xDF, 0xDF, 0xDF, 0xDF, 0xDF,
    0xDF, 0xDF, 0xDF, 0xDF, 0xDF, 0xDF, 0xDF, 0xDF, 0xDF, 0xDF, 0xDF, 0xDF, 0xDF, 0xDF, 0xDF, 0xDF,
    0x25, 0x25, 0xDF, 0xDF, 0xDF, 0xDF, 0xDF, 0xDF, 0xDF, 0xDF, 0xDF, 0xDF, 0xDF, 0xDF, 0xDF, 0xDF,
    0xDF, 0xDF, 0xDF, 0xDF, 0xDF, 0xDF, 0xDF, 0xDF, 0xDF, 0xDF, 0xDF, 0xDF, 0xDF, 0xDF, 0xDF, 0xDF,
    0xDF, 0xDF, 0xDF, 0xDF, 0xDF, 0xDF, 0xDF, 0xDF, 0xDF, 0xDF, 0xDF, 0xDF, 0xDF, 0xDF, 0xDF, 0xDF,
    0xDF, 0xDF, 0xDF, 0xDF, 0xDF, 0xDF, 0xDF, 0xDF, 0xDF, 0xDF, 0xDF, 0xDF, 0xDF, 0xDF, 0xDF, 0x25,
    0x4B, 0x25, 0x25, 0xDF, 0xDF, 0xDF, 0xDF, 0xDF, 0xDF, 0xDF, 0xDF, 0x25, 0x25, 0xDF, 0xDF, 0xDF,
    0xDF, 0xDF, 0xDF, 0xDF, 0xDF, 0xDF, 0xDF, 0xDF, 0xDF, 0xDF, 0xDF, 0xDF, 0xDF, 0xDF, 0xDF, 0xDF,
    0xDF, 0xDF, 0xDF, 0xDF, 0xDF, 0xDF, 0xDF, 0xDF, 0xDF, 0xDF, 0xDF, 0xDF, 0xDF, 0xDF, 0xDF, 0xDF,
    0xDF, 0xDF, 0xDF, 0xDF, 0xDF, 0xDF, 0xDF, 0xDF, 0xDF, 0xDF, 0xDF, 0xDF, 0xDF, 0xDF, 0x25, 0x25,
    0x4B, 0x4B, 0x25, 0x25, 0x25, 0xDF, 0xDF, 0xDF, 0xDF, 0xDF, 0x25, 0x25, 0x4B, 0x25, 0xDF, 0xDF,
    0xDF, 0xDF, 0xDF, 0xDF, 0xDF, 0xDF, 0xDF, 0xDF, 0xDF, 0xDF, 0xDF, 0xDF, 0xDF, 0xDF, 0xDF, 0xDF,
    0xDF, 0xDF, 0xDF, 0xDF, 0xDF, 0xDF, 0xDF, 0xDF, 0xDF, 0xDF, 0xDF, 0xDF, 0xDF, 0xDF, 0xDF, 0xDF,
    0xDF, 0xDF, 0xDF, 0xDF, 0xDF, 0xDF, 0xDF, 0xDF, 0xDF, 0xDF, 0xDF, 0xDF, 0xDF, 0x25, 0x25, 0x4B,
    0x4B, 0x4B, 0x25, 0x51, 0x25, 0x25, 0xDF, 0x25, 0x25, 0xDF, 0x25, 0x4B, 0x4B, 0x25, 0xDF, 0xDF,
    0xDF, 0xDF, 0xDF, 0xDF, 0xDF, 0xDF, 0xDF, 0xDF, 0xDF, 0xDF, 0xDF, 0xDF, 0xDF, 0xDF, 0xDF, 0xDF,
    0xDF, 0xDF, 0xDF, 0xDF, 0xDF, 0xDF, 0xDF, 0xDF, 0xDF, 0xDF, 0xDF, 0xDF, 0xDF, 0xDF, 0xDF, 0xDF,
    0xDF, 0xDF, 0xDF, 0xDF, 0xDF, 0xDF, 0xDF, 0xDF, 0xDF, 0xDF, 0xDF, 0xDF, 0xDF, 0x25, 0x4B, 0x4B,
    0x4B, 0x4B, 0x25, 0x25, 0x51, 0x25, 0x25, 0x25, 0x25, 0x25, 0x4B, 0x4B, 0x4B, 0x25, 0x25, 0xDF,
    0xDF, 0xDF, 0xDF, 0xDF, 0xDF, 0xDF, 0xDF, 0xDF, 0xDF, 0xDF, 0xDF, 0xDF, 0xDF, 0xDF, 0xDF, 0xDF,
    0xDF, 0xDF, 0xDF, 0xDF, 0xDF, 0xDF, 0xDF, 0xDF, 0xDF, 0xDF, 0xDF, 0xDF, 0xDF, 0xDF, 0xDF, 0xDF,
    0xDF, 0xDF, 0xDF, 0xDF, 0xDF, 0xDF, 0xDF, 0xDF, 0xDF, 0xDF, 0xDF, 0xDF, 0x25, 0x4B, 0x4B, 0x4B,
    0x4B, 0x4B, 0x4B, 0x25, 0x51, 0x51, 0x51, 0x25, 0x25, 0x4B, 0x4B, 0x4B, 0x4B, 0x4B, 0x25, 0xDF,
    0xDF, 0xDF, 0xDF, 0xDF, 0xDF, 0xDF, 0xDF, 0xDF, 0xDF, 0xDF, 0xDF, 0xDF, 0xDF, 0xDF, 0xDF, 0xDF,
    0xDF, 0xDF, 0xDF, 0xDF, 0xDF, 0xDF, 0xDF, 0xDF, 0xDF, 0xDF, 0xDF, 0xDF, 0xDF, 0xDF, 0xDF, 0xDF,
    0xDF, 0xDF, 0xDF, 0xDF, 0xDF, 0xDF, 0xDF, 0xDF, 0xDF, 0xDF, 0xDF, 0x25, 0x4B, 0x4B, 0x4B, 0x4B,
    0x4B, 0x4B, 0x4B, 0x25, 0x51, 0x51, 0x25, 0x25, 0x4B, 0x4B, 0x4B, 0x4B, 0x4B, 0x4B, 0x25, 0xDF,
    0xDF, 0xDF, 0xDF, 0xDF, 0xDF, 0xDF, 0xDF, 0xDF, 0xDF, 0xDF, 0xDF, 0xDF, 0xDF, 0xDF, 0xDF, 0xDF,
    0xDF, 0xDF, 0xDF, 0xDF, 0xDF, 0xDF, 0xDF, 0xDF, 0xDF, 0xDF, 0xDF, 0xDF, 0xDF, 0xDF, 0xDF, 0xDF,
    0xDF, 0xDF, 0xDF, 0xDF, 0xDF, 0xDF, 0xDF, 0xDF, 0xDF, 0xDF, 0x25, 0x25, 0x4B, 0x4B, 0x4B, 0x4B,
    0x4B, 0x4B, 0x4B, 0x25, 0x25, 0x51, 0x25, 0x4B, 0x4B, 0x4B, 0x4B, 0x4B, 0x4B, 0x4B, 0x25, 0xDF,
    0xDF, 0xDF, 0xDF, 0xDF, 0xDF, 0xDF, 0xDF, 0xDF, 0xDF, 0xDF, 0xDF, 0xDF, 0xDF, 0xDF, 0xDF, 0xDF,
    0xDF, 0xDF, 0xDF, 0xDF, 0xDF, 0xDF, 0xDF, 0xDF, 0xDF, 0xDF, 0xDF, 0xDF, 0xDF, 0xDF, 0xDF, 0xDF,
    0xDF, 0xDF, 0xDF, 0xDF, 0xDF, 0xDF, 0xDF, 0xDF, 0xDF, 0xDF, 0x25, 0x4B, 0x4B, 0x4B, 0x4B, 0x4B,
    0x4B, 0x4B, 0x4B, 0x4B, 0x25, 0x25, 0x4B, 0x4B, 0x4B, 0x4B, 0x4B, 0x4B, 0x4B, 0x4B, 0x25, 0xDF,
    0xDF, 0xDF, 0xDF, 0xDF, 0xDF, 0xDF, 0xDF, 0xDF, 0xDF, 0xDF, 0xDF, 0xDF, 0xDF, 0xDF, 0xDF, 0xDF,
    0xDF, 0xDF, 0xDF, 0xDF, 0xDF, 0xDF, 0xDF, 0xDF, 0xDF, 0xDF, 0xDF, 0xDF, 0xDF, 0xDF, 0xDF, 0xDF,
    0xDF, 0xDF, 0xDF, 0xDF, 0xDF, 0xDF, 0xDF, 0xDF, 0xDF, 0x25, 0x4B, 0x4B, 0x4B, 0x4B, 0x4B, 0x4B,
    0x4B, 0x4B, 0x4B, 0x4B, 0x25, 0x25, 0x4B, 0x4B, 0x4B, 0x4B, 0x4B, 0x4B, 0x4B, 0x4B, 0x25, 0xDF,
    0xDF, 0xDF, 0xDF, 0xDF, 0xDF, 0xDF, 0xDF, 0xDF, 0xDF, 0xDF, 0xDF, 0xDF, 0xDF, 0xDF, 0xDF, 0xDF,
    0xDF, 0xDF, 0xDF, 0xDF, 0xDF, 0xDF, 0xDF, 0xDF, 0xDF, 0xDF, 0xDF, 0xDF, 0xDF, 0xDF, 0xDF, 0xDF,
    0xDF, 0xDF, 0xDF, 0xDF, 0xDF, 0xDF, 0x25, 0x25, 0x25, 0x4B, 0x4B, 0x4B, 0x4B, 0x4B, 0x4B, 0x4B,
    0x4B, 0x4B, 0x4B, 0x4B, 0x4B, 0x4B, 0x4B, 0x4B, 0x4B, 0x4B, 0x4B, 0x4B, 0x4B, 0x4B, 0x25, 0xDF,
    0xDF, 0xDF, 0xDF, 0xDF, 0xDF, 0xDF, 0xDF, 0xDF, 0xDF, 0xDF, 0xDF, 0xDF, 0xDF, 0xDF, 0xDF, 0xDF,
    0xDF, 0xDF, 0xDF, 0xDF, 0xDF, 0xDF, 0xDF, 0xDF, 0xDF, 0xDF, 0xDF, 0xDF, 0xDF, 0xDF, 0xDF, 0xDF,
    0xDF, 0xDF, 0xDF, 0xDF, 0x25, 0x25, 0x25, 0x4B, 0x4B, 0x4B, 0x4B, 0x4B, 0x4B, 0x4B, 0x4B, 0x4B,
    0x4B, 0x4B, 0x4B, 0x4B, 0x4B, 0x4B, 0x4B, 0x4B, 0x4B, 0x4B, 0x4B, 0x4B, 0x4B, 0x4B, 0x25, 0x25,
    0xDF, 0xDF, 0xDF, 0xDF, 0xDF, 0xDF, 0xDF, 0xDF, 0xDF, 0xDF, 0xDF, 0xDF, 0xDF, 0xDF, 0xDF, 0xDF,
    0xDF, 0xDF, 0xDF, 0xDF, 0xDF, 0xDF, 0xDF, 0xDF, 0xDF, 0xDF, 0xDF, 0xDF, 0xDF, 0xDF, 0xDF, 0xDF,
    0xDF, 0xDF, 0xDF, 0x25, 0x4B, 0x4B, 0x4B, 0x4B, 0x4B, 0x4B, 0x4B, 0x4B, 0x4B, 0x4B, 0x4B, 0x4B,
    0x4B, 0x4B, 0x4B, 0x4B, 0x4B, 0x4B, 0x4B, 0x4B, 0x4B, 0x4B, 0x4B, 0x4B, 0x4B, 0x4B, 0x4B, 0x25,
    0x25, 0xDF, 0xDF, 0xDF, 0xDF, 0xDF, 0xDF, 0xDF, 0xDF, 0xDF, 0xDF, 0xDF, 0xDF, 0xDF, 0xDF, 0xDF,
    0xDF, 0xDF, 0xDF, 0xDF, 0xDF, 0xDF, 0xDF, 0xDF, 0xDF, 0xDF, 0xDF, 0xDF, 0xDF, 0xDF, 0xDF, 0xDF,
    0xDF, 0xDF, 0x25, 0x4B, 0x4B, 0x4B, 0x4B, 0x4B, 0x4B, 0x4B, 0x4B, 0x4B, 0x4B, 0x4B, 0x4B, 0x4B,
    0x4B, 0x4B, 0x4B, 0x4B, 0x4B, 0x4B, 0x4B, 0x4B, 0x4B, 0x4B, 0x4B, 0x4B, 0x4B, 0x4B, 0x4B, 0x4B,
    0x25, 0x25, 0xDF, 0xDF, 0xDF, 0xDF, 0xDF, 0xDF, 0xDF, 0xDF, 0xDF, 0xDF, 0xDF, 0xDF, 0xDF, 0xDF,
    0xDF, 0xDF, 0xDF, 0xDF, 0xDF, 0xDF, 0xDF, 0xDF, 0xDF, 0xDF, 0xDF, 0xDF, 0xDF, 0xDF, 0xDF, 0xDF,
    0xDF, 0x25, 0x4B, 0x4B, 0x4B, 0x4B, 0x4B, 0x4B, 0x4B, 0x4B, 0x4B, 0x4B, 0x4B, 0x4B, 0x4B, 0x4B,
    0x4B, 0x4B, 0x4B, 0x4B, 0x4B, 0x4B, 0x4B, 0x4B, 0x4B, 0x4B, 0x4B, 0x4B, 0x4B, 0x4B, 0x4B, 0x4B,
    0x4B, 0x4B, 0x25, 0xDF, 0xDF, 0xDF, 0xDF, 0xDF, 0xDF, 0xDF, 0xDF, 0xDF, 0xDF, 0xDF, 0xDF, 0xDF,
    0xDF, 0xDF, 0xDF, 0xDF, 0xDF, 0xDF, 0xDF, 0xDF, 0xDF, 0xDF, 0xDF, 0xDF, 0xDF, 0xDF, 0xDF, 0xDF,
    0x25, 0x4B, 0x4B, 0x4B, 0x4B, 0x4B, 0x4B, 0x4B, 0x4B, 0x4B, 0x4B, 0x4B, 0x4B, 0x25, 0x25, 0x4B,
    0x4B, 0x4B, 0x4B, 0x4B, 0x4B, 0x4B, 0x4B, 0x4B, 0x4B, 0x4B, 0x4B, 0x4B, 0x4B, 0x4B, 0x4B, 0x4B,
    0x4B, 0x4B, 0x4B, 0x25, 0xDF, 0xDF, 0xDF, 0xDF, 0xDF, 0xDF, 0xDF, 0xDF, 0xDF, 0xDF, 0xDF, 0xDF,
    0xDF, 0xDF, 0xDF, 0xDF, 0xDF, 0xDF, 0xDF, 0xDF, 0xDF, 0xDF, 0xDF, 0xDF, 0xDF, 0xDF, 0xDF, 0xDF,
    0x25, 0x4B, 0x4B, 0x4B, 0x4B, 0x4B, 0x4B, 0x4B, 0x4B, 0x4B, 0x4B, 0x4B, 0x4B, 0x25, 0x25, 0x4B,
    0x4B, 0x4B, 0x4B, 0x4B, 0x4B, 0x4B, 0x4B, 0x4B, 0x4B, 0x4B, 0x4B, 0x4B, 0x4B, 0x4B, 0x4B, 0x4B,
    0x4B, 0x4B, 0x4B, 0x25, 0x25, 0xDF, 0xDF, 0xDF, 0xDF, 0xDF, 0xDF, 0xDF, 0xDF, 0xDF, 0xDF, 0xDF,
    0xDF, 0xDF, 0xDF, 0xDF, 0xDF, 0xDF, 0xDF, 0xDF, 0xDF, 0xDF, 0xDF, 0xDF, 0xDF, 0xDF, 0xDF, 0x25,
    0x4B, 0x4B, 0x4B, 0x4B, 0x4B, 0x4B, 0x4B, 0x4B, 0x4B, 0x4B, 0x4B, 0x4B, 0x4B, 0x4B, 0x4B, 0x4B,
    0x4B, 0x4B, 0x4B, 0x4B, 0x4B, 0x4B, 0x25, 0x25, 0x4B, 0x4B, 0x4B, 0x4B, 0x4B, 0x4B, 0x4B, 0x4B,
    0x4B, 0x4B, 0x4B, 0x4B, 0x25, 0xDF, 0xDF, 0xDF, 0xDF, 0xDF, 0xDF, 0xDF, 0xDF, 0xDF, 0xDF, 0xDF,
    0xDF, 0xDF, 0xDF, 0xDF, 0xDF, 0xDF, 0xDF, 0xDF, 0xDF, 0xDF, 0xDF, 0xDF, 0xDF, 0xDF, 0x25, 0x4B,
    0x4B, 0x4B, 0x25, 0x25, 0x25, 0x25, 0x25, 0x25, 0x4B, 0x4B, 0x4B, 0x4B, 0x4B, 0x4B, 0x4B, 0x4B,
    0x4B, 0x4B, 0x4B, 0x4B, 0x4B, 0x4B, 0x25, 0x25, 0x4B, 0x4B, 0x4B, 0x4B, 0x4B, 0x4B, 0x4B, 0x4B,
    0x4B, 0x4B, 0x4B, 0x4B, 0x25, 0x25, 0xDF, 0xDF, 0xDF, 0xDF, 0xDF, 0xDF, 0xDF, 0xDF, 0xDF, 0xDF,
    0xDF, 0xDF, 0xDF, 0xDF, 0xDF, 0xDF, 0xDF, 0xDF, 0xDF, 0xDF, 0xDF, 0x25, 0x25, 0x25, 0x25, 0x4B,
    0x4B, 0x4B, 0x4B, 0x4B, 0x4B, 0x4B, 0x4B, 0x4B, 0x4B, 0x4B, 0x4B, 0x4B, 0x25, 0x4B, 0x4B, 0x4B,
    0x4B, 0x4B, 0x4B, 0x4B, 0x4B, 0x4B, 0x4B, 0x4B, 0x4B, 0x4B, 0x4B, 0x4B, 0x25, 0x25, 0x25, 0x25,
    0x25, 0x25, 0x4B, 0x4B, 0x4B, 0x25, 0x25, 0x25, 0x25, 0x25, 0xDF, 0xDF, 0xDF, 0xDF, 0xDF, 0xDF,
    0xDF, 0xDF, 0xDF, 0xDF, 0xDF, 0xDF, 0xDF, 0xDF, 0xDF, 0xDF, 0x25, 0x25, 0x4B, 0x25, 0x25, 0x4B,
    0x4B, 0x4B, 0x4B, 0x4B, 0x4B, 0x4B, 0x25, 0x4B, 0x4B, 0x4B, 0x4B, 0x4B, 0x4B, 0x25, 0x4B, 0x4B,
    0x4B, 0x4B, 0x4B, 0x4B, 0x4B, 0x25, 0x4B, 0x4B, 0x4B, 0x4B, 0x4B, 0x4B, 0x4B, 0x4B, 0x4B, 0x4B,
    0x4B, 0x4B, 0x4B, 0x4B, 0x4B, 0x25, 0x25, 0x4B, 0x4B, 0x25, 0x25, 0xDF, 0xDF, 0xDF, 0xDF, 0xDF,
    0xDF, 0xDF, 0xDF, 0xDF, 0xDF, 0xDF, 0xDF, 0xDF, 0xDF, 0x25, 0x4B, 0x4B, 0x4B, 0x25, 0x4B, 0x4B,
    0x4B, 0x4B, 0x4B, 0x25, 0x25, 0x25, 0x4B, 0x4B, 0x4B, 0x4B, 0x4B, 0x4B, 0x4B, 0x25, 0x25, 0x25,
    0x25, 0x25, 0x4B, 0x4B, 0x25, 0x4B, 0x4B, 0x4B, 0x4B, 0x4B, 0x4B, 0x4B, 0x4B, 0x4B, 0x4B, 0x4B,
    0x4B, 0x4B, 0x4B, 0x4B, 0x4B, 0x25, 0x25, 0x4B, 0x4B, 0x4B, 0x25, 0xDF, 0xDF, 0xDF, 0xDF, 0xDF,
    0xDF, 0xDF, 0xDF, 0xDF, 0xDF, 0xDF, 0xDF, 0xDF, 0xDF, 0x25, 0x4B, 0x4B, 0x4B, 0x25, 0x4B, 0x4B,
    0x4B, 0x4B, 0x25, 0x4B, 0x4B, 0x4B, 0x4B, 0x4B, 0x4B, 0x4B, 0x4B, 0x4B, 0x4B, 0x25, 0x4B, 0x4B,
    0x4B, 0x4B, 0x25, 0x25, 0x25, 0x4B, 0x4B, 0x4B, 0x4B, 0x4B, 0x4B, 0x4B, 0x25, 0x25, 0x25, 0x25,
    0x4B, 0x4B, 0x4B, 0x4B, 0x4B, 0x4B, 0x25, 0x4B, 0x4B, 0x4B, 0x25, 0x25, 0xDF, 0xDF, 0xDF, 0xDF,
    0xDF, 0xDF, 0xDF, 0xDF, 0xDF, 0xDF, 0xDF, 0xDF, 0xDF, 0x25, 0x4B, 0x4B, 0x4B, 0x25, 0x4B, 0x4B,
    0x4B, 0x4B, 0x4B, 0x4B, 0x4B, 0x4B, 0x4B, 0x4B, 0x4B, 0x25, 0x4B, 0x4B, 0x25, 0x4B, 0x4B, 0x4B,
    0x4B, 0x4B, 0x4B, 0x4B, 0x25, 0x4B, 0x4B, 0x4B, 0x4B, 0x4B, 0x4B, 0x4B, 0x4B, 0x4B, 0x4B, 0x25,
    0x25, 0x25, 0x4B, 0x4B, 0x4B, 0x4B, 0x25, 0x4B, 0x4B, 0x4B, 0x4B, 0x25, 0xDF, 0xDF, 0xDF, 0xDF,
    0xDF, 0xDF, 0xDF, 0xDF, 0xDF, 0xDF, 0xDF, 0xDF, 0xDF, 0x25, 0x4B, 0x4B, 0x4B, 0x25, 0x4B, 0x4B,
    0x4B, 0x4B, 0x4B, 0x4B, 0x4B, 0x4B, 0x4B, 0x4B, 0x25, 0x53, 0x25, 0x4B, 0x4B, 0x4B, 0x4B, 0x4B,
    0x4B, 0x4B, 0x4B, 0x4B, 0x4B, 0x25, 0x4B, 0x4B, 0x4B, 0x4B, 0x4B, 0x4B, 0x4B, 0x4B, 0x4B, 0x4B,
    0x4B, 0x4B, 0x4B, 0x4B, 0x4B, 0x4B, 0x25, 0x4B, 0x4B, 0x4B, 0x4B, 0x25, 0xDF, 0xDF, 0xDF, 0xDF,
    0xDF, 0xDF, 0xDF, 0xDF, 0xDF, 0xDF, 0xDF, 0xDF, 0xDF, 0x25, 0x4B, 0x4B, 0x4B, 0x25, 0x4B, 0x4B,
    0x4B, 0x4B, 0x4B, 0x4B, 0x4B, 0x4B, 0x4B, 0x4B, 0x4B, 0x25, 0x4B, 0x4B, 0x4B, 0x4B, 0x4B, 0x4B,
    0x4B, 0x4B, 0x4B, 0x4B, 0x4B, 0x4B, 0x4B, 0x4B, 0x4B, 0x4B, 0x4B, 0x4B, 0x4B, 0x4B, 0x4B, 0x4B,
    0x4B, 0x4B, 0x4B, 0x4B, 0x4B, 0x4B, 0x25, 0x4B, 0x4B, 0x4B, 0x25, 0x25, 0xDF, 0xDF, 0xDF, 0xDF,
    0xDF, 0xDF, 0xDF, 0xDF, 0xDF, 0xDF, 0xDF, 0xDF, 0xDF, 0x25, 0x25, 0x4B, 0x4B, 0x25, 0x4B, 0x4B,
    0x4B, 0x4B, 0x4B, 0x4B, 0x4B, 0x4B, 0x4B, 0x4B, 0x4B, 0x4B, 0x4B, 0x4B, 0x4B, 0x4B, 0x4B, 0x4B,
    0x4B, 0x4B, 0x4B, 0x4B, 0x4B, 0x4B, 0x4B, 0x4B, 0x4B, 0x4B, 0x4B, 0x4B, 0x4B, 0x4B, 0x4B, 0x4B,
    0x4B, 0x4B, 0x4B, 0x4B, 0x4B, 0x4B, 0x25, 0x4B, 0x4B, 0x25, 0x25, 0xDF, 0xDF, 0xDF, 0xDF, 0xDF,
    0xDF, 0xDF, 0xDF, 0xDF, 0xDF, 0xDF, 0xDF, 0xDF, 0xDF, 0xDF, 0x25, 0x25, 0x25, 0x25, 0x4B, 0x4B,
    0x4B, 0x4B, 0x4B, 0x4B, 0x4B, 0x4B, 0x4B, 0x4B, 0x4B, 0x4B, 0x4B, 0x4B, 0x4B, 0x4B, 0x4B, 0x4B,
    0x4B, 0x4B, 0x4B, 0x4B, 0x4B, 0x4B, 0x4B, 0x4B, 0x4B, 0x4B, 0x4B, 0x4B, 0x4B, 0x4B, 0x4B, 0x4B,
    0x4B, 0x4B, 0x4B, 0x4B, 0x4B, 0x4B, 0x25, 0x4B, 0x25, 0x25, 0xDF, 0xDF, 0xDF, 0xDF, 0xDF, 0xDF,
    0xDF, 0xDF, 0xDF, 0xDF, 0xDF, 0xDF, 0xDF, 0xDF, 0xDF, 0xDF, 0xDF, 0xDF, 0x25, 0x25, 0x4B, 0x4B,
    0x4B, 0x4B, 0x4B, 0x4B, 0x4B, 0x4B, 0x4B, 0x4B, 0x4B, 0x4B, 0x4B, 0x4B, 0x4B, 0x4B, 0x4B, 0x4B,
    0x4B, 0x4B, 0x4B, 0x4B, 0x4B, 0x4B, 0x4B, 0x4B, 0x4B, 0x4B, 0x4B, 0x4B, 0x4B, 0x4B, 0x4B, 0x4B,
    0x4B, 0x4B, 0x4B, 0x4B, 0x4B, 0x4B, 0x25, 0x25, 0xDF, 0xDF, 0xDF, 0xDF, 0xDF, 0xDF, 0xDF, 0xDF,
    0xDF, 0xDF, 0xDF, 0xDF, 0xDF, 0xDF, 0xDF, 0xDF, 0xDF, 0xDF, 0xDF, 0xDF, 0xDF, 0x25, 0x4B, 0x4B,
    0x4B, 0x4B, 0x4B, 0x4B, 0x4B, 0x4B, 0x4B, 0x4B, 0x4B, 0x4B, 0x4B, 0x4B, 0x4B, 0x4B, 0x4B, 0x4B,
    0x4B, 0x4B, 0x4B, 0x4B, 0x4B, 0x4B, 0x4B, 0x4B, 0x4B, 0x4B, 0x4B, 0x4B, 0x4B, 0x4B, 0x4B, 0x4B,
    0x4B, 0x4B, 0x4B, 0x4B, 0x4B, 0x4B, 0x25, 0xDF, 0xDF, 0xDF, 0xDF, 0xDF, 0xDF, 0xDF, 0xDF, 0xDF,
    0xDF, 0xDF, 0xDF, 0xDF, 0xDF, 0xDF, 0xDF, 0xDF, 0xDF, 0xDF, 0xDF, 0xDF, 0xDF, 0x25, 0x4B, 0x4B,
    0x4B, 0x4B, 0x4B, 0x4B, 0x4B, 0x4B, 0x4B, 0x4B, 0x4B, 0x4B, 0x4B, 0x4B, 0x4B, 0x4B, 0x4B, 0x4B,
    0x4B, 0x4B, 0x4B, 0x4B, 0x4B, 0x4B, 0x4B, 0x4B, 0x4B, 0x4B, 0x4B, 0x4B, 0x4B, 0x4B, 0x4B, 0x4B,
    0x4B, 0x4B, 0x4B, 0x4B, 0x4B, 0x4B, 0x25, 0xDF, 0xDF, 0xDF, 0xDF, 0xDF, 0xDF, 0xDF, 0xDF, 0xDF,
    0xDF, 0xDF, 0xDF, 0xDF, 0xDF, 0xDF, 0xDF, 0xDF, 0xDF, 0xDF, 0xDF, 0xDF, 0xDF, 0x25, 0x4B, 0x4B,
    0x4B, 0x4B, 0x4B, 0x4B, 0x4B, 0x4B, 0x4B, 0x4B, 0x4B, 0x4B, 0x4B, 0x4B, 0x4B, 0x4B, 0x4B, 0x4B,
    0x4B, 0x4B, 0x4B, 0x4B, 0x4B, 0x4B, 0x4B, 0x4B, 0x4B, 0x4B, 0x4B, 0x4B, 0x4B, 0x4B, 0x4B, 0x4B,
    0x4B, 0x4B, 0x4B, 0x4B, 0x4B, 0x4B, 0x25, 0xDF, 0xDF, 0xDF, 0xDF, 0xDF, 0xDF, 0xDF, 0xDF, 0xDF,
    0xDF, 0xDF, 0xDF, 0xDF, 0xDF, 0xDF, 0xDF, 0xDF, 0xDF, 0xDF, 0xDF, 0xDF, 0xDF, 0x25, 0x25, 0x4B,
    0x4B, 0x4B, 0x4B, 0x4B, 0x4B, 0x4B, 0x4B, 0x4B, 0x4B, 0x4B, 0x4B, 0x4B, 0x4B, 0x4B, 0x4B, 0x4B,
    0x4B, 0x4B, 0x4B, 0x4B, 0x4B, 0x4B, 0x4B, 0x4B, 0x4B, 0x4B, 0x4B, 0x4B, 0x4B, 0x4B, 0x4B, 0x4B,
    0x4B, 0x4B, 0x4B, 0x4B, 0x4B, 0x25, 0xDF, 0xDF, 0xDF, 0xDF, 0xDF, 0xDF, 0xDF, 0xDF, 0xDF, 0xDF,
    0xDF, 0xDF, 0xDF, 0xDF, 0xDF, 0xDF, 0xDF, 0xDF, 0xDF, 0xDF, 0xDF, 0xDF, 0xDF, 0xDF, 0x25, 0x4B,
    0x4B, 0x4B, 0x4B, 0x4B, 0x4B, 0x4B, 0x4B, 0x4B, 0x4B, 0x4B, 0x4B, 0x4B, 0x4B, 0x4B, 0x4B, 0x4B,
    0x4B, 0x4B, 0x4B, 0x4B, 0x4B, 0x4B, 0x4B, 0x4B, 0x4B, 0x4B, 0x4B, 0x4B, 0x4B, 0x4B, 0x4B, 0x4B,
    0x4B, 0x4B, 0x4B, 0x4B, 0x4B, 0x25, 0xDF, 0xDF, 0xDF, 0xDF, 0xDF, 0xDF, 0xDF, 0xDF, 0xDF, 0xDF,
    0xDF, 0xDF, 0xDF, 0xDF, 0xDF, 0xDF, 0xDF, 0xDF, 0xDF, 0xDF, 0xDF, 0xDF, 0xDF, 0xDF, 0x25, 0x4B,
    0x4B, 0x4B, 0x4B, 0x4B, 0x4B, 0x4B, 0x4B, 0x4B, 0x4B, 0x4B, 0x4B, 0x4B, 0x4B, 0x4B, 0x4B, 0x4B,
    0x4B, 0x4B, 0x4B, 0x4B, 0x4B, 0x4B, 0x4B, 0x4B, 0x4B, 0x4B, 0x4B, 0x4B, 0x4B, 0x4B, 0x4B, 0x4B,
    0x4B, 0x4B, 0x4B, 0x4B, 0x25, 0x25, 0xDF, 0xDF, 0xDF, 0xDF, 0xDF, 0xDF, 0xDF, 0xDF, 0xDF, 0xDF,
    0xDF, 0xDF, 0xDF, 0xDF, 0xDF, 0xDF, 0xDF, 0xDF, 0xDF, 0xDF, 0xDF, 0xDF, 0xDF, 0xDF, 0xDF, 0x25,
    0x4B, 0x4B, 0x4B, 0x4B, 0x4B, 0x4B, 0x4B, 0x4B, 0x4B, 0x4B, 0x4B, 0x4B, 0x4B, 0x4B, 0x4B, 0x4B,
    0x4B, 0x4B, 0x4B, 0x4B, 0x4B, 0x4B, 0x4B, 0x4B, 0x4B, 0x4B, 0x4B, 0x4B, 0x4B, 0x4B, 0x4B, 0x4B,
    0x4B, 0x4B, 0x4B, 0x4B, 0x25, 0xDF, 0xDF, 0xDF, 0xDF, 0xDF, 0xDF, 0xDF, 0xDF, 0xDF, 0xDF, 0xDF,
    0xDF, 0xDF, 0xDF, 0xDF, 0xDF, 0xDF, 0xDF, 0xDF, 0xDF, 0xDF, 0xDF, 0xDF, 0xDF, 0xDF, 0xDF, 0x25,
    0x4B, 0x4B, 0x4B, 0x4B, 0x4B, 0x4B, 0x4B, 0x4B, 0x4B, 0x4B, 0x4B, 0x4B, 0x4B, 0x4B, 0x4B, 0x4B,
    0x4B, 0x4B, 0x4B, 0x4B, 0x4B, 0x4B, 0x4B, 0x4B, 0x4B, 0x4B, 0x4B, 0x4B, 0x4B, 0x4B, 0x4B, 0x4B,
    0x4B, 0x4B, 0x4B, 0x25, 0x25, 0xDF, 0xDF, 0xDF, 0xDF, 0xDF, 0xDF, 0xDF, 0xDF, 0xDF, 0xDF, 0xDF,
    0xDF, 0xDF, 0xDF, 0xDF, 0xDF, 0xDF, 0xDF, 0xDF, 0xDF, 0xDF, 0xDF, 0xDF, 0xDF, 0xDF, 0xDF, 0xDF,
    0x25, 0x4B, 0x4B, 0x4B, 0x4B, 0x4B, 0x4B, 0x4B, 0x4B, 0x4B, 0x4B, 0x4B, 0x4B, 0x4B, 0x4B, 0x4B,
    0x4B, 0x4B, 0x4B, 0x4B, 0x4B, 0x4B, 0x4B, 0x4B, 0x4B, 0x4B, 0x4B, 0x4B, 0x4B, 0x4B, 0x4B, 0x4B,
    0x4B, 0x4B, 0x4B, 0x25, 0xDF, 0xDF, 0xDF, 0xDF, 0xDF, 0xDF, 0xDF, 0xDF, 0xDF, 0xDF, 0xDF, 0xDF,
    0xDF, 0xDF, 0xDF, 0xDF, 0xDF, 0xDF, 0xDF, 0xDF, 0xDF, 0xDF, 0xDF, 0xDF, 0xDF, 0xDF, 0xDF, 0xDF,
    0x25, 0x25, 0x4B, 0x4B, 0x4B, 0x4B, 0x4B, 0x4B, 0x4B, 0x4B, 0x4B, 0x4B, 0x4B, 0x4B, 0x4B, 0x4B,
    0x4B, 0x4B, 0x4B, 0x4B, 0x4B, 0x4B, 0x4B, 0x4B, 0x4B, 0x4B, 0x4B, 0x4B, 0x4B, 0x4B, 0x4B, 0x4B,
    0x4B, 0x25, 0x25, 0xDF, 0xDF, 0xDF, 0xDF, 0xDF, 0xDF, 0xDF, 0xDF, 0xDF, 0xDF, 0xDF, 0xDF, 0xDF,
    0xDF, 0xDF, 0xDF, 0xDF, 0xDF, 0xDF, 0xDF, 0xDF, 0xDF, 0xDF, 0xDF, 0xDF, 0xDF, 0xDF, 0xDF, 0xDF,
    0xDF, 0x25, 0x25, 0x4B, 0x4B, 0x4B, 0x4B, 0x4B, 0x4B, 0x4B, 0x4B, 0x4B, 0x4B, 0x4B, 0x4B, 0x4B,
    0x4B, 0x4B, 0x4B, 0x4B, 0x4B, 0x4B, 0x4B, 0x4B, 0x4B, 0x4B, 0x4B, 0x4B, 0x4B, 0x4B, 0x4B, 0x4B,
    0x25, 0x25, 0x25, 0xDF, 0xDF, 0xDF, 0xDF, 0xDF, 0xDF, 0xDF, 0xDF, 0xDF, 0xDF, 0xDF, 0xDF, 0xDF,
    0xDF, 0xDF, 0xDF, 0xDF, 0xDF, 0xDF, 0xDF, 0xDF, 0xDF, 0xDF, 0xDF, 0xDF, 0xDF, 0xDF, 0xDF, 0xDF,
    0xDF, 0xDF, 0x25, 0x25, 0x4B, 0x4B, 0x4B, 0x4B, 0x4B, 0x4B, 0x4B, 0x4B, 0x4B, 0x4B, 0x4B, 0x4B,
    0x4B, 0x4B, 0x4B, 0x4B, 0x4B, 0x4B, 0x4B, 0x4B, 0x4B, 0x4B, 0x4B, 0x4B, 0x4B, 0x4B, 0x25, 0x25,
    0x25, 0x4B, 0x25, 0xDF, 0xDF, 0xDF, 0xDF, 0xDF, 0xDF, 0xDF, 0xDF, 0xDF, 0xDF, 0xDF, 0xDF, 0xDF,
    0xDF, 0xDF, 0xDF, 0xDF, 0xDF, 0xDF, 0xDF, 0xDF, 0xDF, 0xDF, 0xDF, 0xDF, 0xDF, 0xDF, 0xDF, 0xDF,
    0xDF, 0xDF, 0xDF, 0x25, 0x25, 0x25, 0x4B, 0x4B, 0x4B, 0x4B, 0x4B, 0x4B, 0x4B, 0x4B, 0x4B, 0x4B,
    0x4B, 0x4B, 0x4B, 0x4B, 0x4B, 0x4B, 0x4B, 0x4B, 0x4B, 0x4B, 0x4B, 0x4B, 0x25, 0x25, 0x25, 0x4B,
    0x4B, 0x4B, 0x25, 0xDF, 0xDF, 0xDF, 0xDF, 0xDF, 0xDF, 0xDF, 0xDF, 0xDF, 0xDF, 0xDF, 0xDF, 0xDF,
    0xDF, 0xDF, 0xDF, 0xDF, 0xDF, 0xDF, 0xDF, 0xDF, 0xDF, 0xDF, 0xDF, 0xDF, 0xDF, 0xDF, 0xDF, 0xDF,
    0xDF, 0xDF, 0xDF, 0x25, 0x4B, 0x25, 0x25, 0x25, 0x4B, 0x4B, 0x4B, 0x4B, 0x4B, 0x4B, 0x4B, 0x4B,
    0x4B, 0x4B, 0x4B, 0x4B, 0x4B, 0x4B, 0x4B, 0x4B, 0x4B, 0x4B, 0x25, 0x25, 0x25, 0x4B, 0x4B, 0x4B,
    0x4B, 0x4B, 0x25, 0xDF, 0xDF, 0xDF, 0xDF, 0xDF, 0xDF, 0xDF, 0xDF, 0xDF, 0xDF, 0xDF, 0xDF, 0xDF,
    0xDF, 0xDF, 0xDF, 0xDF, 0xDF, 0xDF, 0xDF, 0xDF, 0xDF, 0xDF, 0xDF, 0xDF, 0xDF, 0xDF, 0xDF, 0xDF,
    0xDF, 0xDF, 0xDF, 0x25, 0x4B, 0x4B, 0x4B, 0x25, 0x25, 0x25, 0x25, 0x25, 0x25, 0x25, 0x25, 0x25,
    0x25, 0x25, 0x25, 0x25, 0x25, 0x25, 0x25, 0x25, 0x25, 0x25, 0x25, 0x4B, 0x4B, 0x4B, 0x4B, 0x4B,
    0x4B, 0x4B, 0x25, 0xDF, 0xDF, 0xDF, 0xDF, 0xDF, 0xDF, 0xDF, 0xDF, 0xDF, 0xDF, 0xDF, 0xDF, 0xDF,
    0xDF, 0xDF, 0xDF, 0xDF, 0xDF, 0xDF, 0xDF, 0xDF, 0xDF, 0xDF, 0xDF, 0xDF, 0xDF, 0xDF, 0xDF, 0xDF,
    0xDF, 0xDF, 0xDF, 0x25, 0x4B, 0x4B, 0x4B, 0x4B, 0x4B, 0x4B, 0x4B, 0x4B, 0x4B, 0x4B, 0x4B, 0x25,
    0xDF, 0xDF, 0xDF, 0xDF, 0xDF, 0xDF, 0xDF, 0x25, 0x4B, 0x4B, 0x4B, 0x4B, 0x4B, 0x4B, 0x4B, 0x4B,
    0x4B, 0x4B, 0x25, 0xDF, 0xDF, 0xDF, 0xDF, 0xDF, 0xDF, 0xDF, 0xDF, 0xDF, 0xDF, 0xDF, 0xDF, 0xDF,
    0xDF, 0xDF, 0xDF, 0xDF, 0xDF, 0xDF, 0xDF, 0xDF, 0xDF, 0xDF, 0xDF, 0xDF, 0xDF, 0xDF, 0xDF, 0xDF,
    0xDF, 0xDF, 0xDF, 0x25, 0x25, 0x4B, 0x4B, 0x4B, 0x4B, 0x4B, 0x4B, 0x4B, 0x4B, 0x4B, 0x25, 0xDF,
    0xDF, 0xDF, 0xDF, 0xDF, 0xDF, 0xDF, 0xDF, 0x25, 0x4B, 0x4B, 0x4B, 0x4B, 0x4B, 0x4B, 0x4B, 0x4B,
    0x4B, 0x4B, 0x25, 0xDF, 0xDF, 0xDF, 0xDF, 0xDF, 0xDF, 0xDF, 0xDF, 0xDF, 0xDF, 0xDF, 0xDF, 0xDF,
    0xDF, 0xDF, 0xDF, 0xDF, 0xDF, 0xDF, 0xDF, 0xDF, 0xDF, 0xDF, 0xDF, 0xDF, 0xDF, 0xDF, 0xDF, 0xDF,
    0xDF, 0xDF, 0xDF, 0xDF, 0x25, 0x4B, 0x4B, 0x4B, 0x4B, 0x4B, 0x4B, 0x4B, 0x25, 0x25, 0x25, 0xDF,
    0xDF, 0xDF, 0xDF, 0xDF, 0xDF, 0xDF, 0xDF, 0xDF, 0x25, 0x4B, 0x4B, 0x4B, 0x4B, 0x4B, 0x4B, 0x4B,
    0x4B, 0x25, 0x25, 0xDF, 0xDF, 0xDF, 0xDF, 0xDF, 0xDF, 0xDF, 0xDF, 0xDF, 0xDF, 0xDF, 0xDF, 0xDF,
    0xDF, 0xDF, 0xDF, 0xDF, 0xDF, 0xDF, 0xDF, 0xDF, 0xDF, 0xDF, 0xDF, 0xDF, 0xDF, 0xDF, 0xDF, 0xDF,
    0xDF, 0xDF, 0xDF, 0xDF, 0x25, 0x25, 0x4B, 0x4B, 0x4B, 0x4B, 0x4B, 0x25, 0x25, 0xDF, 0xDF, 0xDF,
    0xDF, 0xDF, 0xDF, 0xDF, 0xDF, 0xDF, 0xDF, 0xDF, 0x25, 0x25, 0x25, 0x4B, 0x4B, 0x4B, 0x4B, 0x4B,
    0x25, 0x25, 0xDF, 0xDF, 0xDF, 0xDF, 0xDF, 0xDF, 0xDF, 0xDF, 0xDF, 0xDF, 0xDF, 0xDF, 0xDF, 0xDF,
    0xDF, 0xDF, 0xDF, 0xDF, 0xDF, 0xDF, 0xDF, 0xDF, 0xDF, 0xDF, 0xDF, 0xDF, 0xDF, 0xDF, 0xDF, 0xDF,
    0xDF, 0xDF, 0xDF, 0xDF, 0xDF, 0x25, 0x25, 0x25, 0x25, 0x25, 0x25, 0xDF, 0xDF, 0xDF, 0xDF, 0xDF,
    0xDF, 0xDF, 0xDF, 0xDF, 0xDF, 0xDF, 0xDF, 0xDF, 0xDF, 0xDF, 0x25, 0x25, 0x25, 0x25, 0x25, 0x25,
    0x25, 0xDF, 0xDF, 0xDF, 0xDF, 0xDF, 0xDF, 0xDF, 0xDF, 0xDF, 0xDF, 0xDF, 0xDF, 0xDF, 0xDF, 0xDF,
    0xDF, 0xDF, 0xDF, 0xDF, 0xDF, 0xDF, 0xDF, 0xDF, 0xDF, 0xDF, 0xDF, 0xDF, 0xDF, 0xDF, 0xDF, 0xDF,
    0xDF, 0xDF, 0xDF, 0xDF, 0xDF, 0xDF, 0xDF, 0xDF, 0xDF, 0xDF, 0xDF, 0xDF, 0xDF, 0xDF, 0xDF, 0xDF,
    0xDF, 0xDF, 0xDF, 0xDF, 0xDF, 0xDF, 0xDF, 0xDF, 0xDF, 0xDF, 0xDF, 0xDF, 0xDF, 0xDF, 0xDF, 0xDF,
    0xDF, 0xDF, 0xDF, 0xDF, 0xDF, 0xDF, 0xDF, 0xDF, 0xDF, 0xDF, 0xDF, 0xDF, 0xDF, 0xDF, 0xDF, 0xDF,
    0xDF, 0xDF, 0xDF, 0xDF, 0xDF, 0xDF, 0xDF, 0xDF, 0xDF, 0xDF, 0xDF, 0xDF, 0xDF, 0xDF, 0xDF, 0xDF,
    0xDF, 0xDF, 0xDF, 0xDF, 0xDF, 0xDF, 0xDF, 0xDF, 0xDF, 0xDF, 0xDF, 0xDF, 0xDF, 0xDF, 0xDF, 0xDF,
    0xDF, 0xDF, 0xDF, 0xDF, 0xDF, 0xDF, 0xDF, 0xDF, 0xDF, 0xDF, 0xDF, 0xDF, 0xDF, 0xDF, 0xDF, 0xDF,
    0xDF, 0xDF, 0xDF, 0xDF, 0xDF, 0xDF, 0xDF, 0xDF, 0xDF, 0xDF, 0xDF, 0xDF, 0xDF, 0xDF, 0xDF, 0xDF,
    0xDF, 0xDF, 0xDF, 0xDF, 0xDF, 0xDF, 0xDF, 0xDF, 0xDF, 0xDF, 0xDF, 0xDF, 0xDF, 0xDF, 0xDF, 0xDF,
    0xDF, 0xDF, 0xDF, 0xDF, 0xDF, 0xDF, 0xDF, 0xDF, 0xDF, 0xDF, 0xDF, 0xDF, 0xDF, 0xDF, 0xDF, 0xDF,
    0xDF, 0xDF, 0xDF, 0xDF, 0xDF, 0xDF, 0xDF, 0xDF, 0xDF, 0xDF, 0xDF, 0xDF, 0xDF, 0xDF, 0xDF, 0xDF,
    0xDF, 0xDF, 0xDF, 0xDF, 0xDF, 0xDF, 0xDF, 0xDF, 0xDF, 0xDF, 0xDF, 0xDF, 0xDF, 0xDF, 0xDF, 0xDF,
    0xDF, 0xDF, 0xDF, 0xDF, 0xDF, 0xDF, 0xDF, 0xDF, 0xDF, 0xDF, 0xDF, 0xDF, 0xDF, 0xDF, 0xDF, 0xDF,
    0xDF, 0xDF, 0xDF, 0xDF, 0xDF, 0xDF, 0xDF, 0xDF, 0xDF, 0xDF, 0xDF, 0xDF, 0xDF, 0xDF, 0xDF, 0xDF,
    0xDF, 0xDF, 0xDF, 0xDF, 0xDF, 0xDF, 0xDF, 0xDF, 0xDF, 0xDF, 0xDF, 0xDF, 0xDF, 0xDF, 0xDF, 0xDF,
    0xDF, 0xDF, 0xDF, 0xDF, 0xDF, 0xDF, 0xDF, 0xDF, 0xDF, 0xDF, 0xDF, 0xDF, 0xDF, 0xDF, 0xDF, 0xDF,
    0xDF, 0xDF, 0xDF, 0xDF, 0xDF, 0xDF, 0xDF, 0xDF, 0xDF, 0xDF, 0xDF, 0xDF, 0xDF, 0xDF, 0xDF, 0xDF,
    0xDF, 0xDF, 0xDF, 0xDF, 0xDF, 0xDF, 0xDF, 0xDF, 0xDF, 0xDF, 0xDF, 0xDF, 0xDF, 0xDF, 0xDF, 0xDF,
    0xDF, 0xDF, 0xDF, 0xDF, 0xDF, 0xDF, 0xDF, 0xDF, 0xDF, 0xDF, 0xDF, 0xDF, 0xDF, 0xDF, 0xDF, 0xDF,
    0xDF, 0xDF, 0xDF, 0xDF, 0xDF, 0xDF, 0xDF, 0xDF, 0xDF, 0xDF, 0xDF, 0xDF, 0xDF, 0xDF, 0xDF, 0xDF,
    0xDF, 0xDF, 0xDF, 0xDF, 0xDF, 0xDF, 0xDF, 0xDF, 0xDF, 0xDF, 0xDF, 0xDF, 0xDF, 0xDF, 0xDF, 0xDF,
    0xDF, 0xDF, 0xDF, 0xDF, 0xDF, 0xDF, 0xDF, 0xDF, 0xDF, 0xDF, 0xDF, 0xDF, 0xDF, 0xDF, 0xDF, 0xDF,
    0xDF, 0xDF, 0xDF, 0xDF, 0xDF, 0xDF, 0xDF, 0xDF, 0xDF, 0xDF, 0xDF, 0xDF, 0xDF, 0xDF, 0xDF, 0xDF,
    0xDF, 0xDF, 0xDF, 0xDF, 0xDF, 0xDF, 0xDF, 0xDF, 0xDF, 0xDF, 0xDF, 0xDF, 0xDF, 0xDF, 0xDF, 0xDF,
};

const uint8_t kEatSpriteFrame2[] PROGMEM = {
    0xDF, 0xDF, 0xDF, 0xDF, 0xDF, 0xDF, 0xDF, 0xDF, 0xDF, 0xDF, 0xDF, 0xDF, 0xDF, 0xDF, 0xDF, 0xDF,
    0xDF, 0xDF, 0xDF, 0xDF, 0xDF, 0xDF, 0xDF, 0xDF, 0xDF, 0xDF, 0xDF, 0xDF, 0xDF, 0xDF, 0xDF, 0xDF,
    0xDF, 0xDF, 0xDF, 0xDF, 0xDF, 0xDF, 0xDF, 0xDF, 0xDF, 0xDF, 0xDF, 0xDF, 0xDF, 0xDF, 0xDF, 0xDF,
    0xDF, 0xDF, 0xDF, 0xDF, 0xDF, 0xDF, 0xDF, 0xDF, 0xDF, 0xDF, 0xDF, 0xDF, 0xDF, 0xDF, 0xDF, 0xDF,
    0xDF, 0xDF, 0xDF, 0xDF, 0xDF, 0xDF, 0xDF, 0xDF, 0xDF, 0xDF, 0xDF, 0xDF, 0xDF, 0xDF, 0xDF, 0xDF,
    0xDF, 0xDF, 0xDF, 0xDF, 0xDF, 0xDF, 0xDF, 0xDF, 0xDF, 0xDF, 0xDF, 0xDF, 0xDF, 0xDF, 0xDF, 0xDF,
    0xDF, 0xDF, 0xDF, 0xDF, 0xDF, 0xDF, 0xDF, 0xDF, 0xDF, 0xDF, 0xDF, 0xDF, 0xDF, 0xDF, 0xDF, 0xDF,
    0xDF, 0xDF, 0xDF, 0xDF, 0xDF, 0xDF, 0xDF, 0xDF, 0xDF, 0xDF, 0xDF, 0xDF, 0xDF, 0xDF, 0xDF, 0xDF,
    0xDF, 0xDF, 0xDF, 0xDF, 0xDF, 0xDF, 0xDF, 0xDF, 0xDF, 0xDF, 0xDF, 0xDF, 0xDF, 0xDF, 0xDF, 0xDF,
    0xDF, 0xDF, 0xDF, 0xDF, 0xDF, 0xDF, 0xDF, 0xDF, 0xDF, 0xDF, 0xDF, 0xDF, 0xDF, 0xDF, 0xDF, 0xDF,
    0xDF, 0xDF, 0xDF, 0xDF, 0xDF, 0xDF, 0xDF, 0xDF, 0xDF, 0xDF, 0xDF, 0xDF, 0xDF, 0xDF, 0xDF, 0xDF,
    0xDF, 0xDF, 0xDF, 0xDF, 0xDF, 0xDF, 0xDF, 0xDF, 0xDF, 0xDF, 0xDF, 0xDF, 0xDF, 0xDF, 0xDF, 0xDF,
    0xDF, 0xDF, 0xDF, 0xDF, 0xDF, 0xDF, 0xDF, 0xDF, 0xDF, 0xDF, 0xDF, 0xDF, 0xDF, 0xDF, 0xDF, 0xDF,
    0xDF, 0xDF, 0xDF, 0xDF, 0xDF, 0xDF, 0xDF, 0xDF, 0xDF, 0xDF, 0xDF, 0xDF, 0xDF, 0xDF, 0xDF, 0xDF,
    0xDF, 0xDF, 0xDF, 0xDF, 0xDF, 0xDF, 0xDF, 0xDF, 0xDF, 0xDF, 0xDF, 0xDF, 0xDF, 0xDF, 0xDF, 0xDF,
    0xDF, 0xDF, 0xDF, 0xDF, 0xDF, 0xDF, 0xDF, 0xDF, 0xDF, 0xDF, 0xDF, 0xDF, 0xDF, 0xDF, 0xDF, 0xDF,
    0xDF, 0xDF, 0xDF, 0xDF, 0xDF, 0xDF, 0xDF, 0xDF, 0xDF, 0xDF, 0xDF, 0xDF, 0xDF, 0xDF, 0xDF, 0xDF,
    0xDF, 0xDF, 0xDF, 0xDF, 0xDF, 0xDF, 0xDF, 0xDF, 0xDF, 0xDF, 0xDF, 0xDF, 0xDF, 0xDF, 0xDF, 0xDF,
    0xDF, 0xDF, 0xDF, 0xDF, 0xDF, 0xDF, 0xDF, 0xDF, 0xDF, 0xDF, 0xDF, 0xDF, 0xDF, 0xDF, 0xDF, 0xDF,
    0xDF, 0xDF, 0xDF, 0xDF, 0xDF, 0xDF, 0xDF, 0xDF, 0xDF, 0xDF, 0xDF, 0xDF, 0xDF, 0xDF, 0xDF, 0xDF,
    0xDF, 0xDF, 0xDF, 0xDF, 0xDF, 0xDF, 0xDF, 0xDF, 0xDF, 0xDF, 0xDF, 0xDF, 0xDF, 0xDF, 0xDF, 0xDF,
    0xDF, 0xDF, 0xDF, 0xDF, 0xDF, 0xDF, 0xDF, 0xDF, 0xDF, 0xDF, 0xDF, 0xDF, 0xDF, 0xDF, 0xDF, 0xDF,
    0xDF, 0xDF, 0xDF, 0xDF, 0xDF, 0xDF, 0xDF, 0xDF, 0xDF, 0xDF, 0xDF, 0xDF, 0xDF, 0xDF, 0xDF, 0xDF,
    0xDF, 0xDF, 0xDF, 0xDF, 0xDF, 0xDF, 0xDF, 0xDF, 0xDF, 0xDF, 0xDF, 0xDF, 0xDF, 0xDF, 0xDF, 0xDF,
    0xDF, 0xDF, 0xDF, 0xDF, 0xDF, 0xDF, 0xDF, 0xDF, 0xDF, 0xDF, 0xDF, 0xDF, 0xDF, 0xDF, 0xDF, 0xDF,
    0xDF, 0xDF, 0xDF, 0xDF, 0xDF, 0xDF, 0xDF, 0xDF, 0xDF, 0xDF, 0xDF, 0xDF, 0xDF, 0xDF, 0xDF, 0xDF,
    0xDF, 0xDF, 0xDF, 0xDF, 0xDF, 0xDF, 0xDF, 0xDF, 0xDF, 0xDF, 0xDF, 0xDF, 0xDF, 0xDF, 0xDF, 0xDF,
    0xDF, 0xDF, 0xDF, 0xDF, 0xDF, 0xDF, 0xDF, 0xDF, 0xDF, 0xDF, 0xDF, 0xDF, 0xDF, 0xDF, 0xDF, 0xDF,
    0xDF, 0xDF, 0xDF, 0xDF, 0xDF, 0xDF, 0xDF, 0xDF, 0xDF, 0xDF, 0xDF, 0xDF, 0xDF, 0xDF, 0xDF, 0xDF,
    0xDF, 0xDF, 0xDF, 0xDF, 0xDF, 0xDF, 0xDF, 0xDF, 0xDF, 0xDF, 0xDF, 0xDF, 0xDF, 0xDF, 0xDF, 0xDF,
    0xDF, 0xDF, 0xDF, 0xDF, 0xDF, 0xDF, 0xDF, 0xDF, 0xDF, 0xDF, 0xDF, 0xDF, 0xDF, 0xDF, 0xDF, 0xDF,
    0xDF, 0xDF, 0xDF, 0xDF, 0xDF, 0xDF, 0xDF, 0xDF, 0xDF, 0xDF, 0xDF, 0xDF, 0xDF, 0xDF, 0xDF, 0xDF,
    0xDF, 0xDF, 0xDF, 0xDF, 0xDF, 0xDF, 0xDF, 0xDF, 0xDF, 0xDF, 0xDF, 0xDF, 0xDF, 0xDF, 0xDF, 0xDF,
    0xDF, 0xDF, 0xDF, 0xDF, 0xDF, 0xDF, 0xDF, 0xDF, 0xDF, 0xDF, 0xDF, 0xDF, 0xDF, 0xDF, 0xDF, 0xDF,
    0xDF, 0xDF, 0xDF, 0xDF, 0xDF, 0xDF, 0xDF, 0xDF, 0xDF, 0xDF, 0xDF, 0xDF, 0xDF, 0xDF, 0xDF, 0xDF,
    0xDF, 0xDF, 0xDF, 0xDF, 0xDF, 0xDF, 0xDF, 0xDF, 0xDF, 0xDF, 0xDF, 0xDF, 0xDF, 0xDF, 0xDF, 0xDF,
    0xDF, 0xDF, 0xDF, 0xDF, 0xDF, 0xDF, 0xDF, 0xDF, 0xDF, 0xDF, 0xDF, 0xDF, 0xDF, 0xDF, 0xDF, 0xDF,
    0xDF, 0xDF, 0xDF, 0xDF, 0xDF, 0xDF, 0xDF, 0xDF, 0xDF, 0xDF, 0xDF, 0xDF, 0xDF, 0xDF, 0xDF, 0xDF,
    0x25, 0x25, 0xDF, 0xDF, 0xDF, 0xDF, 0xDF, 0xDF, 0xDF, 0xDF, 0xDF, 0xDF, 0xDF, 0xDF, 0xDF, 0xDF,
    0xDF, 0xDF, 0xDF, 0xDF, 0xDF, 0xDF, 0xDF, 0xDF, 0xDF, 0xDF, 0xDF, 0xDF, 0xDF, 0xDF, 0xDF, 0xDF,
    0xDF, 0xDF, 0xDF, 0xDF, 0xDF, 0xDF, 0xDF, 0xDF, 0xDF, 0xDF, 0xDF, 0xDF, 0xDF, 0xDF, 0xDF, 0xDF,
    0xDF, 0xDF, 0xDF, 0xDF, 0xDF, 0xDF, 0xDF, 0xDF, 0xDF, 0xDF, 0xDF, 0xDF, 0xDF, 0xDF, 0xDF, 0x25,
    0x4B, 0x25, 0x25, 0xDF, 0xDF, 0xDF, 0xDF, 0xDF, 0xDF, 0xDF, 0xDF, 0x25, 0x25, 0xDF, 0xDF, 0xDF,
    0xDF, 0xDF, 0xDF, 0xDF, 0xDF, 0xDF, 0xDF, 0xDF, 0xDF, 0xDF, 0xDF, 0xDF, 0xDF, 0xDF, 0xDF, 0xDF,
    0xDF, 0xDF, 0xDF, 0xDF, 0xDF, 0xDF, 0xDF, 0xDF, 0xDF, 0xDF, 0xDF, 0xDF, 0xDF, 0xDF, 0xDF, 0xDF,
    0xDF, 0xDF, 0xDF, 0xDF, 0xDF, 0xDF, 0xDF, 0xDF, 0xDF, 0xDF, 0xDF, 0xDF, 0xDF, 0xDF, 0x25, 0x25,
    0x4B, 0x4B, 0x25, 0x25, 0x25, 0xDF, 0xDF, 0xDF, 0xDF, 0xDF, 0x25, 0x25, 0x4B, 0x25, 0xDF, 0xDF,
    0xDF, 0xDF, 0xDF, 0xDF, 0xDF, 0xDF, 0xDF, 0xDF, 0xDF, 0xDF, 0xDF, 0xDF, 0xDF, 0xDF, 0xDF, 0xDF,
    0xDF, 0xDF, 0xDF, 0xDF, 0xDF, 0xDF, 0xDF, 0xDF, 0xDF, 0xDF, 0xDF, 0xDF, 0xDF, 0xDF, 0xDF, 0xDF,
    0xDF, 0xDF, 0xDF, 0xDF, 0xDF, 0xDF, 0xDF, 0xDF, 0xDF, 0xDF, 0xDF, 0xDF, 0xDF, 0x25, 0x25, 0x4B,
    0x4B, 0x4B, 0x25, 0x51, 0x25, 0x25, 0xDF, 0x25, 0x25, 0xDF, 0x25, 0x4B, 0x4B, 0x25, 0xDF, 0xDF,
    0xDF, 0xDF, 0xDF, 0xDF, 0xDF, 0xDF, 0xDF, 0xDF, 0xDF, 0xDF, 0xDF, 0xDF, 0xDF, 0xDF, 0xDF, 0xDF,
    0xDF, 0xDF, 0xDF, 0xDF, 0xDF, 0xDF, 0xDF, 0xDF, 0xDF, 0xDF, 0xDF, 0xDF, 0xDF, 0xDF, 0xDF, 0xDF,
    0xDF, 0xDF, 0xDF, 0xDF, 0xDF, 0xDF, 0xDF, 0xDF, 0xDF, 0xDF, 0xDF, 0xDF, 0xDF, 0x25, 0x4B, 0x4B,
    0x4B, 0x4B, 0x25, 0x25, 0x51, 0x25, 0x25, 0x25, 0x25, 0x25, 0x4B, 0x4B, 0x4B, 0x25, 0x25, 0xDF,
    0xDF, 0xDF, 0xDF, 0xDF, 0xDF, 0xDF, 0xDF, 0xDF, 0xDF, 0xDF, 0xDF, 0xDF, 0xDF, 0xDF, 0xDF, 0xDF,
    0xDF, 0xDF, 0xDF, 0xDF, 0xDF, 0xDF, 0xDF, 0xDF, 0xDF, 0xDF, 0xDF, 0xDF, 0xDF, 0xDF, 0xDF, 0xDF,
    0xDF, 0xDF, 0xDF, 0xDF, 0xDF, 0xDF, 0xDF, 0xDF, 0xDF, 0xDF, 0xDF, 0xDF, 0x25, 0x4B, 0x4B, 0x4B,
    0x4B, 0x4B, 0x4B, 0x25, 0x51, 0x51, 0x51, 0x25, 0x25, 0x4B, 0x4B, 0x4B, 0x4B, 0x4B, 0x25, 0xDF,
    0xDF, 0xDF, 0xDF, 0xDF, 0xDF, 0xDF, 0xDF, 0xDF, 0xDF, 0xDF, 0xDF, 0xDF, 0xDF, 0xDF, 0xDF, 0xDF,
    0xDF, 0xDF, 0xDF, 0xDF, 0xDF, 0xDF, 0xDF, 0xDF, 0xDF, 0xDF, 0xDF, 0xDF, 0xDF, 0xDF, 0xDF, 0xDF,
    0xDF, 0xDF, 0xDF, 0xDF, 0xDF, 0xDF, 0xDF, 0xDF, 0xDF, 0xDF, 0xDF, 0x25, 0x4B, 0x4B, 0x4B, 0x4B,
    0x4B, 0x4B, 0x4B, 0x25, 0x51, 0x51, 0x25, 0x25, 0x4B, 0x4B, 0x4B, 0x4B, 0x4B, 0x4B, 0x25, 0xDF,
    0xDF, 0xDF, 0xDF, 0xDF, 0xDF, 0xDF, 0xDF, 0xDF, 0xDF, 0xDF, 0xDF, 0xDF, 0xDF, 0xDF, 0xDF, 0xDF,
    0xDF, 0xDF, 0xDF, 0xDF, 0xDF, 0xDF, 0xDF, 0xDF, 0xDF, 0xDF, 0xDF, 0xDF, 0xDF, 0xDF, 0xDF, 0xDF,
    0xDF, 0xDF, 0xDF, 0xDF, 0xDF, 0xDF, 0xDF, 0xDF, 0xDF, 0xDF, 0x25, 0x25, 0x4B, 0x4B, 0x4B, 0x4B,
    0x4B, 0x4B, 0x4B, 0x25, 0x25, 0x51, 0x25, 0x4B, 0x4B, 0x4B, 0x4B, 0x4B, 0x4B, 0x4B, 0x25, 0xDF,
    0xDF, 0xDF, 0xDF, 0xDF, 0xDF, 0xDF, 0xDF, 0xDF, 0xDF, 0xDF, 0xDF, 0xDF, 0xDF, 0xDF, 0xDF, 0xDF,
    0xDF, 0xDF, 0xDF, 0xDF, 0xDF, 0xDF, 0xDF, 0xDF, 0xDF, 0xDF, 0xDF, 0xDF, 0xDF, 0xDF, 0xDF, 0xDF,
    0xDF, 0xDF, 0xDF, 0xDF, 0xDF, 0xDF, 0xDF, 0xDF, 0xDF, 0xDF, 0x25, 0x4B, 0x4B, 0x4B, 0x4B, 0x4B,
    0x4B, 0x4B, 0x4B, 0x4B, 0x25, 0x25, 0x4B, 0x4B, 0x4B, 0x4B, 0x4B, 0x4B, 0x4B, 0x4B, 0x25, 0xDF,
    0xDF, 0xDF, 0xDF, 0xDF, 0xDF, 0xDF, 0xDF, 0xDF, 0xDF, 0xDF, 0xDF, 0xDF, 0xDF, 0xDF, 0xDF, 0xDF,
    0xDF, 0xDF, 0xDF, 0xDF, 0xDF, 0xDF, 0xDF, 0xDF, 0xDF, 0xDF, 0xDF, 0xDF, 0xDF, 0xDF, 0xDF, 0xDF,
    0xDF, 0xDF, 0xDF, 0xDF, 0xDF, 0xDF, 0xDF, 0xDF, 0xDF, 0x25, 0x4B, 0x4B, 0x4B, 0x4B, 0x4B, 0x4B,
    0x4B, 0x4B, 0x4B, 0x4B, 0x25, 0x25, 0x4B, 0x4B, 0x4B, 0x4B, 0x4B, 0x4B, 0x4B, 0x4B, 0x25, 0xDF,
    0xDF, 0xDF, 0xDF, 0xDF, 0xDF, 0xDF, 0xDF, 0xDF, 0xDF, 0xDF, 0xDF, 0xDF, 0xDF, 0xDF, 0xDF, 0xDF,
    0xDF, 0xDF, 0xDF, 0xDF, 0xDF, 0xDF, 0xDF, 0xDF, 0xDF, 0xDF, 0xDF, 0xDF, 0xDF, 0xDF, 0xDF, 0xDF,
    0xDF, 0xDF, 0xDF, 0xDF, 0xDF, 0xDF, 0x25, 0x25, 0x25, 0x4B, 0x4B, 0x4B, 0x4B, 0x4B, 0x4B, 0x4B,
    0x4B, 0x4B, 0x4B, 0x4B, 0x4B, 0x4B, 0x4B, 0x4B, 0x4B, 0x4B, 0x4B, 0x4B, 0x4B, 0x4B, 0x25, 0xDF,
    0xDF, 0xDF, 0xDF, 0xDF, 0xDF, 0xDF, 0xDF, 0xDF, 0xDF, 0xDF, 0xDF, 0xDF, 0xDF, 0xDF, 0xDF, 0xDF,
    0xDF, 0xDF, 0xDF, 0xDF, 0xDF, 0xDF, 0xDF, 0xDF, 0xDF, 0xDF, 0xDF, 0xDF, 0xDF, 0xDF, 0xDF, 0xDF,
    0xDF, 0xDF, 0xDF, 0xDF, 0x25, 0x25, 0x25, 0x4B, 0x4B, 0x4B, 0x4B, 0x4B, 0x4B, 0x4B, 0x4B, 0x4B,
    0x4B, 0x4B, 0x4B, 0x4B, 0x4B, 0x4B, 0x4B, 0x4B, 0x4B, 0x4B, 0x4B, 0x4B, 0x4B, 0x4B, 0x25, 0x25,
    0xDF, 0xDF, 0xDF, 0xDF, 0xDF, 0xDF, 0xDF, 0xDF, 0xDF, 0xDF, 0xDF, 0xDF, 0xDF, 0xDF, 0xDF, 0xDF,
    0xDF, 0xDF, 0xDF, 0xDF, 0xDF, 0xDF, 0xDF, 0xDF, 0xDF, 0xDF, 0xDF, 0xDF, 0xDF, 0xDF, 0xDF, 0xDF,
    0xDF, 0xDF, 0xDF, 0x25, 0x4B, 0x4B, 0x4B, 0x4B, 0x4B, 0x4B, 0x4B, 0x4B, 0x4B, 0x4B, 0x4B, 0x4B,
    0x4B, 0x4B, 0x4B, 0x4B, 0x4B, 0x4B, 0x4B, 0x4B, 0x4B, 0x4B, 0x4B, 0x4B, 0x4B, 0x4B, 0x4B, 0x25,
    0x25, 0xDF, 0xDF, 0xDF, 0xDF, 0xDF, 0xDF, 0xDF, 0xDF, 0xDF, 0xDF, 0xDF, 0xDF, 0xDF, 0xDF, 0xDF,
    0xDF, 0xDF, 0xDF, 0xDF, 0xDF, 0xDF, 0xDF, 0xDF, 0xDF, 0xDF, 0xDF, 0xDF, 0xDF, 0xDF, 0xDF, 0xDF,
    0xDF, 0xDF, 0x25, 0x4B, 0x4B, 0x4B, 0x4B, 0x4B, 0x4B, 0x4B, 0x4B, 0x4B, 0x4B, 0x4B, 0x4B, 0x4B,
    0x4B, 0x4B, 0x4B, 0x4B, 0x4B, 0x4B, 0x4B, 0x4B, 0x4B, 0x4B, 0x4B, 0x4B, 0x4B, 0x4B, 0x4B, 0x4B,
    0x25, 0x25, 0xDF, 0xDF, 0xDF, 0xDF, 0xDF, 0xDF, 0xDF, 0xDF, 0xDF, 0xDF, 0xDF, 0xDF, 0xDF, 0xDF,
    0xDF, 0xDF, 0xDF, 0xDF, 0xDF, 0xDF, 0xDF, 0xDF, 0xDF, 0xDF, 0xDF, 0xDF, 0xDF, 0xDF, 0xDF, 0xDF,
    0xDF, 0x25, 0x4B, 0x4B, 0x4B, 0x4B, 0x4B, 0x4B, 0x4B, 0x4B, 0x4B, 0x4B, 0x4B, 0x4B, 0x4B, 0x4B,
    0x4B, 0x4B, 0x4B, 0x4B, 0x4B, 0x4B, 0x4B, 0x4B, 0x4B, 0x4B, 0x4B, 0x4B, 0x4B, 0x4B, 0x4B, 0x4B,
    0x4B, 0x4B, 0x25, 0xDF, 0xDF, 0xDF, 0xDF, 0xDF, 0xDF, 0xDF, 0xDF, 0xDF, 0xDF, 0xDF, 0xDF, 0xDF,
    0xDF, 0xDF, 0xDF, 0xDF, 0xDF, 0xDF, 0xDF, 0xDF, 0xDF, 0xDF, 0xDF, 0xDF, 0xDF, 0xDF, 0xDF, 0xDF,
    0x25, 0x4B, 0x4B, 0x4B, 0x4B, 0x4B, 0x4B, 0x4B, 0x4B, 0x4B, 0x4B, 0x4B, 0x4B, 0x4B, 0x4B, 0x4B,
    0x4B, 0x4B, 0x4B, 0x4B, 0x4B, 0x4B, 0x4B, 0x4B, 0x4B, 0x4B, 0x4B, 0x4B, 0x4B, 0x4B, 0x4B, 0x4B,
    0x4B, 0x4B, 0x4B, 0x25, 0xDF, 0xDF, 0xDF, 0xDF, 0xDF, 0xDF, 0xDF, 0xDF, 0xDF, 0xDF, 0xDF, 0xDF,
    0xDF, 0xDF, 0xDF, 0xDF, 0xDF, 0xDF, 0xDF, 0xDF, 0xDF, 0xDF, 0xDF, 0xDF, 0xDF, 0xDF, 0xDF, 0xDF,
    0x25, 0x4B, 0x4B, 0x4B, 0x4B, 0x4B, 0x4B, 0x4B, 0x4B, 0x4B, 0x4B, 0x4B, 0x4B, 0x25, 0x25, 0x4B,
    0x4B, 0x4B, 0x4B, 0x4B, 0x4B, 0x4B, 0x4B, 0x4B, 0x4B, 0x4B, 0x4B, 0x4B, 0x4B, 0x4B, 0x4B, 0x4B,
    0x4B, 0x4B, 0x4B, 0x25, 0x25, 0xDF, 0xDF, 0xDF, 0xDF, 0xDF, 0xDF, 0xDF, 0xDF, 0xDF, 0xDF, 0xDF,
    0xDF, 0xDF, 0xDF, 0xDF, 0xDF, 0xDF, 0xDF, 0xDF, 0xDF, 0xDF, 0xDF, 0xDF, 0xDF, 0xDF, 0xDF, 0x25,
    0x4B, 0x4B, 0x4B, 0x4B, 0x4B, 0x4B, 0x4B, 0x4B, 0x4B, 0x4B, 0x4B, 0x4B, 0x4B, 0x25, 0x25, 0x4B,
    0x4B, 0x4B, 0x4B, 0x4B, 0x4B, 0x4B, 0x25, 0x25, 0x4B, 0x4B, 0x4B, 0x4B, 0x4B, 0x4B, 0x4B, 0x4B,
    0x4B, 0x4B, 0x4B, 0x4B, 0x25, 0xDF, 0xDF, 0xDF, 0xDF, 0xDF, 0xDF, 0xDF, 0xDF, 0xDF, 0xDF, 0xDF,
    0xDF, 0xDF, 0xDF, 0xDF, 0xDF, 0xDF, 0xDF, 0xDF, 0xDF, 0xDF, 0xDF, 0xDF, 0xDF, 0xDF, 0x25, 0x4B,
    0x4B, 0x4B, 0x4B, 0x4B, 0x4B, 0x4B, 0x4B, 0x4B, 0x4B, 0x4B, 0x4B, 0x4B, 0x4B, 0x4B, 0x4B, 0x4B,
    0x4B, 0x4B, 0x4B, 0x4B, 0x4B, 0x4B, 0x25, 0x25, 0x4B, 0x4B, 0x4B, 0x4B, 0x4B, 0x4B, 0x4B, 0x4B,
    0x4B, 0x4B, 0x4B, 0x4B, 0x25, 0x25, 0xDF, 0xDF, 0xDF, 0xDF, 0xDF, 0xDF, 0xDF, 0xDF, 0xDF, 0xDF,
    0xDF, 0xDF, 0xDF, 0xDF, 0xDF, 0xDF, 0xDF, 0xDF, 0xDF, 0xDF, 0xDF, 0x25, 0x25, 0x25, 0x25, 0x4B,
    0x4B, 0x4B, 0x25, 0x25, 0x25, 0x25, 0x25, 0x25, 0x4B, 0x4B, 0x4B, 0x4B, 0x4B, 0x4B, 0x4B, 0x4B,
    0x4B, 0x4B, 0x4B, 0x4B, 0x4B, 0x4B, 0x4B, 0x4B, 0x4B, 0x4B, 0x4B, 0x4B, 0x4B, 0x4B, 0x4B, 0x4B,
    0x4B, 0x4B, 0x4B, 0x4B, 0x4B, 0x25, 0x25, 0x25, 0x25, 0x25, 0xDF, 0xDF, 0xDF, 0xDF, 0xDF, 0xDF,
    0xDF, 0xDF, 0xDF, 0xDF, 0xDF, 0xDF, 0xDF, 0xDF, 0xDF, 0xDF, 0x25, 0x25, 0x4B, 0x25, 0x25, 0x4B,
    0x4B, 0x4B, 0x4B, 0x4B, 0x4B, 0x4B, 0x4B, 0x4B, 0x4B, 0x4B, 0x4B, 0x4B, 0x25, 0x25, 0x4B, 0x4B,
    0x4B, 0x4B, 0x4B, 0x4B, 0x4B, 0x4B, 0x25, 0x4B, 0x4B, 0x4B, 0x4B, 0x4B, 0x25, 0x25, 0x25, 0x25,
    0x25, 0x25, 0x4B, 0x4B, 0x4B, 0x25, 0x25, 0x4B, 0x4B, 0x25, 0x25, 0xDF, 0xDF, 0xDF, 0xDF, 0xDF,
    0xDF, 0xDF, 0xDF, 0xDF, 0xDF, 0xDF, 0xDF, 0xDF, 0xDF, 0x25, 0x4B, 0x4B, 0x4B, 0x25, 0x4B, 0x4B,
    0x4B, 0x4B, 0x4B, 0x4B, 0x4B, 0x4B, 0x25, 0x4B, 0x4B, 0x4B, 0x4B, 0x4B, 0x4B, 0x25, 0x25, 0x4B,
    0x4B, 0x4B, 0x4B, 0x4B, 0x4B, 0x25, 0x4B, 0x4B, 0x4B, 0x4B, 0x4B, 0x4B, 0x4B, 0x4B, 0x4B, 0x4B,
    0x4B, 0x4B, 0x4B, 0x4B, 0x4B, 0x25, 0x25, 0x4B, 0x4B, 0x4B, 0x25, 0xDF, 0xDF, 0xDF, 0xDF, 0xDF,
    0xDF, 0xDF, 0xDF, 0xDF, 0xDF, 0xDF, 0xDF, 0xDF, 0xDF, 0x25, 0x4B, 0x4B, 0x4B, 0x25, 0x4B, 0x4B,
    0x4B, 0x4B, 0x4B, 0x25, 0x25, 0x25, 0x4B, 0x4B, 0x4B, 0x4B, 0x4B, 0x4B, 0x4B, 0x4B, 0x25, 0x25,
    0x25, 0x25, 0x25, 0x25, 0x25, 0x25, 0x4B, 0x4B, 0x4B, 0x4B, 0x4B, 0x4B, 0x4B, 0x4B, 0x4B, 0x4B,
    0x4B, 0x4B, 0x4B, 0x4B, 0x4B, 0x4B, 0x25, 0x4B, 0x4B, 0x4B, 0x25, 0x25, 0xDF, 0xDF, 0xDF, 0xDF,
    0xDF, 0xDF, 0xDF, 0xDF, 0xDF, 0xDF, 0xDF, 0xDF, 0xDF, 0x25, 0x4B, 0x4B, 0x4B, 0x25, 0x4B, 0x4B,
    0x4B, 0x4B, 0x25, 0x4B, 0x4B, 0x4B, 0x4B, 0x4B, 0x4B, 0x4B, 0x4B, 0x4B, 0x4B, 0x25, 0x25, 0x4B,
    0x4B, 0x4B, 0x4B, 0x4B, 0x4B, 0x25, 0x4B, 0x4B, 0x4B, 0x4B, 0x4B, 0x4B, 0x25, 0x25, 0x25, 0x25,
    0x4B, 0x4B, 0x4B, 0x4B, 0x4B, 0x4B, 0x25, 0x4B, 0x4B, 0x4B, 0x4B, 0x25, 0xDF, 0xDF, 0xDF, 0xDF,
    0xDF, 0xDF, 0xDF, 0xDF, 0xDF, 0xDF, 0xDF, 0xDF, 0xDF, 0x25, 0x4B, 0x4B, 0x4B, 0x25, 0x4B, 0x4B,
    0x4B, 0x4B, 0x4B, 0x4B, 0x4B, 0x4B, 0x4B, 0x4B, 0x4B, 0x25, 0x4B, 0x4B, 0x4B, 0x25, 0x4B, 0x4B,
    0x4B, 0x4B, 0x4B, 0x4B, 0x4B, 0x25, 0x25, 0x4B, 0x4B, 0x4B, 0x4B, 0x4B, 0x4B, 0x4B, 0x4B, 0x25,
    0x25, 0x25, 0x4B, 0x4B, 0x4B, 0x4B, 0x25, 0x4B, 0x4B, 0x4B, 0x4B, 0x25, 0xDF, 0xDF, 0xDF, 0xDF,
    0xDF, 0xDF, 0xDF, 0xDF, 0xDF, 0xDF, 0xDF, 0xDF, 0xDF, 0x25, 0x4B, 0x4B, 0x4B, 0x25, 0x4B, 0x4B,
    0x4B, 0x4B, 0x4B, 0x4B, 0x4B, 0x4B, 0x4B, 0x4B, 0x25, 0x53, 0x25, 0x4B, 0x4B, 0x4B, 0x4B, 0x4B,
    0x4B, 0x4B, 0x4B, 0x4B, 0x4B, 0x4B, 0x4B, 0x4B, 0x4B, 0x4B, 0x4B, 0x4B, 0x4B, 0x4B, 0x4B, 0x4B,
    0x4B, 0x4B, 0x4B, 0x4B, 0x4B, 0x4B, 0x25, 0x4B, 0x4B, 0x4B, 0x25, 0x25, 0xDF, 0xDF, 0xDF, 0xDF,
    0xDF, 0xDF, 0xDF, 0xDF, 0xDF, 0xDF, 0xDF, 0xDF, 0xDF, 0x25, 0x25, 0x4B, 0x4B, 0x25, 0x4B, 0x4B,
    0x4B, 0x4B, 0x4B, 0x4B, 0x4B, 0x4B, 0x4B, 0x4B, 0x4B, 0x25, 0x4B, 0x4B, 0x4B, 0x4B, 0x4B, 0x4B,
    0x4B, 0x4B, 0x4B, 0x4B, 0x4B, 0x4B, 0x4B, 0x4B, 0x4B, 0x4B, 0x4B, 0x4B, 0x4B, 0x4B, 0x4B, 0x4B,
    0x4B, 0x4B, 0x4B, 0x4B, 0x4B, 0x4B, 0x25, 0x4B, 0x4B, 0x25, 0x25, 0xDF, 0xDF, 0xDF, 0xDF, 0xDF,
    0xDF, 0xDF, 0xDF, 0xDF, 0xDF, 0xDF, 0xDF, 0xDF, 0xDF, 0xDF, 0x25, 0x25, 0x25, 0x25, 0x4B, 0x4B,
    0x4B, 0x4B, 0x4B, 0x4B, 0x4B, 0x4B, 0x4B, 0x4B, 0x4B, 0x4B, 0x4B, 0x4B, 0x4B, 0x4B, 0x4B, 0x4B,
    0x4B, 0x4B, 0x4B, 0x4B, 0x4B, 0x4B, 0x4B, 0x4B, 0x4B, 0x4B, 0x4B, 0x4B, 0x4B, 0x4B, 0x4B, 0x4B,
    0x4B, 0x4B, 0x4B, 0x4B, 0x4B, 0x4B, 0x25, 0x4B, 0x25, 0x25, 0xDF, 0xDF, 0xDF, 0xDF, 0xDF, 0xDF,
    0xDF, 0xDF, 0xDF, 0xDF, 0xDF, 0xDF, 0xDF, 0xDF, 0xDF, 0xDF, 0xDF, 0xDF, 0x25, 0x25, 0x4B, 0x4B,
    0x4B, 0x4B, 0x4B, 0x4B, 0x4B, 0x4B, 0x4B, 0x4B, 0x4B, 0x4B, 0x4B, 0x4B, 0x4B, 0x4B, 0x4B, 0x4B,
    0x4B, 0x4B, 0x4B, 0x4B, 0x4B, 0x4B, 0x4B, 0x4B, 0x4B, 0x4B, 0x4B, 0x4B, 0x4B, 0x4B, 0x4B, 0x4B,
    0x4B, 0x4B, 0x4B, 0x4B, 0x4B, 0x4B, 0x25, 0x25, 0xDF, 0xDF, 0xDF, 0xDF, 0xDF, 0xDF, 0xDF, 0xDF,
    0xDF, 0xDF, 0xDF, 0xDF, 0xDF, 0xDF, 0xDF, 0xDF, 0xDF, 0xDF, 0xDF, 0xDF, 0xDF, 0x25, 0x4B, 0x4B,
    0x4B, 0x4B, 0x4B, 0x4B, 0x4B, 0x4B, 0x4B, 0x4B, 0x4B, 0x4B, 0x4B, 0x4B, 0x4B, 0x4B, 0x4B, 0x4B,
    0x4B, 0x4B, 0x4B, 0x4B, 0x4B, 0x4B, 0x4B, 0x4B, 0x4B, 0x4B, 0x4B, 0x4B, 0x4B, 0x4B, 0x4B, 0x4B,
    0x4B, 0x4B, 0x4B, 0x4B, 0x4B, 0x4B, 0x25, 0xDF, 0xDF, 0xDF, 0xDF, 0xDF, 0xDF, 0xDF, 0xDF, 0xDF,
    0xDF, 0xDF, 0xDF, 0xDF, 0xDF, 0xDF, 0xDF, 0xDF, 0xDF, 0xDF, 0xDF, 0xDF, 0xDF, 0x25, 0x4B, 0x4B,
    0x4B, 0x4B, 0x4B, 0x4B, 0x4B, 0x4B, 0x4B, 0x4B, 0x4B, 0x4B, 0x4B, 0x4B, 0x4B, 0x4B, 0x4B, 0x4B,
    0x4B, 0x4B, 0x4B, 0x4B, 0x4B, 0x4B, 0x4B, 0x4B, 0x4B, 0x4B, 0x4B, 0x4B, 0x4B, 0x4B, 0x4B, 0x4B,
    0x4B, 0x4B, 0x4B, 0x4B, 0x4B, 0x4B, 0x25, 0xDF, 0xDF, 0xDF, 0xDF, 0xDF, 0xDF, 0xDF, 0xDF, 0xDF,
    0xDF, 0xDF, 0xDF, 0xDF, 0xDF, 0xDF, 0xDF, 0xDF, 0xDF, 0xDF, 0xDF, 0xDF, 0xDF, 0x25, 0x4B, 0x4B,
    0x4B, 0x4B, 0x4B, 0x4B, 0x4B, 0x4B, 0x4B, 0x4B, 0x4B, 0x4B, 0x4B, 0x4B, 0x4B, 0x4B, 0x4B, 0x4B,
    0x4B, 0x4B, 0x4B, 0x4B, 0x4B, 0x4B, 0x4B, 0x4B, 0x4B, 0x4B, 0x4B, 0x4B, 0x4B, 0x4B, 0x4B, 0x4B,
    0x4B, 0x4B, 0x4B, 0x4B, 0x4B, 0x4B, 0x25, 0xDF, 0xDF, 0xDF, 0xDF, 0xDF, 0xDF, 0xDF, 0xDF, 0xDF,
    0xDF, 0xDF, 0xDF, 0xDF, 0xDF, 0xDF, 0xDF, 0xDF, 0xDF, 0xDF, 0xDF, 0xDF, 0xDF, 0x25, 0x25, 0x4B,
    0x4B, 0x4B, 0x4B, 0x4B, 0x4B, 0x4B, 0x4B, 0x4B, 0x4B, 0x4B, 0x4B, 0x4B, 0x4B, 0x4B, 0x4B, 0x4B,
    0x4B, 0x4B, 0x4B, 0x4B, 0x4B, 0x4B, 0x4B, 0x4B, 0x4B, 0x4B, 0x4B, 0x4B, 0x4B, 0x4B, 0x4B, 0x4B,
    0x4B, 0x4B, 0x4B, 0x4B, 0x4B, 0x25, 0xDF, 0xDF, 0xDF, 0xDF, 0xDF, 0xDF, 0xDF, 0xDF, 0xDF, 0xDF,
    0xDF, 0xDF, 0xDF, 0xDF, 0xDF, 0xDF, 0xDF, 0xDF, 0xDF, 0xDF, 0xDF, 0xDF, 0xDF, 0xDF, 0x25, 0x4B,
    0x4B, 0x4B, 0x4B, 0x4B, 0x4B, 0x4B, 0x4B, 0x4B, 0x4B, 0x4B, 0x4B, 0x4B, 0x4B, 0x4B, 0x4B, 0x4B,
    0x4B, 0x4B, 0x4B, 0x4B, 0x4B, 0x4B, 0x4B, 0x4B, 0x4B, 0x4B, 0x4B, 0x4B, 0x4B, 0x4B, 0x4B, 0x4B,
    0x4B, 0x4B, 0x4B, 0x4B, 0x4B, 0x25, 0xDF, 0xDF, 0xDF, 0xDF, 0xDF, 0xDF, 0xDF, 0xDF, 0xDF, 0xDF,
    0xDF, 0xDF, 0xDF, 0xDF, 0xDF, 0xDF, 0xDF, 0xDF, 0xDF, 0xDF, 0xDF, 0xDF, 0xDF, 0xDF, 0x25, 0x4B,
    0x4B, 0x4B, 0x4B, 0x4B, 0x4B, 0x4B, 0x4B, 0x4B, 0x4B, 0x4B, 0x4B, 0x4B, 0x4B, 0x4B, 0x4B, 0x4B,
    0x4B, 0x4B, 0x4B, 0x4B, 0x4B, 0x4B, 0x4B, 0x4B, 0x4B, 0x4B, 0x4B, 0x4B, 0x4B, 0x4B, 0x4B, 0x4B,
    0x4B, 0x4B, 0x4B, 0x4B, 0x25, 0x25, 0xDF, 0xDF, 0xDF, 0xDF, 0xDF, 0xDF, 0xDF, 0xDF, 0xDF, 0xDF,
    0xDF, 0xDF, 0xDF, 0xDF, 0xDF, 0xDF, 0xDF, 0xDF, 0xDF, 0xDF, 0xDF, 0xDF, 0xDF, 0xDF, 0xDF, 0x25,
    0x4B, 0x4B, 0x4B, 0x4B, 0x4B, 0x4B, 0x4B, 0x4B, 0x4B, 0x4B, 0x4B, 0x4B, 0x4B, 0x4B, 0x4B, 0x4B,
    0x4B, 0x4B, 0x4B, 0x4B, 0x4B, 0x4B, 0x4B, 0x4B, 0x4B, 0x4B, 0x4B, 0x4B, 0x4B, 0x4B, 0x4B, 0x4B,
    0x4B, 0x4B, 0x4B, 0x4B, 0x25, 0xDF, 0xDF, 0xDF, 0xDF, 0xDF, 0xDF, 0xDF, 0xDF, 0xDF, 0xDF, 0xDF,
    0xDF, 0xDF, 0xDF, 0xDF, 0xDF, 0xDF, 0xDF, 0xDF, 0xDF, 0xDF, 0xDF, 0xDF, 0xDF, 0xDF, 0xDF, 0x25,
    0x4B, 0x4B, 0x4B, 0x4B, 0x4B, 0x4B, 0x4B, 0x4B, 0x4B, 0x4B, 0x4B, 0x4B, 0x4B, 0x4B, 0x4B, 0x4B,
    0x4B, 0x4B, 0x4B, 0x4B, 0x4B, 0x4B, 0x4B, 0x4B, 0x4B, 0x4B, 0x4B, 0x4B, 0x4B, 0x4B, 0x4B, 0x4B,
    0x4B, 0x4B, 0x4B, 0x25, 0x25, 0xDF, 0xDF, 0xDF, 0xDF, 0xDF, 0xDF, 0xDF, 0xDF, 0xDF, 0xDF, 0xDF,
    0xDF, 0xDF, 0xDF, 0xDF, 0xDF, 0xDF, 0xDF, 0xDF, 0xDF, 0xDF, 0xDF, 0xDF, 0xDF, 0xDF, 0xDF, 0xDF,
    0x25, 0x4B, 0x4B, 0x4B, 0x4B, 0x4B, 0x4B, 0x4B, 0x4B, 0x4B, 0x4B, 0x4B, 0x4B, 0x4B, 0x4B, 0x4B,
    0x4B, 0x4B, 0x4B, 0x4B, 0x4B, 0x4B, 0x4B, 0x4B, 0x4B, 0x4B, 0x4B, 0x4B, 0x4B, 0x4B, 0x4B, 0x4B,
    0x4B, 0x4B, 0x4B, 0x25, 0xDF, 0xDF, 0xDF, 0xDF, 0xDF, 0xDF, 0xDF, 0xDF, 0xDF, 0xDF, 0xDF, 0xDF,
    0xDF, 0xDF, 0xDF, 0xDF, 0xDF, 0xDF, 0xDF, 0xDF, 0xDF, 0xDF, 0xDF, 0xDF, 0xDF, 0xDF, 0xDF, 0xDF,
    0x25, 0x25, 0x4B, 0x4B, 0x4B, 0x4B, 0x4B, 0x4B, 0x4B, 0x4B, 0x4B, 0x4B, 0x4B, 0x4B, 0x4B, 0x4B,
    0x4B, 0x4B, 0x4B, 0x4B, 0x4B, 0x4B, 0x4B, 0x4B, 0x4B, 0x4B, 0x4B, 0x4B, 0x4B, 0x4B, 0x4B, 0x4B,
    0x4B, 0x25, 0x25, 0xDF, 0xDF, 0xDF, 0xDF, 0xDF, 0xDF, 0xDF, 0xDF, 0xDF, 0xDF, 0xDF, 0xDF, 0xDF,
    0xDF, 0xDF, 0xDF, 0xDF, 0xDF, 0xDF, 0xDF, 0xDF, 0xDF, 0xDF, 0xDF, 0xDF, 0xDF, 0xDF, 0xDF, 0xDF,
    0xDF, 0x25, 0x25, 0x4B, 0x4B, 0x4B, 0x4B, 0x4B, 0x4B, 0x4B, 0x4B, 0x4B, 0x4B, 0x4B, 0x4B, 0x4B,
    0x4B, 0x4B, 0x4B, 0x4B, 0x4B, 0x4B, 0x4B, 0x4B, 0x4B, 0x4B, 0x4B, 0x4B, 0x4B, 0x4B, 0x4B, 0x4B,
    0x25, 0x25, 0x25, 0xDF, 0xDF, 0xDF, 0xDF, 0xDF, 0xDF, 0xDF, 0xDF, 0xDF, 0xDF, 0xDF, 0xDF, 0xDF,
    0xDF, 0xDF, 0xDF, 0xDF, 0xDF, 0xDF, 0xDF, 0xDF, 0xDF, 0xDF, 0xDF, 0xDF, 0xDF, 0xDF, 0xDF, 0xDF,
    0xDF, 0xDF, 0x25, 0x25, 0x4B, 0x4B, 0x4B, 0x4B, 0x4B, 0x4B, 0x4B, 0x4B, 0x4B, 0x4B, 0x4B, 0x4B,
    0x4B, 0x4B, 0x4B, 0x4B, 0x4B, 0x4B, 0x4B, 0x4B, 0x4B, 0x4B, 0x4B, 0x4B, 0x4B, 0x4B, 0x25, 0x25,
    0x25, 0x4B, 0x25, 0xDF, 0xDF, 0xDF, 0xDF, 0xDF, 0xDF, 0xDF, 0xDF, 0xDF, 0xDF, 0xDF, 0xDF, 0xDF,
    0xDF, 0xDF, 0xDF, 0xDF, 0xDF, 0xDF, 0xDF, 0xDF, 0xDF, 0xDF, 0xDF, 0xDF, 0xDF, 0xDF, 0xDF, 0xDF,
    0xDF, 0xDF, 0xDF, 0x25, 0x25, 0x25, 0x4B, 0x4B, 0x4B, 0x4B, 0x4B, 0x4B, 0x4B, 0x4B, 0x4B, 0x4B,
    0x4B, 0x4B, 0x4B, 0x4B, 0x4B, 0x4B, 0x4B, 0x4B, 0x4B, 0x4B, 0x4B, 0x4B, 0x25, 0x25, 0x25, 0x4B,
    0x4B, 0x4B, 0x25, 0xDF, 0xDF, 0xDF, 0xDF, 0xDF, 0xDF, 0xDF, 0xDF, 0xDF, 0xDF, 0xDF, 0xDF, 0xDF,
    0xDF, 0xDF, 0xDF, 0xDF, 0xDF, 0xDF, 0xDF, 0xDF, 0xDF, 0xDF, 0xDF, 0xDF, 0xDF, 0xDF, 0xDF, 0xDF,
    0xDF, 0xDF, 0xDF, 0x25, 0x4B, 0x25, 0x25, 0x25, 0x4B, 0x4B, 0x4B, 0x4B, 0x4B, 0x4B, 0x4B, 0x4B,
    0x4B, 0x4B, 0x4B, 0x4B, 0x4B, 0x4B, 0x4B, 0x4B, 0x4B, 0x4B, 0x25, 0x25, 0x25, 0x4B, 0x4B, 0x4B,
    0x4B, 0x4B, 0x25, 0xDF, 0xDF, 0xDF, 0xDF, 0xDF, 0xDF, 0xDF, 0xDF, 0xDF, 0xDF, 0xDF, 0xDF, 0xDF,
    0xDF, 0xDF, 0xDF, 0xDF, 0xDF, 0xDF, 0xDF, 0xDF, 0xDF, 0xDF, 0xDF, 0xDF, 0xDF, 0xDF, 0xDF, 0xDF,
    0xDF, 0xDF, 0xDF, 0x25, 0x4B, 0x4B, 0x4B, 0x25, 0x25, 0x25, 0x25, 0x25, 0x25, 0x25, 0x25, 0x25,
    0x25, 0x25, 0x25, 0x25, 0x25, 0x25, 0x25, 0x25, 0x25, 0x25, 0x25, 0x4B, 0x4B, 0x4B, 0x4B, 0x4B,
    0x4B, 0x4B, 0x25, 0xDF, 0xDF, 0xDF, 0xDF, 0xDF, 0xDF, 0xDF, 0xDF, 0xDF, 0xDF, 0xDF, 0xDF, 0xDF,
    0xDF, 0xDF, 0xDF, 0xDF, 0xDF, 0xDF, 0xDF, 0xDF, 0xDF, 0xDF, 0xDF, 0xDF, 0xDF, 0xDF, 0xDF, 0xDF,
    0xDF, 0xDF, 0xDF, 0x25, 0x4B, 0x4B, 0x4B, 0x4B, 0x4B, 0x4B, 0x4B, 0x4B, 0x4B, 0x4B, 0x4B, 0x25,
    0xDF, 0xDF, 0xDF, 0xDF, 0xDF, 0xDF, 0xDF, 0x25, 0x4B, 0x4B, 0x4B, 0x4B, 0x4B, 0x4B, 0x4B, 0x4B,
    0x4B, 0x4B, 0x25, 0xDF, 0xDF, 0xDF, 0xDF, 0xDF, 0xDF, 0xDF, 0xDF, 0xDF, 0xDF, 0xDF, 0xDF, 0xDF,
    0xDF, 0xDF, 0xDF, 0xDF, 0xDF, 0xDF, 0xDF, 0xDF, 0xDF, 0xDF, 0xDF, 0xDF, 0xDF, 0xDF, 0xDF, 0xDF,
    0xDF, 0xDF, 0xDF, 0x25, 0x25, 0x4B, 0x4B, 0x4B, 0x4B, 0x4B, 0x4B, 0x4B, 0x4B, 0x4B, 0x25, 0xDF,
    0xDF, 0xDF, 0xDF, 0xDF, 0xDF, 0xDF, 0xDF, 0x25, 0x4B, 0x4B, 0x4B, 0x4B, 0x4B, 0x4B, 0x4B, 0x4B,
    0x4B, 0x4B, 0x25, 0xDF, 0xDF, 0xDF, 0xDF, 0xDF, 0xDF, 0xDF, 0xDF, 0xDF, 0xDF, 0xDF, 0xDF, 0xDF,
    0xDF, 0xDF, 0xDF, 0xDF, 0xDF, 0xDF, 0xDF, 0xDF, 0xDF, 0xDF, 0xDF, 0xDF, 0xDF, 0xDF, 0xDF, 0xDF,
    0xDF, 0xDF, 0xDF, 0xDF, 0x25, 0x4B, 0x4B, 0x4B, 0x4B, 0x4B, 0x4B, 0x4B, 0x25, 0x25, 0x25, 0xDF,
    0xDF, 0xDF, 0xDF, 0xDF, 0xDF, 0xDF, 0xDF, 0xDF, 0x25, 0x4B, 0x4B, 0x4B, 0x4B, 0x4B, 0x4B, 0x4B,
    0x4B, 0x25, 0x25, 0xDF, 0xDF, 0xDF, 0xDF, 0xDF, 0xDF, 0xDF, 0xDF, 0xDF, 0xDF, 0xDF, 0xDF, 0xDF,
    0xDF, 0xDF, 0xDF, 0xDF, 0xDF, 0xDF, 0xDF, 0xDF, 0xDF, 0xDF, 0xDF, 0xDF, 0xDF, 0xDF, 0xDF, 0xDF,
    0xDF, 0xDF, 0xDF, 0xDF, 0x25, 0x25, 0x4B, 0x4B, 0x4B, 0x4B, 0x4B, 0x25, 0x25, 0xDF, 0xDF, 0xDF,
    0xDF, 0xDF, 0xDF, 0xDF, 0xDF, 0xDF, 0xDF, 0xDF, 0x25, 0x25, 0x25, 0x4B, 0x4B, 0x4B, 0x4B, 0x4B,
    0x25, 0x25, 0xDF, 0xDF, 0xDF, 0xDF, 0xDF, 0xDF, 0xDF, 0xDF, 0xDF, 0xDF, 0xDF, 0xDF, 0xDF, 0xDF,
    0xDF, 0xDF, 0xDF, 0xDF, 0xDF, 0xDF, 0xDF, 0xDF, 0xDF, 0xDF, 0xDF, 0xDF, 0xDF, 0xDF, 0xDF, 0xDF,
    0xDF, 0xDF, 0xDF, 0xDF, 0xDF, 0x25, 0x25, 0x25, 0x25, 0x25, 0x25, 0xDF, 0xDF, 0xDF, 0xDF, 0xDF,
    0xDF, 0xDF, 0xDF, 0xDF, 0xDF, 0xDF, 0xDF, 0xDF, 0xDF, 0xDF, 0x25, 0x25, 0x25, 0x25, 0x25, 0x25,
    0x25, 0xDF, 0xDF, 0xDF, 0xDF, 0xDF, 0xDF, 0xDF, 0xDF, 0xDF, 0xDF, 0xDF, 0xDF, 0xDF, 0xDF, 0xDF,
    0xDF, 0xDF, 0xDF, 0xDF, 0xDF, 0xDF, 0xDF, 0xDF, 0xDF, 0xDF, 0xDF, 0xDF, 0xDF, 0xDF, 0xDF, 0xDF,
    0xDF, 0xDF, 0xDF, 0xDF, 0xDF, 0xDF, 0xDF, 0xDF, 0xDF, 0xDF, 0xDF, 0xDF, 0xDF, 0xDF, 0xDF, 0xDF,
    0xDF, 0xDF, 0xDF, 0xDF, 0xDF, 0xDF, 0xDF, 0xDF, 0xDF, 0xDF, 0xDF, 0xDF, 0xDF, 0xDF, 0xDF, 0xDF,
    0xDF, 0xDF, 0xDF, 0xDF, 0xDF, 0xDF, 0xDF, 0xDF, 0xDF, 0xDF, 0xDF, 0xDF, 0xDF, 0xDF, 0xDF, 0xDF,
    0xDF, 0xDF, 0xDF, 0xDF, 0xDF, 0xDF, 0xDF, 0xDF, 0xDF, 0xDF, 0xDF, 0xDF, 0xDF, 0xDF, 0xDF, 0xDF,
    0xDF, 0xDF, 0xDF, 0xDF, 0xDF, 0xDF, 0xDF, 0xDF, 0xDF, 0xDF, 0xDF, 0xDF, 0xDF, 0xDF, 0xDF, 0xDF,
    0xDF, 0xDF, 0xDF, 0xDF, 0xDF, 0xDF, 0xDF, 0xDF, 0xDF, 0xDF, 0xDF, 0xDF, 0xDF, 0xDF, 0xDF, 0xDF,
    0xDF, 0xDF, 0xDF, 0xDF, 0xDF, 0xDF, 0xDF, 0xDF, 0xDF, 0xDF, 0xDF, 0xDF, 0xDF, 0xDF, 0xDF, 0xDF,
    0xDF, 0xDF, 0xDF, 0xDF, 0xDF, 0xDF, 0xDF, 0xDF, 0xDF, 0xDF, 0xDF, 0xDF, 0xDF, 0xDF, 0xDF, 0xDF,
    0xDF, 0xDF, 0xDF, 0xDF, 0xDF, 0xDF, 0xDF, 0xDF, 0xDF, 0xDF, 0xDF, 0xDF, 0xDF, 0xDF, 0xDF, 0xDF,
    0xDF, 0xDF, 0xDF, 0xDF, 0xDF, 0xDF, 0xDF, 0xDF, 0xDF, 0xDF, 0xDF, 0xDF, 0xDF, 0xDF, 0xDF, 0xDF,
    0xDF, 0xDF, 0xDF, 0xDF, 0xDF, 0xDF, 0xDF, 0xDF, 0xDF, 0xDF, 0xDF, 0xDF, 0xDF, 0xDF, 0xDF, 0xDF,
    0xDF, 0xDF, 0xDF, 0xDF, 0xDF, 0xDF, 0xDF, 0xDF, 0xDF, 0xDF, 0xDF, 0xDF, 0xDF, 0xDF, 0xDF, 0xDF,
    0xDF, 0xDF, 0xDF, 0xDF, 0xDF, 0xDF, 0xDF, 0xDF, 0xDF, 0xDF, 0xDF, 0xDF, 0xDF, 0xDF, 0xDF, 0xDF,
    0xDF, 0xDF, 0xDF, 0xDF, 0xDF, 0xDF, 0xDF, 0xDF, 0xDF, 0xDF, 0xDF, 0xDF, 0xDF, 0xDF, 0xDF, 0xDF,
    0xDF, 0xDF, 0xDF, 0xDF, 0xDF, 0xDF, 0xDF, 0xDF, 0xDF, 0xDF, 0xDF, 0xDF, 0xDF, 0xDF, 0xDF, 0xDF,
    0xDF, 0xDF, 0xDF, 0xDF, 0xDF, 0xDF, 0xDF, 0xDF, 0xDF, 0xDF, 0xDF, 0xDF, 0xDF, 0xDF, 0xDF, 0xDF,
    0xDF, 0xDF, 0xDF, 0xDF, 0xDF, 0xDF, 0xDF, 0xDF, 0xDF, 0xDF, 0xDF, 0xDF, 0xDF, 0xDF, 0xDF, 0xDF,
    0xDF, 0xDF, 0xDF, 0xDF, 0xDF, 0xDF, 0xDF, 0xDF, 0xDF, 0xDF, 0xDF, 0xDF, 0xDF, 0xDF, 0xDF, 0xDF,
    0xDF, 0xDF, 0xDF, 0xDF, 0xDF, 0xDF, 0xDF, 0xDF, 0xDF, 0xDF, 0xDF, 0xDF, 0xDF, 0xDF, 0xDF, 0xDF,
    0xDF, 0xDF, 0xDF, 0xDF, 0xDF, 0xDF, 0xDF, 0xDF, 0xDF, 0xDF, 0xDF, 0xDF, 0xDF, 0xDF, 0xDF, 0xDF,
    0xDF, 0xDF, 0xDF, 0xDF, 0xDF, 0xDF, 0xDF, 0xDF, 0xDF, 0xDF, 0xDF, 0xDF, 0xDF, 0xDF, 0xDF, 0xDF,
    0xDF, 0xDF, 0xDF, 0xDF, 0xDF, 0xDF, 0xDF, 0xDF, 0xDF, 0xDF, 0xDF, 0xDF, 0xDF, 0xDF, 0xDF, 0xDF,
    0xDF, 0xDF, 0xDF, 0xDF, 0xDF, 0xDF, 0xDF, 0xDF, 0xDF, 0xDF, 0xDF, 0xDF, 0xDF, 0xDF, 0xDF, 0xDF,
};

constexpr int kEatSpriteWidth = 64;
constexpr int kEatSpriteHeight = 64;
constexpr int kEatSpriteFrameCount = 3;
const uint8_t* const kEatSpriteFrames[kEatSpriteFrameCount] = {
    kEatSpriteFrame0,
    kEatSpriteFrame1,
    kEatSpriteFrame2,
};

// Mood: Sleep (used only for the disconnected/boot placeholder -- see
// showingMoodSprite()/drawMoodSprite() in display.cpp; not a laptop-sent mood)
const uint8_t kSleepSpriteFrame0[] PROGMEM = {
    0xDF, 0xDF, 0xDF, 0xDF, 0xDF, 0xDF, 0xDF, 0xDF, 0xDF, 0xDF, 0xDF, 0xDF, 0xDF, 0xDF, 0xDF, 0xDF,
    0xDF, 0xDF, 0xDF, 0xDF, 0xDF, 0xDF, 0xDF, 0xDF, 0xDF, 0xDF, 0xDF, 0xDF, 0xDF, 0xDF, 0xDF, 0xDF,
    0xDF, 0xDF, 0xDF, 0xDF, 0xDF, 0xDF, 0xDF, 0xDF, 0xDF, 0xDF, 0xDF, 0xDF, 0xDF, 0xDF, 0xDF, 0xDF,
    0xDF, 0xDF, 0xDF, 0xDF, 0xDF, 0xDF, 0xDF, 0xDF, 0xDF, 0xDF, 0xDF, 0xDF, 0xDF, 0xDF, 0xDF, 0xDF,
    0xDF, 0xDF, 0xDF, 0xDF, 0xDF, 0xDF, 0xDF, 0xDF, 0xDF, 0xDF, 0xDF, 0xDF, 0xDF, 0xDF, 0xDF, 0xDF,
    0xDF, 0xDF, 0xDF, 0xDF, 0xDF, 0xDF, 0xDF, 0xDF, 0xDF, 0xDF, 0xDF, 0xDF, 0xDF, 0xDF, 0xDF, 0xDF,
    0xDF, 0xDF, 0xDF, 0xDF, 0xDF, 0xDF, 0xDF, 0xDF, 0xDF, 0xDF, 0xDF, 0xDF, 0xDF, 0xDF, 0xDF, 0xDF,
    0xDF, 0xDF, 0xDF, 0xDF, 0xDF, 0xDF, 0xDF, 0xDF, 0xDF, 0xDF, 0xDF, 0xDF, 0xDF, 0xDF, 0xDF, 0xDF,
    0xDF, 0xDF, 0xDF, 0xDF, 0xDF, 0xDF, 0xDF, 0xDF, 0xDF, 0xDF, 0xDF, 0xDF, 0xDF, 0xDF, 0xDF, 0xDF,
    0xDF, 0xDF, 0xDF, 0xDF, 0xDF, 0xDF, 0xDF, 0xDF, 0xDF, 0xDF, 0xDF, 0xDF, 0xDF, 0xDF, 0xDF, 0xDF,
    0xDF, 0xDF, 0xDF, 0xDF, 0xDF, 0xDF, 0xDF, 0xDF, 0xDF, 0xDF, 0xDF, 0xDF, 0xDF, 0xDF, 0xDF, 0xDF,
    0xDF, 0xDF, 0xDF, 0xDF, 0xDF, 0xDF, 0xDF, 0xDF, 0xDF, 0xDF, 0xDF, 0xDF, 0xDF, 0xDF, 0xDF, 0xDF,
    0xDF, 0xDF, 0xDF, 0xDF, 0xDF, 0xDF, 0xDF, 0xDF, 0xDF, 0xDF, 0xDF, 0xDF, 0xDF, 0xDF, 0xDF, 0xDF,
    0xDF, 0xDF, 0xDF, 0xDF, 0xDF, 0xDF, 0xDF, 0xDF, 0xDF, 0xDF, 0xDF, 0xDF, 0xDF, 0xDF, 0xDF, 0xDF,
    0xDF, 0xDF, 0xDF, 0xDF, 0xDF, 0xDF, 0xDF, 0xDF, 0xDF, 0xDF, 0xDF, 0xDF, 0xDF, 0xDF, 0xDF, 0xDF,
    0xDF, 0xDF, 0xDF, 0xDF, 0xDF, 0xDF, 0xDF, 0xDF, 0xDF, 0xDF, 0xDF, 0xDF, 0xDF, 0xDF, 0xDF, 0xDF,
    0xDF, 0xDF, 0xDF, 0xDF, 0xDF, 0xDF, 0xDF, 0xDF, 0xDF, 0xDF, 0xDF, 0xDF, 0xDF, 0xDF, 0xDF, 0xDF,
    0xDF, 0xDF, 0xDF, 0xDF, 0xDF, 0xDF, 0xDF, 0xDF, 0xDF, 0xDF, 0xDF, 0xDF, 0xDF, 0xDF, 0xDF, 0xDF,
    0xDF, 0xDF, 0xDF, 0xDF, 0xDF, 0xDF, 0xDF, 0xDF, 0xDF, 0xDF, 0xDF, 0xDF, 0xDF, 0xDF, 0xDF, 0xDF,
    0xDF, 0xDF, 0xDF, 0xDF, 0xDF, 0xDF, 0xDF, 0xDF, 0xDF, 0xDF, 0xDF, 0xDF, 0xDF, 0xDF, 0xDF, 0xDF,
    0xDF, 0xDF, 0xDF, 0xDF, 0xDF, 0xDF, 0xDF, 0xDF, 0xDF, 0xDF, 0xDF, 0xDF, 0xDF, 0xDF, 0xDF, 0xDF,
    0xDF, 0xDF, 0xDF, 0xDF, 0xDF, 0xDF, 0xDF, 0xDF, 0xDF, 0xDF, 0xDF, 0xDF, 0xDF, 0xDF, 0xDF, 0xDF,
    0xDF, 0xDF, 0xDF, 0xDF, 0xDF, 0xDF, 0xDF, 0xDF, 0xDF, 0xDF, 0xDF, 0xDF, 0xDF, 0xDF, 0xDF, 0xDF,
    0xDF, 0xDF, 0xDF, 0xDF, 0xDF, 0xDF, 0xDF, 0xDF, 0xDF, 0xDF, 0xDF, 0xDF, 0xDF, 0xDF, 0xDF, 0xDF,
    0xDF, 0xDF, 0xDF, 0xDF, 0xDF, 0xDF, 0xDF, 0xDF, 0xDF, 0xDF, 0xDF, 0xDF, 0xDF, 0xDF, 0xDF, 0xDF,
    0xDF, 0xDF, 0xDF, 0xDF, 0xDF, 0xDF, 0xDF, 0xDF, 0xDF, 0xDF, 0xDF, 0xDF, 0xDF, 0xDF, 0xDF, 0xDF,
    0xDF, 0xDF, 0xDF, 0xDF, 0xDF, 0xDF, 0xDF, 0xDF, 0xDF, 0xDF, 0xDF, 0xDF, 0xDF, 0xDF, 0xDF, 0xDF,
    0xDF, 0xDF, 0xDF, 0xDF, 0xDF, 0xDF, 0xDF, 0xDF, 0xDF, 0xDF, 0xDF, 0xDF, 0xDF, 0xDF, 0xDF, 0xDF,
    0xDF, 0xDF, 0xDF, 0xDF, 0xDF, 0xDF, 0xDF, 0xDF, 0xDF, 0xDF, 0xDF, 0xDF, 0xDF, 0xDF, 0xDF, 0xDF,
    0xDF, 0xDF, 0xDF, 0xDF, 0xDF, 0xDF, 0xDF, 0xDF, 0xDF, 0xDF, 0xDF, 0xDF, 0xDF, 0xDF, 0xDF, 0xDF,
    0xDF, 0xDF, 0xDF, 0xDF, 0xDF, 0xDF, 0xDF, 0xDF, 0xDF, 0xDF, 0xDF, 0xDF, 0xDF, 0xDF, 0xDF, 0xDF,
    0xDF, 0xDF, 0xDF, 0xDF, 0xDF, 0xDF, 0xDF, 0xDF, 0xDF, 0xDF, 0xDF, 0xDF, 0xDF, 0xDF, 0xDF, 0xDF,
    0xDF, 0xDF, 0xDF, 0xDF, 0xDF, 0xDF, 0xDF, 0xDF, 0xDF, 0xDF, 0xDF, 0xDF, 0xDF, 0xDF, 0xDF, 0xDF,
    0xDF, 0xDF, 0xDF, 0xDF, 0xDF, 0xDF, 0xDF, 0xDF, 0xDF, 0xDF, 0xDF, 0xDF, 0xDF, 0xDF, 0xDF, 0xDF,
    0xDF, 0xDF, 0xDF, 0x25, 0x25, 0x25, 0x25, 0x25, 0x25, 0xDF, 0xDF, 0xDF, 0xDF, 0xDF, 0xDF, 0xDF,
    0xDF, 0xDF, 0xDF, 0xDF, 0xDF, 0xDF, 0xDF, 0xDF, 0xDF, 0xDF, 0xDF, 0xDF, 0xDF, 0xDF, 0xDF, 0xDF,
    0xDF, 0xDF, 0xDF, 0xDF, 0xDF, 0xDF, 0xDF, 0xDF, 0xDF, 0xDF, 0xDF, 0xDF, 0xDF, 0xDF, 0xDF, 0xDF,
    0xDF, 0xDF, 0xDF, 0xDF, 0xDF, 0xDF, 0xDF, 0xDF, 0xDF, 0xDF, 0xDF, 0xDF, 0xDF, 0xDF, 0xDF, 0xDF,
    0xDF, 0xDF, 0xDF, 0xDF, 0xDF, 0xDF, 0xDF, 0xDF, 0x25, 0xDF, 0xDF, 0xDF, 0xDF, 0xDF, 0xDF, 0xDF,
    0xDF, 0xDF, 0xDF, 0xDF, 0xDF, 0xDF, 0xDF, 0xDF, 0xDF, 0xDF, 0xDF, 0xDF, 0xDF, 0xDF, 0xDF, 0xDF,
    0xDF, 0xDF, 0xDF, 0xDF, 0xDF, 0xDF, 0xDF, 0xDF, 0xDF, 0xDF, 0xDF, 0xDF, 0xDF, 0xDF, 0xDF, 0xDF,
    0xDF, 0xDF, 0xDF, 0xDF, 0xDF, 0xDF, 0xDF, 0xDF, 0xDF, 0xDF, 0xDF, 0xDF, 0xDF, 0xDF, 0xDF, 0xDF,
    0xDF, 0xDF, 0xDF, 0xDF, 0xDF, 0xDF, 0xDF, 0x25, 0x25, 0xDF, 0xDF, 0xDF, 0xDF, 0xDF, 0xDF, 0xDF,
    0xDF, 0xDF, 0xDF, 0xDF, 0xDF, 0xDF, 0xDF, 0xDF, 0xDF, 0xDF, 0xDF, 0xDF, 0xDF, 0xDF, 0xDF, 0xDF,
    0xDF, 0xDF, 0xDF, 0xDF, 0xDF, 0xDF, 0xDF, 0xDF, 0xDF, 0xDF, 0xDF, 0xDF, 0xDF, 0xDF, 0xDF, 0xDF,
    0xDF, 0xDF, 0xDF, 0xDF, 0xDF, 0xDF, 0xDF, 0xDF, 0xDF, 0xDF, 0xDF, 0xDF, 0xDF, 0xDF, 0xDF, 0xDF,
    0xDF, 0xDF, 0xDF, 0xDF, 0xDF, 0xDF, 0x25, 0x25, 0xDF, 0xDF, 0xDF, 0xDF, 0xDF, 0xDF, 0xDF, 0xDF,
    0xDF, 0xDF, 0xDF, 0xDF, 0xDF, 0xDF, 0xDF, 0xDF, 0xDF, 0xDF, 0xDF, 0xDF, 0xDF, 0xDF, 0xDF, 0xDF,
    0xDF, 0xDF, 0xDF, 0xDF, 0xDF, 0xDF, 0xDF, 0xDF, 0xDF, 0xDF, 0xDF, 0xDF, 0xDF, 0xDF, 0xDF, 0xDF,
    0xDF, 0xDF, 0xDF, 0xDF, 0xDF, 0xDF, 0xDF, 0xDF, 0xDF, 0xDF, 0xDF, 0xDF, 0xDF, 0xDF, 0xDF, 0xDF,
    0xDF, 0xDF, 0xDF, 0xDF, 0xDF, 0x25, 0x25, 0xDF, 0xDF, 0xDF, 0xDF, 0xDF, 0xDF, 0xDF, 0xDF, 0xDF,
    0xDF, 0xDF, 0xDF, 0xDF, 0xDF, 0xDF, 0xDF, 0xDF, 0xDF, 0xDF, 0xDF, 0xDF, 0xDF, 0xDF, 0xDF, 0xDF,
    0xDF, 0xDF, 0xDF, 0xDF, 0xDF, 0xDF, 0xDF, 0xDF, 0xDF, 0xDF, 0xDF, 0xDF, 0xDF, 0xDF, 0xDF, 0xDF,
    0xDF, 0xDF, 0xDF, 0xDF, 0xDF, 0xDF, 0xDF, 0xDF, 0xDF, 0xDF, 0xDF, 0xDF, 0xDF, 0xDF, 0xDF, 0xDF,
    0xDF, 0xDF, 0xDF, 0xDF, 0x25, 0x25, 0x25, 0x25, 0x25, 0x25, 0x25, 0xDF, 0xDF, 0xDF, 0xDF, 0xDF,
    0xDF, 0xDF, 0xDF, 0xDF, 0xDF, 0xDF, 0xDF, 0xDF, 0xDF, 0xDF, 0xDF, 0xDF, 0xDF, 0xDF, 0xDF, 0xDF,
    0xDF, 0xDF, 0xDF, 0xDF, 0xDF, 0xDF, 0xDF, 0xDF, 0xDF, 0xDF, 0xDF, 0xDF, 0xDF, 0xDF, 0xDF, 0xDF,
    0xDF, 0xDF, 0xDF, 0xDF, 0xDF, 0xDF, 0xDF, 0xDF, 0xDF, 0xDF, 0xDF, 0xDF, 0xDF, 0xDF, 0xDF, 0xDF,
    0xDF, 0xDF, 0xDF, 0xDF, 0xDF, 0xDF, 0xDF, 0xDF, 0xDF, 0xDF, 0xDF, 0xDF, 0xDF, 0xDF, 0xDF, 0xDF,
    0xDF, 0xDF, 0xDF, 0xDF, 0xDF, 0xDF, 0xDF, 0xDF, 0xDF, 0xDF, 0xDF, 0xDF, 0xDF, 0xDF, 0xDF, 0xDF,
    0xDF, 0xDF, 0xDF, 0xDF, 0xDF, 0xDF, 0xDF, 0xDF, 0xDF, 0xDF, 0xDF, 0xDF, 0xDF, 0xDF, 0xDF, 0xDF,
    0xDF, 0xDF, 0xDF, 0xDF, 0xDF, 0xDF, 0xDF, 0xDF, 0xDF, 0xDF, 0xDF, 0xDF, 0x25, 0x25, 0x25, 0x25,
    0xDF, 0xDF, 0xDF, 0xDF, 0xDF, 0xDF, 0xDF, 0xDF, 0xDF, 0xDF, 0xDF, 0xDF, 0xDF, 0xDF, 0xDF, 0xDF,
    0xDF, 0xDF, 0xDF, 0xDF, 0xDF, 0xDF, 0xDF, 0xDF, 0xDF, 0xDF, 0xDF, 0xDF, 0xDF, 0xDF, 0xDF, 0xDF,
    0xDF, 0xDF, 0xDF, 0xDF, 0xDF, 0xDF, 0xDF, 0xDF, 0xDF, 0xDF, 0xDF, 0xDF, 0xDF, 0xDF, 0xDF, 0xDF,
    0xDF, 0xDF, 0xDF, 0xDF, 0xDF, 0xDF, 0xDF, 0xDF, 0xDF, 0xDF, 0xDF, 0xDF, 0xDF, 0xDF, 0xDF, 0x25,
    0xDF, 0xDF, 0xDF, 0xDF, 0xDF, 0xDF, 0xDF, 0xDF, 0xDF, 0xDF, 0xDF, 0xDF, 0xDF, 0xDF, 0xDF, 0xDF,
    0xDF, 0xDF, 0xDF, 0xDF, 0xDF, 0xDF, 0xDF, 0xDF, 0xDF, 0xDF, 0xDF, 0xDF, 0xDF, 0xDF, 0xDF, 0xDF,
    0xDF, 0xDF, 0xDF, 0xDF, 0xDF, 0xDF, 0xDF, 0xDF, 0xDF, 0xDF, 0xDF, 0xDF, 0xDF, 0xDF, 0xDF, 0xDF,
    0xDF, 0xDF, 0xDF, 0xDF, 0xDF, 0xDF, 0xDF, 0xDF, 0xDF, 0xDF, 0xDF, 0xDF, 0xDF, 0xDF, 0x25, 0xDF,
    0xDF, 0xDF, 0xDF, 0xDF, 0xDF, 0xDF, 0xDF, 0xDF, 0xDF, 0xDF, 0xDF, 0xDF, 0xDF, 0xDF, 0xDF, 0xDF,
    0xDF, 0xDF, 0xDF, 0xDF, 0xDF, 0xDF, 0xDF, 0xDF, 0xDF, 0xDF, 0xDF, 0xDF, 0xDF, 0xDF, 0xDF, 0xDF,
    0xDF, 0xDF, 0xDF, 0xDF, 0xDF, 0xDF, 0xDF, 0xDF, 0xDF, 0xDF, 0xDF, 0xDF, 0xDF, 0xDF, 0xDF, 0xDF,
    0xDF, 0xDF, 0xDF, 0xDF, 0xDF, 0xDF, 0xDF, 0xDF, 0xDF, 0xDF, 0xDF, 0xDF, 0xDF, 0x25, 0x25, 0x25,
    0x25, 0x25, 0xDF, 0xDF, 0xDF, 0xDF, 0xDF, 0xDF, 0xDF, 0xDF, 0xDF, 0xDF, 0xDF, 0xDF, 0xDF, 0xDF,
    0xDF, 0xDF, 0xDF, 0xDF, 0xDF, 0xDF, 0xDF, 0xDF, 0xDF, 0xDF, 0xDF, 0xDF, 0xDF, 0xDF, 0xDF, 0xDF,
    0xDF, 0xDF, 0xDF, 0xDF, 0xDF, 0xDF, 0xDF, 0xDF, 0xDF, 0xDF, 0xDF, 0xDF, 0xDF, 0xDF, 0xDF, 0xDF,
    0xDF, 0xDF, 0xDF, 0xDF, 0xDF, 0xDF, 0xDF, 0xDF, 0xDF, 0xDF, 0xDF, 0xDF, 0xDF, 0xDF, 0xDF, 0xDF,
    0xDF, 0xDF, 0xDF, 0xDF, 0xDF, 0xDF, 0xDF, 0xDF, 0xDF, 0xDF, 0xDF, 0xDF, 0xDF, 0xDF, 0xDF, 0xDF,
    0xDF, 0xDF, 0xDF, 0xDF, 0xDF, 0xDF, 0xDF, 0xDF, 0xDF, 0xDF, 0xDF, 0xDF, 0xDF, 0xDF, 0xDF, 0xDF,
    0xDF, 0xDF, 0xDF, 0xDF, 0xDF, 0xDF, 0xDF, 0xDF, 0xDF, 0xDF, 0xDF, 0xDF, 0xDF, 0xDF, 0xDF, 0xDF,
    0xDF, 0xDF, 0xDF, 0xDF, 0xDF, 0xDF, 0xDF, 0xDF, 0xDF, 0xDF, 0xDF, 0xDF, 0xDF, 0xDF, 0xDF, 0xDF,
    0xDF, 0xDF, 0xDF, 0xDF, 0xDF, 0xDF, 0xDF, 0xDF, 0xDF, 0xDF, 0xDF, 0xDF, 0xDF, 0xDF, 0xDF, 0xDF,
    0xDF, 0xDF, 0xDF, 0xDF, 0xDF, 0xDF, 0xDF, 0xDF, 0xDF, 0xDF, 0xDF, 0xDF, 0xDF, 0xDF, 0xDF, 0xDF,
    0xDF, 0xDF, 0xDF, 0xDF, 0xDF, 0xDF, 0xDF, 0xDF, 0xDF, 0xDF, 0xDF, 0xDF, 0xDF, 0xDF, 0xDF, 0xDF,
    0xDF, 0xDF, 0xDF, 0xDF, 0xDF, 0xDF, 0xDF, 0xDF, 0xDF, 0xDF, 0xDF, 0xDF, 0xDF, 0xDF, 0xDF, 0xDF,
    0xDF, 0xDF, 0xDF, 0xDF, 0xDF, 0xDF, 0xDF, 0xDF, 0xDF, 0xDF, 0xDF, 0xDF, 0xDF, 0xDF, 0xDF, 0xDF,
    0xDF, 0xDF, 0xDF, 0xDF, 0xDF, 0xDF, 0xDF, 0xDF, 0xDF, 0xDF, 0xDF, 0xDF, 0xDF, 0xDF, 0xDF, 0xDF,
    0xDF, 0xDF, 0xDF, 0xDF, 0xDF, 0xDF, 0xDF, 0xDF, 0xDF, 0xDF, 0xDF, 0xDF, 0xDF, 0xDF, 0xDF, 0xDF,
    0xDF, 0xDF, 0xDF, 0xDF, 0xDF, 0xDF, 0xDF, 0xDF, 0xDF, 0xDF, 0xDF, 0xDF, 0xDF, 0xDF, 0xDF, 0xDF,
    0xDF, 0xDF, 0xDF, 0xDF, 0xDF, 0xDF, 0xDF, 0xDF, 0xDF, 0xDF, 0xDF, 0xDF, 0xDF, 0xDF, 0xDF, 0xDF,
    0xDF, 0xDF, 0xDF, 0xDF, 0xDF, 0xDF, 0xDF, 0xDF, 0xDF, 0xDF, 0xDF, 0xDF, 0xDF, 0xDF, 0xDF, 0xDF,
    0xDF, 0xDF, 0xDF, 0xDF, 0xDF, 0xDF, 0xDF, 0xDF, 0xDF, 0xDF, 0xDF, 0xDF, 0xDF, 0xDF, 0xDF, 0xDF,
    0xDF, 0xDF, 0xDF, 0xDF, 0xDF, 0xDF, 0xDF, 0xDF, 0xDF, 0xDF, 0xDF, 0x25, 0x25, 0x25, 0x25, 0x25,
    0x25, 0x25, 0x25, 0xDF, 0xDF, 0xDF, 0xDF, 0xDF, 0xDF, 0xDF, 0xDF, 0xDF, 0xDF, 0xDF, 0xDF, 0xDF,
    0xDF, 0xDF, 0xDF, 0xDF, 0xDF, 0xDF, 0xDF, 0xDF, 0xDF, 0xDF, 0xDF, 0xDF, 0xDF, 0xDF, 0xDF, 0xDF,
    0xDF, 0xDF, 0xDF, 0xDF, 0xDF, 0xDF, 0xDF, 0xDF, 0xDF, 0xDF, 0xDF, 0xDF, 0xDF, 0xDF, 0xDF, 0xDF,
    0xDF, 0xDF, 0xDF, 0xDF, 0xDF, 0xDF, 0xDF, 0xDF, 0xDF, 0xDF, 0xDF, 0x25, 0xFF, 0xFF, 0xFF, 0xFF,
    0xFF, 0xFF, 0x25, 0x25, 0xDF, 0xDF, 0xDF, 0xDF, 0xDF, 0xDF, 0xDF, 0xDF, 0xDF, 0xDF, 0xDF, 0xDF,
    0xDF, 0xDF, 0xDF, 0xDF, 0xDF, 0xDF, 0xDF, 0xDF, 0xDF, 0xDF, 0xDF, 0xDF, 0xDF, 0xDF, 0xDF, 0xDF,
    0xDF, 0xDF, 0xDF, 0xDF, 0xDF, 0xDF, 0xDF, 0xDF, 0xDF, 0xDF, 0xDF, 0xDF, 0xDF, 0xDF, 0xDF, 0xDF,
    0xDF, 0x25, 0x25, 0xDF, 0xDF, 0x25, 0x25, 0x25, 0x25, 0x25, 0x25, 0x25, 0xFF, 0xFF, 0xFF, 0xFF,
    0xFF, 0xFF, 0xFF, 0x25, 0x25, 0x25, 0x25, 0x25, 0x25, 0x25, 0xDF, 0xDF, 0xDF, 0xDF, 0xDF, 0xDF,
    0xDF, 0xDF, 0xDF, 0xDF, 0xDF, 0xDF, 0xDF, 0xDF, 0xDF, 0xDF, 0xDF, 0xDF, 0xDF, 0xDF, 0xDF, 0xDF,
    0xDF, 0xDF, 0xDF, 0xDF, 0xDF, 0xDF, 0xDF, 0xDF, 0xDF, 0xDF, 0xDF, 0xDF, 0xDF, 0xDF, 0xDF, 0x25,
    0x25, 0xFF, 0x25, 0x25, 0x25, 0x25, 0x25, 0x4B, 0x4B, 0x4B, 0x4B, 0x4B, 0x25, 0xFF, 0xFF, 0xFF,
    0xFF, 0xFF, 0xFF, 0x25, 0xFA, 0xFA, 0xFA, 0xFA, 0xFA, 0xFA, 0x25, 0x25, 0x25, 0x25, 0xDF, 0xDF,
    0xDF, 0xDF, 0xDF, 0xDF, 0xDF, 0xDF, 0xDF, 0xDF, 0xDF, 0xDF, 0xDF, 0xDF, 0xDF, 0xDF, 0xDF, 0xDF,
    0xDF, 0xDF, 0xDF, 0xDF, 0xDF, 0xDF, 0xDF, 0xDF, 0xDF, 0xDF, 0xDF, 0xDF, 0xDF, 0xDF, 0x25, 0x25,
    0xFF, 0xFF, 0xFF, 0xFF, 0xFF, 0x25, 0x4B, 0x4B, 0x4B, 0x4B, 0x4B, 0x4B, 0x25, 0xFF, 0xFF, 0xFF,
    0xFF, 0xFF, 0xFF, 0xFF, 0x25, 0xFA, 0xFA, 0xFA, 0xFA, 0xFA, 0xFA, 0xFA, 0xFA, 0xFA, 0x25, 0x25,
    0x25, 0xDF, 0xDF, 0xDF, 0xDF, 0xDF, 0xDF, 0xDF, 0xDF, 0xDF, 0xDF, 0xDF, 0xDF, 0xDF, 0xDF, 0xDF,
    0xDF, 0xDF, 0xDF, 0xDF, 0xDF, 0xDF, 0xDF, 0xDF, 0xDF, 0xDF, 0xDF, 0xDF, 0x25, 0x25, 0x25, 0xFF,
    0xFF, 0xFF, 0xFF, 0xFF, 0x25, 0x4B, 0x4B, 0x4B, 0x4B, 0x4B, 0x4B, 0x4B, 0x25, 0xFF, 0xFF, 0xFF,
    0xFF, 0xFF, 0xFF, 0xFF, 0x25, 0xFA, 0xFA, 0xFA, 0xFA, 0xFA, 0xFA, 0xFA, 0xFA, 0xFA, 0xFA, 0xFA,
    0xFA, 0x25, 0x25, 0xDF, 0xDF, 0xDF, 0xDF, 0xDF, 0xDF, 0xDF, 0xDF, 0xDF, 0xDF, 0xDF, 0xDF, 0xDF,
    0xDF, 0xDF, 0xDF, 0xDF, 0xDF, 0xDF, 0xDF, 0xDF, 0xDF, 0xDF, 0xDF, 0x25, 0x25, 0x7B, 0x25, 0xFF,
    0xFF, 0xFF, 0xFF, 0x25, 0x25, 0x4B, 0x4B, 0x25, 0x25, 0x25, 0x4B, 0x4B, 0x25, 0xFF, 0xFF, 0xFF,
    0xFF, 0xFF, 0xFF, 0xFF, 0x25, 0x25, 0xFA, 0xFA, 0xFA, 0xFA, 0xFA, 0xFA, 0xFA, 0xFA, 0xFA, 0xFA,
    0xFA, 0xFA, 0xFA, 0x25, 0xDF, 0xDF, 0xDF, 0xDF, 0xDF, 0xDF, 0xDF, 0xDF, 0xDF, 0xDF, 0xDF, 0xDF,
    0xDF, 0xDF, 0xDF, 0xDF, 0xDF, 0xDF, 0xDF, 0xDF, 0xDF, 0x25, 0x25, 0x7B, 0x7B, 0x25, 0xFF, 0xFF,
    0xFF, 0xFF, 0x25, 0x25, 0x4B, 0x4B, 0x4B, 0x4B, 0x4B, 0x25, 0x4B, 0x4B, 0x25, 0xFF, 0xFF, 0xFF,
    0xFF, 0xFF, 0xFF, 0xFF, 0xFF, 0x25, 0xFA, 0xFA, 0xFA, 0xFA, 0xFA, 0xFA, 0xFA, 0xFA, 0xFA, 0xFA,
    0xFA, 0xFA, 0xFA, 0xFA, 0x25, 0xDF, 0xDF, 0xDF, 0xDF, 0xDF, 0xDF, 0xDF, 0xDF, 0xDF, 0xDF, 0xDF,
    0xDF, 0xDF, 0xDF, 0xDF, 0xDF, 0xDF, 0xDF, 0x25, 0x25, 0xD7, 0xD7, 0x7B, 0x7B, 0x25, 0xFF, 0xFF,
    0xFF, 0xFF, 0x25, 0x4B, 0x4B, 0x4B, 0x4B, 0x4B, 0x4B, 0x25, 0x4B, 0x4B, 0x25, 0xFF, 0xFF, 0xFF,
    0xFF, 0xFF, 0xFF, 0xFF, 0xFF, 0x25, 0xFA, 0xFA, 0xFA, 0xFA, 0xFA, 0xFA, 0xFA, 0xFA, 0xFA, 0xFA,
    0xFA, 0xFA, 0xFA, 0xFA, 0xFA, 0x25, 0xDF, 0xDF, 0xDF, 0xDF, 0xDF, 0xDF, 0xDF, 0xDF, 0xDF, 0xDF,
    0xDF, 0xDF, 0xDF, 0xDF, 0xDF, 0xDF, 0x25, 0x25, 0xD7, 0xD7, 0xD7, 0xD7, 0xD7, 0x25, 0xFF, 0xFF,
    0xFF, 0xFF, 0x25, 0x4B, 0x4B, 0x4B, 0x4B, 0x25, 0x25, 0x4B, 0x4B, 0x4B, 0x4B, 0x25, 0xFF, 0xFF,
    0xFF, 0xFF, 0xFF, 0xFF, 0xFF, 0x25, 0x25, 0xFA, 0xFA, 0xFA, 0xFA, 0xFA, 0xFA, 0xFA, 0xFA, 0xFA,
    0xFA, 0xFA, 0xFA, 0xFA, 0xFA, 0xFA, 0x25, 0xDF, 0xDF, 0xDF, 0xDF, 0xDF, 0xDF, 0xDF, 0xDF, 0xDF,
    0xDF, 0xDF, 0xDF, 0xDF, 0xDF, 0x25, 0x25, 0xD7, 0xD7, 0xD7, 0xD7, 0xD7, 0x25, 0x25, 0xFF, 0xFF,
    0xFF, 0x25, 0x4B, 0x4B, 0x4B, 0x4B, 0x4B, 0x4B, 0x4B, 0x4B, 0x4B, 0x4B, 0x4B, 0x25, 0xFF, 0xFF,
    0xFF, 0xFF, 0xFF, 0xFF, 0xFF, 0xFF, 0x25, 0xFA, 0xFA, 0xFA, 0xFA, 0xFA, 0xFA, 0xFA, 0xFA, 0xFA,
    0xFA, 0xFA, 0xFA, 0xFA, 0xFA, 0xFA, 0xFA, 0x25, 0xDF, 0xDF, 0xDF, 0xDF, 0xDF, 0xDF, 0xDF, 0xDF,
    0xDF, 0xDF, 0xDF, 0xDF, 0xDF, 0x25, 0xD7, 0xD7, 0xD7, 0xD7, 0xD7, 0xD7, 0x25, 0xFF, 0xFF, 0xFF,
    0xFF, 0x25, 0x4B, 0x4B, 0x4B, 0x4B, 0x4B, 0x4B, 0x4B, 0x4B, 0x4B, 0x4B, 0x4B, 0x25, 0xFF, 0xFF,
    0xFF, 0xFF, 0xFF, 0xFF, 0xFF, 0xFF, 0x25, 0xFA, 0xFA, 0xFA, 0xFA, 0xFA, 0xFA, 0xFA, 0xFA, 0xFA,
    0xFA, 0xFA, 0xFA, 0xFA, 0xFA, 0xFA, 0xFA, 0x25, 0x25, 0xDF, 0xDF, 0xDF, 0xDF, 0xDF, 0xDF, 0xDF,
    0xDF, 0xDF, 0xDF, 0xDF, 0x25, 0x25, 0xD7, 0xD7, 0xD7, 0xD7, 0xD7, 0xD7, 0x25, 0xFF, 0xFF, 0xFF,
    0x25, 0x25, 0x4B, 0x4B, 0x4B, 0x4B, 0x4B, 0x25, 0x4B, 0x4B, 0x4B, 0x4B, 0x4B, 0x25, 0xFF, 0xFF,
    0xFF, 0xFF, 0xFF, 0xFF, 0xFF, 0xFF, 0x25, 0xFA, 0xFA, 0xFA, 0xFA, 0xFA, 0xFA, 0xFA, 0xFA, 0xFA,
    0xFA, 0xFA, 0xFA, 0xFA, 0xFA, 0xFA, 0xFA, 0xFA, 0x25, 0xDF, 0xDF, 0xDF, 0xDF, 0xDF, 0xDF, 0xDF,
    0xDF, 0xDF, 0xDF, 0xDF, 0x25, 0xD7, 0xD7, 0xD7, 0xD7, 0xD7, 0xD7, 0xD7, 0x25, 0xFF, 0xFF, 0xFF,
    0x25, 0x4B, 0x4B, 0x4B, 0x4B, 0x4B, 0x25, 0x4B, 0x4B, 0x25, 0x4B, 0x4B, 0x4B, 0x25, 0xFF, 0xFF,
    0xFF, 0xFF, 0xFF, 0xFF, 0xFF, 0xFF, 0x25, 0xFA, 0xFA, 0xFA, 0xFA, 0xFA, 0xFA, 0xFA, 0xFA, 0xFA,
    0xFA, 0xFA, 0xFA, 0xFA, 0xFA, 0xFA, 0xFA, 0xFA, 0x25, 0xDF, 0xDF, 0xDF, 0xDF, 0xDF, 0xDF, 0xDF,
    0xDF, 0xDF, 0xDF, 0xDF, 0x25, 0x7B, 0xD7, 0xD7, 0xD7, 0xD7, 0xD7, 0xD7, 0x25, 0xFF, 0xFF, 0xFF,
    0x25, 0x4B, 0x4B, 0x4B, 0x4B, 0x4B, 0x25, 0x4B, 0x4B, 0x25, 0x4B, 0x4B, 0x4B, 0x4B, 0x25, 0xFF,
    0xFF, 0xFF, 0xFF, 0xFF, 0xFF, 0xFF, 0xFF, 0x25, 0xFA, 0xFA, 0xFA, 0xFA, 0xFA, 0xFA, 0xFA, 0xFA,
    0xFA, 0xFA, 0xFA, 0xFA, 0xFA, 0xFA, 0xFA, 0xFA, 0x25, 0xDF, 0xDF, 0xDF, 0xDF, 0xDF, 0xDF, 0xDF,
    0xDF, 0xDF, 0xDF, 0x25, 0x25, 0x7B, 0x7B, 0xD7, 0xD7, 0xD7, 0xD7, 0xD7, 0x25, 0xFF, 0xFF, 0xFF,
    0x25, 0x4B, 0x4B, 0x4B, 0x4B, 0x25, 0x25, 0x4B, 0x4B, 0x25, 0x4B, 0x4B, 0x4B, 0x4B, 0x25, 0xFF,
    0xFF, 0xFF, 0xFF, 0xFF, 0xFF, 0xFF, 0xFF, 0x25, 0xFA, 0xFA, 0xFA, 0xFA, 0xFA, 0xFA, 0xFA, 0xFA,
    0xFA, 0xFA, 0xFA, 0xFA, 0xFA, 0xFA, 0xFA, 0xFA, 0xFA, 0x25, 0xDF, 0xDF, 0xDF, 0xDF, 0xDF, 0xDF,
    0xDF, 0xDF, 0xDF, 0x25, 0x7B, 0x7B, 0x7B, 0xD7, 0xD7, 0xD7, 0xD7, 0xD7, 0x25, 0xFF, 0xFF, 0xFF,
    0x25, 0x4B, 0x4B, 0x4B, 0x4B, 0x25, 0x4B, 0x4B, 0x4B, 0x25, 0x4B, 0x4B, 0x4B, 0x4B, 0x25, 0xFF,
    0xFF, 0xFF, 0xFF, 0xFF, 0xFF, 0xFF, 0xFF, 0x25, 0xFA, 0xFA, 0xFA, 0xFA, 0xFA, 0xFA, 0xFA, 0xFA,
    0xFA, 0xFA, 0xFA, 0xFA, 0xFA, 0xFA, 0xFA, 0xFA, 0xFA, 0x25, 0xDF, 0xDF, 0xDF, 0xDF, 0xDF, 0xDF,
    0xDF, 0xDF, 0xDF, 0x25, 0x7B, 0x7B, 0x7B, 0xD7, 0xD7, 0xD7, 0xD7, 0xD7, 0x25, 0xFF, 0xFF, 0x25,
    0x25, 0x4B, 0x4B, 0x4B, 0x4B, 0x25, 0x4B, 0x4B, 0x4B, 0x25, 0x4B, 0x4B, 0x4B, 0x4B, 0x25, 0xFF,
    0xFF, 0xFF, 0xFF, 0xFF, 0xFF, 0xFF, 0xFF, 0x25, 0xFA, 0xFA, 0xFA, 0xFA, 0xFA, 0xFA, 0xFA, 0xFA,
    0xFA, 0xFA, 0xFA, 0xFA, 0xFA, 0xFA, 0xFA, 0xFA, 0xFA, 0x25, 0xDF, 0xDF, 0xDF, 0xDF, 0xDF, 0xDF,
    0xDF, 0xDF, 0xDF, 0x25, 0x7B, 0x7B, 0xD7, 0xD7, 0xD7, 0x7B, 0x7B, 0x7B, 0x25, 0xFF, 0xFF, 0x25,
    0x4B, 0x4B, 0x4B, 0x4B, 0x4B, 0x4B, 0x4B, 0x4B, 0x4B, 0x25, 0x4B, 0x4B, 0x4B, 0x4B, 0x25, 0xFF,
    0xFF, 0xFF, 0xFF, 0xFF, 0xFF, 0xFF, 0xFF, 0x25, 0xFA, 0xFA, 0xFA, 0xFA, 0xFA, 0xFA, 0xFA, 0xFA,
    0xFA, 0xFA, 0xFA, 0xFA, 0xFA, 0xFA, 0xFA, 0xFA, 0xFA, 0x25, 0xDF, 0xDF, 0xDF, 0xDF, 0xDF, 0xDF,
    0xDF, 0xDF, 0xDF, 0x25, 0xD7, 0xD7, 0xD7, 0xD7, 0xD7, 0x7B, 0x7B, 0x7B, 0x25, 0xFF, 0xFF, 0x25,
    0x4B, 0x4B, 0x4B, 0x4B, 0x4B, 0x4B, 0x4B, 0x4B, 0x4B, 0x4B, 0x4B, 0x4B, 0x4B, 0x4B, 0x25, 0xFF,
    0xFF, 0xFF, 0xFF, 0xFF, 0xFF, 0xFF, 0xFF, 0x25, 0xFA, 0xFA, 0xFA, 0xFA, 0xFA, 0xFA, 0xFA, 0xFA,
    0xFA, 0xFA, 0xFA, 0xFA, 0xFA, 0xFA, 0xFA, 0xFA, 0xFA, 0x25, 0xDF, 0xDF, 0xDF, 0xDF, 0xDF, 0xDF,
    0xDF, 0xDF, 0xDF, 0x25, 0xD7, 0xD7, 0xD7, 0xD7, 0x7B, 0x7B, 0x7B, 0x7B, 0x25, 0xFF, 0xFF, 0x25,
    0x4B, 0x4B, 0x4B, 0x4B, 0x4B, 0x4B, 0x4B, 0x4B, 0x4B, 0x4B, 0x4B, 0x4B, 0x4B, 0x4B, 0x25, 0xFF,
    0xFF, 0xFF, 0xFF, 0xFF, 0xFF, 0xFF, 0xFF, 0x25, 0xFA, 0xFA, 0xFA, 0xFA, 0xFA, 0xFA, 0xFA, 0xFA,
    0xFA, 0xFA, 0xFA, 0xFA, 0xFA, 0xFA, 0xFA, 0xFA, 0xFA, 0x25, 0xDF, 0xDF, 0xDF, 0xDF, 0xDF, 0xDF,
    0xDF, 0xDF, 0xDF, 0xDF, 0x25, 0xD7, 0xD7, 0xD7, 0x7B, 0x7B, 0x7B, 0x7B, 0x25, 0xFF, 0xFF, 0x25,
    0x4B, 0x4B, 0x4B, 0x4B, 0x4B, 0x4B, 0x4B, 0x4B, 0x4B, 0x4B, 0x4B, 0x4B, 0x4B, 0x4B, 0x25, 0xFF,
    0xFF, 0xFF, 0xFF, 0xFF, 0xFF, 0xFF, 0xFF, 0x25, 0xFA, 0xFA, 0xFA, 0xFA, 0xFA, 0xFA, 0xFA, 0xFA,
    0xFA, 0xFA, 0xFA, 0xFA, 0xFA, 0xFA, 0xFA, 0xFA, 0xFA, 0x25, 0xDF, 0xDF, 0xDF, 0xDF, 0xDF, 0xDF,
    0xDF, 0xDF, 0xDF, 0xDF, 0x25, 0xD7, 0xD7, 0xD7, 0xD7, 0x7B, 0x7B, 0x7B, 0x25, 0x25, 0xFF, 0x25,
    0x4B, 0x4B, 0x4B, 0x4B, 0x4B, 0x4B, 0x4B, 0x4B, 0x4B, 0x4B, 0x4B, 0x4B, 0x4B, 0x4B, 0x25, 0xFF,
    0xFF, 0xFF, 0xFF, 0xFF, 0xFF, 0xFF, 0xFF, 0x25, 0xFA, 0xFA, 0xFA, 0xFA, 0xFA, 0xFA, 0xFA, 0xFA,
    0xFA, 0xFA, 0xFA, 0xFA, 0xFA, 0xFA, 0xFA, 0xFA, 0xFA, 0x25, 0x25, 0xDF, 0xDF, 0xDF, 0xDF, 0xDF,
    0xDF, 0xDF, 0xDF, 0xDF, 0x25, 0xD7, 0xD7, 0xD7, 0xD7, 0xD7, 0xD7, 0xD7, 0xD7, 0x25, 0xFF, 0x25,
    0x4B, 0x4B, 0x4B, 0x4B, 0x4B, 0x4B, 0x4B, 0x4B, 0x4B, 0x4B, 0x4B, 0x4B, 0x4B, 0x4B, 0x25, 0xFF,
    0xFF, 0xFF, 0xFF, 0xFF, 0xFF, 0xFF, 0xFF, 0x25, 0xFA, 0xFA, 0xFA, 0xFA, 0xFA, 0xFA, 0xFA, 0xFA,
    0xFA, 0xFA, 0xFA, 0xFA, 0xFA, 0xFA, 0xFA, 0xFA, 0xFA, 0xFA, 0x25, 0xDF, 0xDF, 0xDF, 0xDF, 0xDF,
    0xDF, 0xDF, 0xDF, 0xDF, 0x25, 0xD7, 0xD7, 0xD7, 0xD7, 0xD7, 0xD7, 0xD7, 0xD7, 0x25, 0x25, 0x25,
    0x4B, 0x4B, 0x4B, 0x4B, 0x4B, 0x4B, 0x4B, 0x4B, 0x4B, 0x4B, 0x4B, 0x4B, 0x4B, 0x4B, 0x25, 0xFF,
    0xFF, 0xFF, 0xFF, 0xFF, 0xFF, 0xFF, 0xFF, 0x25, 0xFA, 0xFA, 0xFA, 0xFA, 0xFA, 0xFA, 0xFA, 0xFA,
    0xFA, 0xFA, 0xFA, 0xFA, 0xFA, 0xFA, 0xFA, 0xFA, 0xFA, 0xFA, 0x25, 0xDF, 0xDF, 0xDF, 0xDF, 0xDF,
    0xDF, 0xDF, 0xDF, 0xDF, 0x25, 0x7B, 0x7B, 0x7B, 0x7B, 0xD7, 0xD7, 0xD7, 0xD7, 0xD7, 0x25, 0x25,
    0x25, 0x4B, 0x4B, 0x4B, 0x4B, 0x4B, 0x4B, 0x4B, 0x4B, 0x4B, 0x4B, 0x4B, 0x4B, 0x4B, 0x25, 0xFF,
    0xFF, 0xFF, 0xFF, 0xFF, 0xFF, 0xFF, 0xFF, 0x25, 0xFA, 0xFA, 0xFA, 0xFA, 0xFA, 0xFA, 0xFA, 0xFA,
    0xFA, 0xFA, 0xFA, 0xFA, 0xFA, 0xFA, 0xFA, 0xFA, 0xFA, 0xFA, 0x25, 0xDF, 0xDF, 0xDF, 0xDF, 0xDF,
    0xDF, 0xDF, 0xDF, 0xDF, 0xDF, 0x25, 0x7B, 0x7B, 0x7B, 0x7B, 0xD7, 0xD7, 0x25, 0x25, 0xDF, 0xDF,
    0xDF, 0x25, 0x4B, 0x4B, 0x4B, 0x4B, 0x4B, 0x4B, 0x4B, 0x4B, 0x4B, 0x4B, 0x4B, 0x4B, 0x25, 0xFF,
    0xFF, 0xFF, 0xFF, 0xFF, 0xFF, 0xFF, 0xFF, 0x25, 0xFA, 0xFA, 0xFA, 0xFA, 0xFA, 0xFA, 0xFA, 0xFA,
    0xFA, 0xFA, 0xFA, 0xFA, 0xFA, 0xFA, 0xFA, 0xFA, 0xFA, 0xFA, 0x25, 0xDF, 0xDF, 0xDF, 0xDF, 0xDF,
    0xDF, 0xDF, 0xDF, 0xDF, 0xDF, 0x25, 0x25, 0x7B, 0x7B, 0x7B, 0x25, 0x25, 0x25, 0x25, 0xDF, 0xDF,
    0xDF, 0x25, 0x4B, 0x4B, 0x4B, 0x4B, 0x4B, 0x4B, 0x4B, 0x4B, 0x4B, 0x4B, 0x4B, 0x4B, 0x25, 0xFF,
    0xFF, 0xFF, 0xFF, 0xFF, 0xFF, 0xFF, 0xFF, 0x25, 0xFA, 0xFA, 0xFA, 0xFA, 0xFA, 0xFA, 0xFA, 0xFA,
    0xFA, 0xFA, 0xFA, 0xFA, 0xFA, 0xFA, 0xFA, 0xFA, 0xFA, 0xFA, 0x25, 0xDF, 0xDF, 0xDF, 0xDF, 0xDF,
    0xDF, 0xDF, 0xDF, 0xDF, 0xDF, 0xDF, 0x25, 0x7B, 0x7B, 0x25, 0x25, 0xFF, 0xFF, 0x25, 0x25, 0xDF,
    0xDF, 0xDF, 0x25, 0x4B, 0x4B, 0x4B, 0x4B, 0x4B, 0x4B, 0x4B, 0x4B, 0x4B, 0x4B, 0x4B, 0x25, 0xFF,
    0xFF, 0xFF, 0xFF, 0xFF, 0xFF, 0xFF, 0xFF, 0x25, 0xFA, 0xFA, 0xFA, 0xFA, 0xFA, 0xFA, 0xFA, 0xFA,
    0xFA, 0xFA, 0xFA, 0xFA, 0xFA, 0xFA, 0xFA, 0xFA, 0xFA, 0xFA, 0x25, 0xDF, 0xDF, 0xDF, 0xDF, 0xDF,
    0xDF, 0xDF, 0xDF, 0xDF, 0xDF, 0xDF, 0xDF, 0x25, 0xD7, 0x25, 0xFF, 0xFF, 0xFF, 0xFF, 0xFF, 0x25,
    0xDF, 0xDF, 0x25, 0x25, 0x4B, 0x4B, 0x4B, 0x4B, 0x4B, 0x4B, 0x4B, 0x4B, 0x4B, 0x4B, 0x25, 0xFF,
    0xFF, 0xFF, 0xFF, 0xFF, 0xFF, 0xFF, 0xFF, 0x25, 0xFA, 0xFA, 0xFA, 0xFA, 0xFA, 0xFA, 0xFA, 0xFA,
    0xFA, 0xFA, 0xFA, 0xFA, 0xFA, 0xFA, 0xFA, 0xFA, 0xFA, 0xFA, 0x25, 0xDF, 0xDF, 0xDF, 0xDF, 0xDF,
    0xDF, 0xDF, 0xDF, 0xDF, 0xDF, 0xDF, 0xDF, 0x25, 0x25, 0x25, 0xFF, 0xFF, 0xFF, 0xFF, 0xFF, 0x25,
    0xDF, 0xDF, 0xDF, 0xDF, 0x25, 0x25, 0x4B, 0x4B, 0x4B, 0x4B, 0x4B, 0x4B, 0x4B, 0x4B, 0x25, 0xFF,
    0xFF, 0xFF, 0xFF, 0xFF, 0xFF, 0xFF, 0xFF, 0x25, 0xFA, 0xFA, 0xFA, 0xFA, 0xFA, 0xFA, 0xFA, 0xFA,
    0xFA, 0xFA, 0xFA, 0xFA, 0xFA, 0xFA, 0xFA, 0xFA, 0xFA, 0xFA, 0x25, 0xDF, 0xDF, 0xDF, 0xDF, 0xDF,
    0xDF, 0xDF, 0xDF, 0xDF, 0xDF, 0xDF, 0xDF, 0xDF, 0xDF, 0x25, 0x25, 0xFF, 0xFF, 0xFF, 0xFF, 0x25,
    0xDF, 0xDF, 0xDF, 0xDF, 0xDF, 0x25, 0x25, 0x25, 0x25, 0x4B, 0x4B, 0x4B, 0x4B, 0x4B, 0x4B, 0x25,
    0xFF, 0xFF, 0xFF, 0xFF, 0xFF, 0xFF, 0xFF, 0x25, 0xFA, 0xFA, 0xFA, 0xFA, 0xFA, 0xFA, 0xFA, 0xFA,
    0xFA, 0xFA, 0xFA, 0xFA, 0xFA, 0xFA, 0xFA, 0xFA, 0xFA, 0x25, 0x25, 0xDF, 0xDF, 0xDF, 0xDF, 0xDF,
    0xDF, 0xDF, 0xDF, 0xDF, 0xDF, 0xDF, 0xDF, 0xDF, 0xDF, 0xDF, 0x25, 0x25, 0x25, 0x25, 0x25, 0x25,
    0xDF, 0xDF, 0xDF, 0xDF, 0xDF, 0xDF, 0xDF, 0xDF, 0xDF, 0x25, 0x25, 0x25, 0x25, 0x25, 0x25, 0x25,
    0x25, 0xFF, 0xFF, 0xFF, 0xFF, 0xFF, 0xFF, 0x25, 0x25, 0x25, 0x25, 0x25, 0x25, 0x25, 0x25, 0x25,
    0x25, 0x25, 0x25, 0x25, 0x25, 0x25, 0x25, 0x25, 0x25, 0xDF, 0xDF, 0xDF, 0xDF, 0xDF, 0xDF, 0xDF,
    0xDF, 0xDF, 0xDF, 0xDF, 0xDF, 0xDF, 0xDF, 0xDF, 0xDF, 0xDF, 0xDF, 0xDF, 0xDF, 0xDF, 0xDF, 0xDF,
    0xDF, 0xDF, 0xDF, 0xDF, 0xDF, 0xDF, 0xDF, 0xDF, 0xDF, 0xDF, 0xDF, 0xDF, 0xDF, 0xDF, 0xDF, 0x25,
    0x25, 0x25, 0x25, 0x25, 0x25, 0x25, 0x25, 0x25, 0xDF, 0xDF, 0xDF, 0xDF, 0xDF, 0xDF, 0xDF, 0xDF,
    0xDF, 0xDF, 0xDF, 0xDF, 0xDF, 0xDF, 0xDF, 0xDF, 0xDF, 0xDF, 0xDF, 0xDF, 0xDF, 0xDF, 0xDF, 0xDF,
    0xDF, 0xDF, 0xDF, 0xDF, 0xDF, 0xDF, 0xDF, 0xDF, 0xDF, 0xDF, 0xDF, 0xDF, 0xDF, 0xDF, 0xDF, 0xDF,
    0xDF, 0xDF, 0xDF, 0xDF, 0xDF, 0xDF, 0xDF, 0xDF, 0xDF, 0xDF, 0xDF, 0xDF, 0xDF, 0xDF, 0xDF, 0xDF,
    0xDF, 0xDF, 0xDF, 0xDF, 0xDF, 0xDF, 0xDF, 0xDF, 0xDF, 0xDF, 0xDF, 0xDF, 0xDF, 0xDF, 0xDF, 0xDF,
    0xDF, 0xDF, 0xDF, 0xDF, 0xDF, 0xDF, 0xDF, 0xDF, 0xDF, 0xDF, 0xDF, 0xDF, 0xDF, 0xDF, 0xDF, 0xDF,
    0xDF, 0xDF, 0xDF, 0xDF, 0xDF, 0xDF, 0xDF, 0xDF, 0xDF, 0xDF, 0xDF, 0xDF, 0xDF, 0xDF, 0xDF, 0xDF,
    0xDF, 0xDF, 0xDF, 0xDF, 0xDF, 0xDF, 0xDF, 0xDF, 0xDF, 0xDF, 0xDF, 0xDF, 0xDF, 0xDF, 0xDF, 0xDF,
    0xDF, 0xDF, 0xDF, 0xDF, 0xDF, 0xDF, 0xDF, 0xDF, 0xDF, 0xDF, 0xDF, 0xDF, 0xDF, 0xDF, 0xDF, 0xDF,
    0xDF, 0xDF, 0xDF, 0xDF, 0xDF, 0xDF, 0xDF, 0xDF, 0xDF, 0xDF, 0xDF, 0xDF, 0xDF, 0xDF, 0xDF, 0xDF,
    0xDF, 0xDF, 0xDF, 0xDF, 0xDF, 0xDF, 0xDF, 0xDF, 0xDF, 0xDF, 0xDF, 0xDF, 0xDF, 0xDF, 0xDF, 0xDF,
    0xDF, 0xDF, 0xDF, 0xDF, 0xDF, 0xDF, 0xDF, 0xDF, 0xDF, 0xDF, 0xDF, 0xDF, 0xDF, 0xDF, 0xDF, 0xDF,
    0xDF, 0xDF, 0xDF, 0xDF, 0xDF, 0xDF, 0xDF, 0xDF, 0xDF, 0xDF, 0xDF, 0xDF, 0xDF, 0xDF, 0xDF, 0xDF,
    0xDF, 0xDF, 0xDF, 0xDF, 0xDF, 0xDF, 0xDF, 0xDF, 0xDF, 0xDF, 0xDF, 0xDF, 0xDF, 0xDF, 0xDF, 0xDF,
    0xDF, 0xDF, 0xDF, 0xDF, 0xDF, 0xDF, 0xDF, 0xDF, 0xDF, 0xDF, 0xDF, 0xDF, 0xDF, 0xDF, 0xDF, 0xDF,
    0xDF, 0xDF, 0xDF, 0xDF, 0xDF, 0xDF, 0xDF, 0xDF, 0xDF, 0xDF, 0xDF, 0xDF, 0xDF, 0xDF, 0xDF, 0xDF,
    0xDF, 0xDF, 0xDF, 0xDF, 0xDF, 0xDF, 0xDF, 0xDF, 0xDF, 0xDF, 0xDF, 0xDF, 0xDF, 0xDF, 0xDF, 0xDF,
    0xDF, 0xDF, 0xDF, 0xDF, 0xDF, 0xDF, 0xDF, 0xDF, 0xDF, 0xDF, 0xDF, 0xDF, 0xDF, 0xDF, 0xDF, 0xDF,
    0xDF, 0xDF, 0xDF, 0xDF, 0xDF, 0xDF, 0xDF, 0xDF, 0xDF, 0xDF, 0xDF, 0xDF, 0xDF, 0xDF, 0xDF, 0xDF,
    0xDF, 0xDF, 0xDF, 0xDF, 0xDF, 0xDF, 0xDF, 0xDF, 0xDF, 0xDF, 0xDF, 0xDF, 0xDF, 0xDF, 0xDF, 0xDF,
    0xDF, 0xDF, 0xDF, 0xDF, 0xDF, 0xDF, 0xDF, 0xDF, 0xDF, 0xDF, 0xDF, 0xDF, 0xDF, 0xDF, 0xDF, 0xDF,
    0xDF, 0xDF, 0xDF, 0xDF, 0xDF, 0xDF, 0xDF, 0xDF, 0xDF, 0xDF, 0xDF, 0xDF, 0xDF, 0xDF, 0xDF, 0xDF,
    0xDF, 0xDF, 0xDF, 0xDF, 0xDF, 0xDF, 0xDF, 0xDF, 0xDF, 0xDF, 0xDF, 0xDF, 0xDF, 0xDF, 0xDF, 0xDF,
    0xDF, 0xDF, 0xDF, 0xDF, 0xDF, 0xDF, 0xDF, 0xDF, 0xDF, 0xDF, 0xDF, 0xDF, 0xDF, 0xDF, 0xDF, 0xDF,
    0xDF, 0xDF, 0xDF, 0xDF, 0xDF, 0xDF, 0xDF, 0xDF, 0xDF, 0xDF, 0xDF, 0xDF, 0xDF, 0xDF, 0xDF, 0xDF,
    0xDF, 0xDF, 0xDF, 0xDF, 0xDF, 0xDF, 0xDF, 0xDF, 0xDF, 0xDF, 0xDF, 0xDF, 0xDF, 0xDF, 0xDF, 0xDF,
    0xDF, 0xDF, 0xDF, 0xDF, 0xDF, 0xDF, 0xDF, 0xDF, 0xDF, 0xDF, 0xDF, 0xDF, 0xDF, 0xDF, 0xDF, 0xDF,
    0xDF, 0xDF, 0xDF, 0xDF, 0xDF, 0xDF, 0xDF, 0xDF, 0xDF, 0xDF, 0xDF, 0xDF, 0xDF, 0xDF, 0xDF, 0xDF,
    0xDF, 0xDF, 0xDF, 0xDF, 0xDF, 0xDF, 0xDF, 0xDF, 0xDF, 0xDF, 0xDF, 0xDF, 0xDF, 0xDF, 0xDF, 0xDF,
    0xDF, 0xDF, 0xDF, 0xDF, 0xDF, 0xDF, 0xDF, 0xDF, 0xDF, 0xDF, 0xDF, 0xDF, 0xDF, 0xDF, 0xDF, 0xDF,
};

const uint8_t kSleepSpriteFrame1[] PROGMEM = {
    0xDF, 0xDF, 0xDF, 0xDF, 0xDF, 0xDF, 0xDF, 0xDF, 0xDF, 0xDF, 0xDF, 0xDF, 0xDF, 0xDF, 0xDF, 0xDF,
    0xDF, 0xDF, 0xDF, 0xDF, 0xDF, 0xDF, 0xDF, 0xDF, 0xDF, 0xDF, 0xDF, 0xDF, 0xDF, 0xDF, 0xDF, 0xDF,
    0xDF, 0xDF, 0xDF, 0xDF, 0xDF, 0xDF, 0xDF, 0xDF, 0xDF, 0xDF, 0xDF, 0xDF, 0xDF, 0xDF, 0xDF, 0xDF,
    0xDF, 0xDF, 0xDF, 0xDF, 0xDF, 0xDF, 0xDF, 0xDF, 0xDF, 0xDF, 0xDF, 0xDF, 0xDF, 0xDF, 0xDF, 0xDF,
    0xDF, 0xDF, 0xDF, 0xDF, 0xDF, 0xDF, 0xDF, 0xDF, 0xDF, 0xDF, 0xDF, 0xDF, 0xDF, 0xDF, 0xDF, 0xDF,
    0xDF, 0xDF, 0xDF, 0xDF, 0xDF, 0xDF, 0xDF, 0xDF, 0xDF, 0xDF, 0xDF, 0xDF, 0xDF, 0xDF, 0xDF, 0xDF,
    0xDF, 0xDF, 0xDF, 0xDF, 0xDF, 0xDF, 0xDF, 0xDF, 0xDF, 0xDF, 0xDF, 0xDF, 0xDF, 0xDF, 0xDF, 0xDF,
    0xDF, 0xDF, 0xDF, 0xDF, 0xDF, 0xDF, 0xDF, 0xDF, 0xDF, 0xDF, 0xDF, 0xDF, 0xDF, 0xDF, 0xDF, 0xDF,
    0xDF, 0xDF, 0xDF, 0xDF, 0xDF, 0xDF, 0xDF, 0xDF, 0xDF, 0xDF, 0xDF, 0xDF, 0xDF, 0xDF, 0xDF, 0xDF,
    0xDF, 0xDF, 0xDF, 0xDF, 0xDF, 0xDF, 0xDF, 0xDF, 0xDF, 0xDF, 0xDF, 0xDF, 0xDF, 0xDF, 0xDF, 0xDF,
    0xDF, 0xDF, 0xDF, 0xDF, 0xDF, 0xDF, 0xDF, 0xDF, 0xDF, 0xDF, 0xDF, 0xDF, 0xDF, 0xDF, 0xDF, 0xDF,
    0xDF, 0xDF, 0xDF, 0xDF, 0xDF, 0xDF, 0xDF, 0xDF, 0xDF, 0xDF, 0xDF, 0xDF, 0xDF, 0xDF, 0xDF, 0xDF,
    0xDF, 0xDF, 0xDF, 0xDF, 0xDF, 0xDF, 0xDF, 0xDF, 0xDF, 0xDF, 0xDF, 0xDF, 0xDF, 0xDF, 0xDF, 0xDF,
    0xDF, 0xDF, 0xDF, 0xDF, 0xDF, 0xDF, 0xDF, 0xDF, 0xDF, 0xDF, 0xDF, 0xDF, 0xDF, 0xDF, 0xDF, 0xDF,
    0xDF, 0xDF, 0xDF, 0xDF, 0xDF, 0xDF, 0xDF, 0xDF, 0xDF, 0xDF, 0xDF, 0xDF, 0xDF, 0xDF, 0xDF, 0xDF,
    0xDF, 0xDF, 0xDF, 0xDF, 0xDF, 0xDF, 0xDF, 0xDF, 0xDF, 0xDF, 0xDF, 0xDF, 0xDF, 0xDF, 0xDF, 0xDF,
    0xDF, 0xDF, 0xDF, 0xDF, 0xDF, 0xDF, 0xDF, 0xDF, 0xDF, 0xDF, 0xDF, 0xDF, 0xDF, 0xDF, 0xDF, 0xDF,
    0xDF, 0xDF, 0xDF, 0xDF, 0xDF, 0xDF, 0xDF, 0xDF, 0xDF, 0xDF, 0xDF, 0xDF, 0xDF, 0xDF, 0xDF, 0xDF,
    0xDF, 0xDF, 0xDF, 0xDF, 0xDF, 0xDF, 0xDF, 0xDF, 0xDF, 0xDF, 0xDF, 0xDF, 0xDF, 0xDF, 0xDF, 0xDF,
    0xDF, 0xDF, 0xDF, 0xDF, 0xDF, 0xDF, 0xDF, 0xDF, 0xDF, 0xDF, 0xDF, 0xDF, 0xDF, 0xDF, 0xDF, 0xDF,
    0xDF, 0xDF, 0xDF, 0xDF, 0xDF, 0xDF, 0xDF, 0xDF, 0xDF, 0xDF, 0xDF, 0xDF, 0xDF, 0xDF, 0xDF, 0xDF,
    0xDF, 0xDF, 0xDF, 0xDF, 0xDF, 0xDF, 0xDF, 0xDF, 0xDF, 0xDF, 0xDF, 0xDF, 0xDF, 0xDF, 0xDF, 0xDF,
    0xDF, 0xDF, 0xDF, 0xDF, 0xDF, 0xDF, 0xDF, 0xDF, 0xDF, 0xDF, 0xDF, 0xDF, 0xDF, 0xDF, 0xDF, 0xDF,
    0xDF, 0xDF, 0xDF, 0xDF, 0xDF, 0xDF, 0xDF, 0xDF, 0xDF, 0xDF, 0xDF, 0xDF, 0xDF, 0xDF, 0xDF, 0xDF,
    0xDF, 0xDF, 0xDF, 0xDF, 0xDF, 0xDF, 0xDF, 0xDF, 0xDF, 0xDF, 0xDF, 0xDF, 0xDF, 0xDF, 0xDF, 0xDF,
    0xDF, 0xDF, 0xDF, 0xDF, 0xDF, 0xDF, 0xDF, 0xDF, 0xDF, 0xDF, 0xDF, 0xDF, 0xDF, 0xDF, 0xDF, 0xDF,
    0xDF, 0xDF, 0xDF, 0xDF, 0xDF, 0xDF, 0xDF, 0xDF, 0xDF, 0xDF, 0xDF, 0xDF, 0xDF, 0xDF, 0xDF, 0xDF,
    0xDF, 0xDF, 0xDF, 0xDF, 0xDF, 0xDF, 0xDF, 0xDF, 0xDF, 0xDF, 0xDF, 0xDF, 0xDF, 0xDF, 0xDF, 0xDF,
    0xDF, 0xDF, 0xDF, 0xDF, 0xDF, 0xDF, 0xDF, 0xDF, 0xDF, 0xDF, 0xDF, 0xDF, 0xDF, 0xDF, 0xDF, 0xDF,
    0xDF, 0xDF, 0xDF, 0xDF, 0xDF, 0xDF, 0xDF, 0xDF, 0xDF, 0xDF, 0xDF, 0xDF, 0xDF, 0xDF, 0xDF, 0xDF,
    0xDF, 0xDF, 0xDF, 0xDF, 0xDF, 0xDF, 0xDF, 0xDF, 0xDF, 0xDF, 0xDF, 0xDF, 0xDF, 0xDF, 0xDF, 0xDF,
    0xDF, 0xDF, 0xDF, 0xDF, 0xDF, 0xDF, 0xDF, 0xDF, 0xDF, 0xDF, 0xDF, 0xDF, 0xDF, 0xDF, 0xDF, 0xDF,
    0xDF, 0xDF, 0xDF, 0xDF, 0xDF, 0xDF, 0xDF, 0xDF, 0xDF, 0xDF, 0xDF, 0xDF, 0xDF, 0xDF, 0xDF, 0xDF,
    0xDF, 0xDF, 0xDF, 0xDF, 0xDF, 0xDF, 0xDF, 0xDF, 0xDF, 0xDF, 0xDF, 0xDF, 0xDF, 0xDF, 0xDF, 0xDF,
    0xDF, 0xDF, 0xDF, 0xDF, 0xDF, 0xDF, 0xDF, 0xDF, 0xDF, 0xDF, 0xDF, 0xDF, 0xDF, 0xDF, 0xDF, 0xDF,
    0xDF, 0xDF, 0xDF, 0xDF, 0xDF, 0xDF, 0xDF, 0xDF, 0xDF, 0xDF, 0xDF, 0xDF, 0xDF, 0xDF, 0xDF, 0xDF,
    0xDF, 0xDF, 0xDF, 0xDF, 0xDF, 0xDF, 0xDF, 0xDF, 0xDF, 0xDF, 0xDF, 0xDF, 0xDF, 0xDF, 0xDF, 0xDF,
    0xDF, 0xDF, 0xDF, 0xDF, 0xDF, 0xDF, 0xDF, 0xDF, 0xDF, 0xDF, 0xDF, 0xDF, 0xDF, 0xDF, 0xDF, 0xDF,
    0xDF, 0xDF, 0x25, 0x25, 0x25, 0x25, 0x25, 0x25, 0xDF, 0xDF, 0xDF, 0xDF, 0xDF, 0xDF, 0xDF, 0xDF,
    0xDF, 0xDF, 0xDF, 0xDF, 0xDF, 0xDF, 0xDF, 0xDF, 0xDF, 0xDF, 0xDF, 0xDF, 0xDF, 0xDF, 0xDF, 0xDF,
    0xDF, 0xDF, 0xDF, 0xDF, 0xDF, 0xDF, 0xDF, 0xDF, 0xDF, 0xDF, 0xDF, 0xDF, 0xDF, 0xDF, 0xDF, 0xDF,
    0xDF, 0xDF, 0xDF, 0xDF, 0xDF, 0xDF, 0xDF, 0xDF, 0xDF, 0xDF, 0xDF, 0xDF, 0xDF, 0xDF, 0xDF, 0xDF,
    0xDF, 0xDF, 0xDF, 0xDF, 0xDF, 0xDF, 0xDF, 0x25, 0xDF, 0xDF, 0xDF, 0xDF, 0xDF, 0xDF, 0xDF, 0xDF,
    0xDF, 0xDF, 0xDF, 0xDF, 0xDF, 0xDF, 0xDF, 0xDF, 0xDF, 0xDF, 0xDF, 0xDF, 0xDF, 0xDF, 0xDF, 0xDF,
    0xDF, 0xDF, 0xDF, 0xDF, 0xDF, 0xDF, 0xDF, 0xDF, 0xDF, 0xDF, 0xDF, 0xDF, 0xDF, 0xDF, 0xDF, 0xDF,
    0xDF, 0xDF, 0xDF, 0xDF, 0xDF, 0xDF, 0xDF, 0xDF, 0xDF, 0xDF, 0xDF, 0xDF, 0xDF, 0xDF, 0xDF, 0xDF,
    0xDF, 0xDF, 0xDF, 0xDF, 0xDF, 0xDF, 0x25, 0x25, 0xDF, 0xDF, 0xDF, 0xDF, 0xDF, 0xDF, 0xDF, 0xDF,
    0xDF, 0xDF, 0xDF, 0xDF, 0xDF, 0xDF, 0xDF, 0xDF, 0xDF, 0xDF, 0xDF, 0xDF, 0xDF, 0xDF, 0xDF, 0xDF,
    0xDF, 0xDF, 0xDF, 0xDF, 0xDF, 0xDF, 0xDF, 0xDF, 0xDF, 0xDF, 0xDF, 0xDF, 0xDF, 0xDF, 0xDF, 0xDF,
    0xDF, 0xDF, 0xDF, 0xDF, 0xDF, 0xDF, 0xDF, 0xDF, 0xDF, 0xDF, 0xDF, 0xDF, 0xDF, 0xDF, 0xDF, 0xDF,
    0xDF, 0xDF, 0xDF, 0xDF, 0xDF, 0x25, 0x25, 0xDF, 0xDF, 0xDF, 0xDF, 0xDF, 0xDF, 0xDF, 0xDF, 0xDF,
    0xDF, 0xDF, 0xDF, 0xDF, 0xDF, 0xDF, 0xDF, 0xDF, 0xDF, 0xDF, 0xDF, 0xDF, 0xDF, 0xDF, 0xDF, 0xDF,
    0xDF, 0xDF, 0xDF, 0xDF, 0xDF, 0xDF, 0xDF, 0xDF, 0xDF, 0xDF, 0xDF, 0xDF, 0xDF, 0xDF, 0xDF, 0xDF,
    0xDF, 0xDF, 0xDF, 0xDF, 0xDF, 0xDF, 0xDF, 0xDF, 0xDF, 0xDF, 0xDF, 0xDF, 0xDF, 0xDF, 0xDF, 0xDF,
    0xDF, 0xDF, 0xDF, 0xDF, 0x25, 0x25, 0xDF, 0xDF, 0xDF, 0xDF, 0xDF, 0xDF, 0xDF, 0xDF, 0xDF, 0xDF,
    0xDF, 0xDF, 0xDF, 0xDF, 0xDF, 0xDF, 0xDF, 0xDF, 0xDF, 0xDF, 0xDF, 0xDF, 0xDF, 0xDF, 0xDF, 0xDF,
    0xDF, 0xDF, 0xDF, 0xDF, 0xDF, 0xDF, 0xDF, 0xDF, 0xDF, 0xDF, 0xDF, 0xDF, 0xDF, 0xDF, 0xDF, 0xDF,
    0xDF, 0xDF, 0xDF, 0xDF, 0xDF, 0xDF, 0xDF, 0xDF, 0xDF, 0xDF, 0xDF, 0xDF, 0xDF, 0xDF, 0xDF, 0xDF,
    0xDF, 0xDF, 0xDF, 0x25, 0x25, 0x25, 0x25, 0x25, 0x25, 0x25, 0xDF, 0xDF, 0xDF, 0xDF, 0xDF, 0xDF,
    0xDF, 0xDF, 0xDF, 0xDF, 0xDF, 0xDF, 0xDF, 0xDF, 0xDF, 0xDF, 0xDF, 0xDF, 0xDF, 0xDF, 0xDF, 0xDF,
    0xDF, 0xDF, 0xDF, 0xDF, 0xDF, 0xDF, 0xDF, 0xDF, 0xDF, 0xDF, 0xDF, 0xDF, 0xDF, 0xDF, 0xDF, 0xDF,
    0xDF, 0xDF, 0xDF, 0xDF, 0xDF, 0xDF, 0xDF, 0xDF, 0xDF, 0xDF, 0xDF, 0xDF, 0xDF, 0xDF, 0xDF, 0xDF,
    0xDF, 0xDF, 0xDF, 0xDF, 0xDF, 0xDF, 0xDF, 0xDF, 0xDF, 0xDF, 0xDF, 0xDF, 0xDF, 0xDF, 0xDF, 0xDF,
    0xDF, 0xDF, 0xDF, 0xDF, 0xDF, 0xDF, 0xDF, 0xDF, 0xDF, 0xDF, 0xDF, 0xDF, 0xDF, 0xDF, 0xDF, 0xDF,
    0xDF, 0xDF, 0xDF, 0xDF, 0xDF, 0xDF, 0xDF, 0xDF, 0xDF, 0xDF, 0xDF, 0xDF, 0xDF, 0xDF, 0xDF, 0xDF,
    0xDF, 0xDF, 0xDF, 0xDF, 0xDF, 0xDF, 0xDF, 0xDF, 0xDF, 0xDF, 0xDF, 0x25, 0x25, 0x25, 0x25, 0xDF,
    0xDF, 0xDF, 0xDF, 0xDF, 0xDF, 0xDF, 0xDF, 0xDF, 0xDF, 0xDF, 0xDF, 0xDF, 0xDF, 0xDF, 0xDF, 0xDF,
    0xDF, 0xDF, 0xDF, 0xDF, 0xDF, 0xDF, 0xDF, 0xDF, 0xDF, 0xDF, 0xDF, 0xDF, 0xDF, 0xDF, 0xDF, 0xDF,
    0xDF, 0xDF, 0xDF, 0xDF, 0xDF, 0xDF, 0xDF, 0xDF, 0xDF, 0xDF, 0xDF, 0xDF, 0xDF, 0xDF, 0xDF, 0xDF,
    0xDF, 0xDF, 0xDF, 0xDF, 0xDF, 0xDF, 0xDF, 0xDF, 0xDF, 0xDF, 0xDF, 0xDF, 0xDF, 0xDF, 0x25, 0xDF,
    0xDF, 0xDF, 0xDF, 0xDF, 0xDF, 0xDF, 0xDF, 0xDF, 0xDF, 0xDF, 0xDF, 0xDF, 0xDF, 0xDF, 0xDF, 0xDF,
    0xDF, 0xDF, 0xDF, 0xDF, 0xDF, 0xDF, 0xDF, 0xDF, 0xDF, 0xDF, 0xDF, 0xDF, 0xDF, 0xDF, 0xDF, 0xDF,
    0xDF, 0xDF, 0xDF, 0xDF, 0xDF, 0xDF, 0xDF, 0xDF, 0xDF, 0xDF, 0xDF, 0xDF, 0xDF, 0xDF, 0xDF, 0xDF,
    0xDF, 0xDF, 0xDF, 0xDF, 0xDF, 0xDF, 0xDF, 0xDF, 0xDF, 0xDF, 0xDF, 0xDF, 0xDF, 0x25, 0xDF, 0xDF,
    0xDF, 0xDF, 0xDF, 0xDF, 0xDF, 0xDF, 0xDF, 0xDF, 0xDF, 0xDF, 0xDF, 0xDF, 0xDF, 0xDF, 0xDF, 0xDF,
    0xDF, 0xDF, 0xDF, 0xDF, 0xDF, 0xDF, 0xDF, 0xDF, 0xDF, 0xDF, 0xDF, 0xDF, 0xDF, 0xDF, 0xDF, 0xDF,
    0xDF, 0xDF, 0xDF, 0xDF, 0xDF, 0xDF, 0xDF, 0xDF, 0xDF, 0xDF, 0xDF, 0xDF, 0xDF, 0xDF, 0xDF, 0xDF,
    0xDF, 0xDF, 0xDF, 0xDF, 0xDF, 0xDF, 0xDF, 0xDF, 0xDF, 0xDF, 0xDF, 0xDF, 0x25, 0x25, 0x25, 0x25,
    0x25, 0xDF, 0xDF, 0xDF, 0xDF, 0xDF, 0xDF, 0xDF, 0xDF, 0xDF, 0xDF, 0xDF, 0xDF, 0xDF, 0xDF, 0xDF,
    0xDF, 0xDF, 0xDF, 0xDF, 0xDF, 0xDF, 0xDF, 0xDF, 0xDF, 0xDF, 0xDF, 0xDF, 0xDF, 0xDF, 0xDF, 0xDF,
    0xDF, 0xDF, 0xDF, 0xDF, 0xDF, 0xDF, 0xDF, 0xDF, 0xDF, 0xDF, 0xDF, 0xDF, 0xDF, 0xDF, 0xDF, 0xDF,
    0xDF, 0xDF, 0xDF, 0xDF, 0xDF, 0xDF, 0xDF, 0xDF, 0xDF, 0xDF, 0xDF, 0xDF, 0xDF, 0xDF, 0xDF, 0xDF,
    0xDF, 0xDF, 0xDF, 0xDF, 0xDF, 0xDF, 0xDF, 0xDF, 0xDF, 0xDF, 0xDF, 0xDF, 0xDF, 0xDF, 0xDF, 0xDF,
    0xDF, 0xDF, 0xDF, 0xDF, 0xDF, 0xDF, 0xDF, 0xDF, 0xDF, 0xDF, 0xDF, 0xDF, 0xDF, 0xDF, 0xDF, 0xDF,
    0xDF, 0xDF, 0xDF, 0xDF, 0xDF, 0xDF, 0xDF, 0xDF, 0xDF, 0xDF, 0xDF, 0xDF, 0xDF, 0xDF, 0xDF, 0xDF,
    0xDF, 0xDF, 0xDF, 0xDF, 0xDF, 0xDF, 0xDF, 0xDF, 0xDF, 0xDF, 0xDF, 0xDF, 0xDF, 0xDF, 0xDF, 0xDF,
    0xDF, 0xDF, 0xDF, 0xDF, 0xDF, 0xDF, 0xDF, 0xDF, 0xDF, 0xDF, 0xDF, 0xDF, 0xDF, 0xDF, 0xDF, 0xDF,
    0xDF, 0xDF, 0xDF, 0xDF, 0xDF, 0xDF, 0xDF, 0xDF, 0xDF, 0xDF, 0xDF, 0xDF, 0xDF, 0xDF, 0xDF, 0xDF,
    0xDF, 0xDF, 0xDF, 0xDF, 0xDF, 0xDF, 0xDF, 0xDF, 0xDF, 0xDF, 0xDF, 0xDF, 0xDF, 0xDF, 0xDF, 0xDF,
    0xDF, 0xDF, 0xDF, 0xDF, 0xDF, 0xDF, 0xDF, 0xDF, 0xDF, 0xDF, 0xDF, 0xDF, 0xDF, 0xDF, 0xDF, 0xDF,
    0xDF, 0xDF, 0xDF, 0xDF, 0xDF, 0xDF, 0xDF, 0xDF, 0xDF, 0xDF, 0xDF, 0xDF, 0xDF, 0xDF, 0xDF, 0xDF,
    0xDF, 0xDF, 0xDF, 0xDF, 0xDF, 0xDF, 0xDF, 0xDF, 0xDF, 0xDF, 0xDF, 0xDF, 0xDF, 0xDF, 0xDF, 0xDF,
    0xDF, 0xDF, 0xDF, 0xDF, 0xDF, 0xDF, 0xDF, 0xDF, 0xDF, 0xDF, 0xDF, 0xDF, 0xDF, 0xDF, 0xDF, 0xDF,
    0xDF, 0xDF, 0xDF, 0xDF, 0xDF, 0xDF, 0xDF, 0xDF, 0xDF, 0xDF, 0xDF, 0x25, 0x25, 0x25, 0x25, 0x25,
    0x25, 0x25, 0x25, 0xDF, 0xDF, 0xDF, 0xDF, 0xDF, 0xDF, 0xDF, 0xDF, 0xDF, 0xDF, 0xDF, 0xDF, 0xDF,
    0xDF, 0xDF, 0xDF, 0xDF, 0xDF, 0xDF, 0xDF, 0xDF, 0xDF, 0xDF, 0xDF, 0xDF, 0xDF, 0xDF, 0xDF, 0xDF,
    0xDF, 0xDF, 0xDF, 0xDF, 0xDF, 0xDF, 0xDF, 0xDF, 0xDF, 0xDF, 0xDF, 0xDF, 0xDF, 0xDF, 0xDF, 0xDF,
    0xDF, 0xDF, 0xDF, 0xDF, 0xDF, 0xDF, 0xDF, 0xDF, 0xDF, 0xDF, 0xDF, 0x25, 0xFF, 0xFF, 0xFF, 0xFF,
    0xFF, 0xFF, 0x25, 0x25, 0x25, 0x25, 0x25, 0x25, 0x25, 0x25, 0xDF, 0xDF, 0xDF, 0xDF, 0xDF, 0xDF,
    0xDF, 0xDF, 0xDF, 0xDF, 0xDF, 0xDF, 0xDF, 0xDF, 0xDF, 0xDF, 0xDF, 0xDF, 0xDF, 0xDF, 0xDF, 0xDF,
    0xDF, 0xDF, 0xDF, 0xDF, 0xDF, 0xDF, 0xDF, 0xDF, 0xDF, 0xDF, 0xDF, 0xDF, 0xDF, 0xDF, 0xDF, 0xDF,
    0xDF, 0x25, 0x25, 0xDF, 0xDF, 0x25, 0x25, 0x25, 0x25, 0x25, 0x25, 0x25, 0xFF, 0xFF, 0xFF, 0xFF,
    0xFF, 0xFF, 0xFF, 0x25, 0xFA, 0xFA, 0xFA, 0xFA, 0xFA, 0xFA, 0x25, 0x25, 0x25, 0x25, 0xDF, 0xDF,
    0xDF, 0xDF, 0xDF, 0xDF, 0xDF, 0xDF, 0xDF, 0xDF, 0xDF, 0xDF, 0xDF, 0xDF, 0xDF, 0xDF, 0xDF, 0xDF,
    0xDF, 0xDF, 0xDF, 0xDF, 0xDF, 0xDF, 0xDF, 0xDF, 0xDF, 0xDF, 0xDF, 0xDF, 0xDF, 0xDF, 0xDF, 0x25,
    0x25, 0xFF, 0x25, 0x25, 0x25, 0x25, 0x25, 0x4B, 0x4B, 0x4B, 0x4B, 0x4B, 0x25, 0xFF, 0xFF, 0xFF,
    0xFF, 0xFF, 0xFF, 0x25, 0xFA, 0xFA, 0xFA, 0xFA, 0xFA, 0xFA, 0xFA, 0xFA, 0xFA, 0xFA, 0x25, 0x25,
    0x25, 0xDF, 0xDF, 0xDF, 0xDF, 0xDF, 0xDF, 0xDF, 0xDF, 0xDF, 0xDF, 0xDF, 0xDF, 0xDF, 0xDF, 0xDF,
    0xDF, 0xDF, 0xDF, 0xDF, 0xDF, 0xDF, 0xDF, 0xDF, 0xDF, 0xDF, 0xDF, 0xDF, 0xDF, 0xDF, 0x25, 0x25,
    0xFF, 0xFF, 0xFF, 0xFF, 0xFF, 0x25, 0x4B, 0x4B, 0x4B, 0x4B, 0x4B, 0x4B, 0x25, 0xFF, 0xFF, 0xFF,
    0xFF, 0xFF, 0xFF, 0xFF, 0x25, 0xFA, 0xFA, 0xFA, 0xFA, 0xFA, 0xFA, 0xFA, 0xFA, 0xFA, 0xFA, 0xFA,
    0x25, 0x25, 0x25, 0xDF, 0xDF, 0xDF, 0xDF, 0xDF, 0xDF, 0xDF, 0xDF, 0xDF, 0xDF, 0xDF, 0xDF, 0xDF,
    0xDF, 0xDF, 0xDF, 0xDF, 0xDF, 0xDF, 0xDF, 0xDF, 0xDF, 0xDF, 0xDF, 0xDF, 0x25, 0x25, 0x25, 0xFF,
    0xFF, 0xFF, 0xFF, 0xFF, 0x25, 0x4B, 0x4B, 0x4B, 0x4B, 0x4B, 0x4B, 0x4B, 0x25, 0xFF, 0xFF, 0xFF,
    0xFF, 0xFF, 0xFF, 0xFF, 0x25, 0xFA, 0xFA, 0xFA, 0xFA, 0xFA, 0xFA, 0xFA, 0xFA, 0xFA, 0xFA, 0xFA,
    0xFA, 0xFA, 0x25, 0x25, 0xDF, 0xDF, 0xDF, 0xDF, 0xDF, 0xDF, 0xDF, 0xDF, 0xDF, 0xDF, 0xDF, 0xDF,
    0xDF, 0xDF, 0xDF, 0xDF, 0xDF, 0xDF, 0xDF, 0xDF, 0xDF, 0xDF, 0xDF, 0x25, 0x25, 0x7B, 0x25, 0xFF,
    0xFF, 0xFF, 0xFF, 0x25, 0x25, 0x4B, 0x4B, 0x25, 0x25, 0x25, 0x4B, 0x4B, 0x25, 0xFF, 0xFF, 0xFF,
    0xFF, 0xFF, 0xFF, 0xFF, 0x25, 0x25, 0xFA, 0xFA, 0xFA, 0xFA, 0xFA, 0xFA, 0xFA, 0xFA, 0xFA, 0xFA,
    0xFA, 0xFA, 0xFA, 0xFA, 0x25, 0xDF, 0xDF, 0xDF, 0xDF, 0xDF, 0xDF, 0xDF, 0xDF, 0xDF, 0xDF, 0xDF,
    0xDF, 0xDF, 0xDF, 0xDF, 0xDF, 0xDF, 0xDF, 0xDF, 0xDF, 0x25, 0x25, 0x7B, 0x7B, 0x25, 0xFF, 0xFF,
    0xFF, 0xFF, 0x25, 0x25, 0x4B, 0x4B, 0x4B, 0x4B, 0x4B, 0x25, 0x4B, 0x4B, 0x25, 0xFF, 0xFF, 0xFF,
    0xFF, 0xFF, 0xFF, 0xFF, 0xFF, 0x25, 0xFA, 0xFA, 0xFA, 0xFA, 0xFA, 0xFA, 0xFA, 0xFA, 0xFA, 0xFA,
    0xFA, 0xFA, 0xFA, 0xFA, 0x25, 0x25, 0xDF, 0xDF, 0xDF, 0xDF, 0xDF, 0xDF, 0xDF, 0xDF, 0xDF, 0xDF,
    0xDF, 0xDF, 0xDF, 0xDF, 0xDF, 0xDF, 0xDF, 0x25, 0x25, 0xD7, 0xD7, 0x7B, 0x7B, 0x25, 0xFF, 0xFF,
    0xFF, 0xFF, 0x25, 0x4B, 0x4B, 0x4B, 0x4B, 0x4B, 0x4B, 0x25, 0x4B, 0x4B, 0x25, 0xFF, 0xFF, 0xFF,
    0xFF, 0xFF, 0xFF, 0xFF, 0xFF, 0x25, 0xFA, 0xFA, 0xFA, 0xFA, 0xFA, 0xFA, 0xFA, 0xFA, 0xFA, 0xFA,
    0xFA, 0xFA, 0xFA, 0xFA, 0xFA, 0x25, 0x25, 0xDF, 0xDF, 0xDF, 0xDF, 0xDF, 0xDF, 0xDF, 0xDF, 0xDF,
    0xDF, 0xDF, 0xDF, 0xDF, 0xDF, 0xDF, 0x25, 0x25, 0xD7, 0xD7, 0xD7, 0xD7, 0xD7, 0x25, 0xFF, 0xFF,
    0xFF, 0xFF, 0x25, 0x4B, 0x4B, 0x4B, 0x4B, 0x25, 0x25, 0x4B, 0x4B, 0x4B, 0x4B, 0x25, 0xFF, 0xFF,
    0xFF, 0xFF, 0xFF, 0xFF, 0xFF, 0x25, 0x25, 0xFA, 0xFA, 0xFA, 0xFA, 0xFA, 0xFA, 0xFA, 0xFA, 0xFA,
    0xFA, 0xFA, 0xFA, 0xFA, 0xFA, 0xFA, 0x25, 0x25, 0xDF, 0xDF, 0xDF, 0xDF, 0xDF, 0xDF, 0xDF, 0xDF,
    0xDF, 0xDF, 0xDF, 0xDF, 0xDF, 0x25, 0x25, 0xD7, 0xD7, 0xD7, 0xD7, 0xD7, 0x25, 0x25, 0xFF, 0xFF,
    0xFF, 0x25, 0x4B, 0x4B, 0x4B, 0x4B, 0x4B, 0x4B, 0x4B, 0x4B, 0x4B, 0x4B, 0x4B, 0x25, 0xFF, 0xFF,
    0xFF, 0xFF, 0xFF, 0xFF, 0xFF, 0xFF, 0x25, 0xFA, 0xFA, 0xFA, 0xFA, 0xFA, 0xFA, 0xFA, 0xFA, 0xFA,
    0xFA, 0xFA, 0xFA, 0xFA, 0xFA, 0xFA, 0xFA, 0x25, 0xDF, 0xDF, 0xDF, 0xDF, 0xDF, 0xDF, 0xDF, 0xDF,
    0xDF, 0xDF, 0xDF, 0xDF, 0xDF, 0x25, 0xD7, 0xD7, 0xD7, 0xD7, 0xD7, 0xD7, 0x25, 0xFF, 0xFF, 0xFF,
    0xFF, 0x25, 0x4B, 0x4B, 0x4B, 0x4B, 0x4B, 0x4B, 0x4B, 0x4B, 0x4B, 0x4B, 0x4B, 0x25, 0xFF, 0xFF,
    0xFF, 0xFF, 0xFF, 0xFF, 0xFF, 0xFF, 0x25, 0xFA, 0xFA, 0xFA, 0xFA, 0xFA, 0xFA, 0xFA, 0xFA, 0xFA,
    0xFA, 0xFA, 0xFA, 0xFA, 0xFA, 0xFA, 0xFA, 0x25, 0x25, 0xDF, 0xDF, 0xDF, 0xDF, 0xDF, 0xDF, 0xDF,
    0xDF, 0xDF, 0xDF, 0xDF, 0x25, 0x25, 0xD7, 0xD7, 0xD7, 0xD7, 0xD7, 0xD7, 0x25, 0xFF, 0xFF, 0xFF,
    0x25, 0x25, 0x4B, 0x4B, 0x4B, 0x4B, 0x4B, 0x25, 0x4B, 0x4B, 0x4B, 0x4B, 0x4B, 0x25, 0xFF, 0xFF,
    0xFF, 0xFF, 0xFF, 0xFF, 0xFF, 0xFF, 0x25, 0xFA, 0xFA, 0xFA, 0xFA, 0xFA, 0xFA, 0xFA, 0xFA, 0xFA,
    0xFA, 0xFA, 0xFA, 0xFA, 0xFA, 0xFA, 0xFA, 0xFA, 0x25, 0xDF, 0xDF, 0xDF, 0xDF, 0xDF, 0xDF, 0xDF,
    0xDF, 0xDF, 0xDF, 0xDF, 0x25, 0xD7, 0xD7, 0xD7, 0xD7, 0xD7, 0xD7, 0xD7, 0x25, 0xFF, 0xFF, 0xFF,
    0x25, 0x4B, 0x4B, 0x4B, 0x4B, 0x4B, 0x25, 0x4B, 0x4B, 0x25, 0x4B, 0x4B, 0x4B, 0x25, 0xFF, 0xFF,
    0xFF, 0xFF, 0xFF, 0xFF, 0xFF, 0xFF, 0x25, 0xFA, 0xFA, 0xFA, 0xFA, 0xFA, 0xFA, 0xFA, 0xFA, 0xFA,
    0xFA, 0xFA, 0xFA, 0xFA, 0xFA, 0xFA, 0xFA, 0xFA, 0x25, 0xDF, 0xDF, 0xDF, 0xDF, 0xDF, 0xDF, 0xDF,
    0xDF, 0xDF, 0xDF, 0xDF, 0x25, 0x7B, 0xD7, 0xD7, 0xD7, 0xD7, 0xD7, 0xD7, 0x25, 0xFF, 0xFF, 0xFF,
    0x25, 0x4B, 0x4B, 0x4B, 0x4B, 0x4B, 0x25, 0x4B, 0x4B, 0x25, 0x4B, 0x4B, 0x4B, 0x4B, 0x25, 0xFF,
    0xFF, 0xFF, 0xFF, 0xFF, 0xFF, 0xFF, 0xFF, 0x25, 0xFA, 0xFA, 0xFA, 0xFA, 0xFA, 0xFA, 0xFA, 0xFA,
    0xFA, 0xFA, 0xFA, 0xFA, 0xFA, 0xFA, 0xFA, 0xFA, 0x25, 0xDF, 0xDF, 0xDF, 0xDF, 0xDF, 0xDF, 0xDF,
    0xDF, 0xDF, 0xDF, 0x25, 0x25, 0x7B, 0x7B, 0xD7, 0xD7, 0xD7, 0xD7, 0xD7, 0x25, 0xFF, 0xFF, 0xFF,
    0x25, 0x4B, 0x4B, 0x4B, 0x4B, 0x25, 0x25, 0x4B, 0x4B, 0x25, 0x4B, 0x4B, 0x4B, 0x4B, 0x25, 0xFF,
    0xFF, 0xFF, 0xFF, 0xFF, 0xFF, 0xFF, 0xFF, 0x25, 0xFA, 0xFA, 0xFA, 0xFA, 0xFA, 0xFA, 0xFA, 0xFA,
    0xFA, 0xFA, 0xFA, 0xFA, 0xFA, 0xFA, 0xFA, 0xFA, 0xFA, 0x25, 0xDF, 0xDF, 0xDF, 0xDF, 0xDF, 0xDF,
    0xDF, 0xDF, 0xDF, 0x25, 0x7B, 0x7B, 0x7B, 0xD7, 0xD7, 0xD7, 0xD7, 0xD7, 0x25, 0xFF, 0xFF, 0xFF,
    0x25, 0x4B, 0x4B, 0x4B, 0x4B, 0x25, 0x4B, 0x4B, 0x4B, 0x25, 0x4B, 0x4B, 0x4B, 0x4B, 0x25, 0xFF,
    0xFF, 0xFF, 0xFF, 0xFF, 0xFF, 0xFF, 0xFF, 0x25, 0xFA, 0xFA, 0xFA, 0xFA, 0xFA, 0xFA, 0xFA, 0xFA,
    0xFA, 0xFA, 0xFA, 0xFA, 0xFA, 0xFA, 0xFA, 0xFA, 0xFA, 0x25, 0xDF, 0xDF, 0xDF, 0xDF, 0xDF, 0xDF,
    0xDF, 0xDF, 0xDF, 0x25, 0x7B, 0x7B, 0x7B, 0xD7, 0xD7, 0xD7, 0xD7, 0xD7, 0x25, 0xFF, 0xFF, 0x25,
    0x25, 0x4B, 0x4B, 0x4B, 0x4B, 0x25, 0x4B, 0x4B, 0x4B, 0x25, 0x4B, 0x4B, 0x4B, 0x4B, 0x25, 0xFF,
    0xFF, 0xFF, 0xFF, 0xFF, 0xFF, 0xFF, 0xFF, 0x25, 0xFA, 0xFA, 0xFA, 0xFA, 0xFA, 0xFA, 0xFA, 0xFA,
    0xFA, 0xFA, 0xFA, 0xFA, 0xFA, 0xFA, 0xFA, 0xFA, 0xFA, 0x25, 0xDF, 0xDF, 0xDF, 0xDF, 0xDF, 0xDF,
    0xDF, 0xDF, 0xDF, 0x25, 0x7B, 0x7B, 0xD7, 0xD7, 0xD7, 0x7B, 0x7B, 0x7B, 0x25, 0xFF, 0xFF, 0x25,
    0x4B, 0x4B, 0x4B, 0x4B, 0x4B, 0x4B, 0x4B, 0x4B, 0x4B, 0x25, 0x4B, 0x4B, 0x4B, 0x4B, 0x25, 0xFF,
    0xFF, 0xFF, 0xFF, 0xFF, 0xFF, 0xFF, 0xFF, 0x25, 0xFA, 0xFA, 0xFA, 0xFA, 0xFA, 0xFA, 0xFA, 0xFA,
    0xFA, 0xFA, 0xFA, 0xFA, 0xFA, 0xFA, 0xFA, 0xFA, 0xFA, 0x25, 0xDF, 0xDF, 0xDF, 0xDF, 0xDF, 0xDF,
    0xDF, 0xDF, 0xDF, 0x25, 0xD7, 0xD7, 0xD7, 0xD7, 0xD7, 0x7B, 0x7B, 0x7B, 0x25, 0xFF, 0xFF, 0x25,
    0x4B, 0x4B, 0x4B, 0x4B, 0x4B, 0x4B, 0x4B, 0x4B, 0x4B, 0x4B, 0x4B, 0x4B, 0x4B, 0x4B, 0x25, 0xFF,
    0xFF, 0xFF, 0xFF, 0xFF, 0xFF, 0xFF, 0xFF, 0x25, 0xFA, 0xFA, 0xFA, 0xFA, 0xFA, 0xFA, 0xFA, 0xFA,
    0xFA, 0xFA, 0xFA, 0xFA, 0xFA, 0xFA, 0xFA, 0xFA, 0xFA, 0x25, 0xDF, 0xDF, 0xDF, 0xDF, 0xDF, 0xDF,
    0xDF, 0xDF, 0xDF, 0x25, 0xD7, 0xD7, 0xD7, 0xD7, 0x7B, 0x7B, 0x7B, 0x7B, 0x25, 0xFF, 0xFF, 0x25,
    0x4B, 0x4B, 0x4B, 0x4B, 0x4B, 0x4B, 0x4B, 0x4B, 0x4B, 0x4B, 0x4B, 0x4B, 0x4B, 0x4B, 0x25, 0xFF,
    0xFF, 0xFF, 0xFF, 0xFF, 0xFF, 0xFF, 0xFF, 0x25, 0xFA, 0xFA, 0xFA, 0xFA, 0xFA, 0xFA, 0xFA, 0xFA,
    0xFA, 0xFA, 0xFA, 0xFA, 0xFA, 0xFA, 0xFA, 0xFA, 0xFA, 0x25, 0xDF, 0xDF, 0xDF, 0xDF, 0xDF, 0xDF,
    0xDF, 0xDF, 0xDF, 0xDF, 0x25, 0xD7, 0xD7, 0xD7, 0x7B, 0x7B, 0x7B, 0x7B, 0x25, 0xFF, 0xFF, 0x25,
    0x4B, 0x4B, 0x4B, 0x4B, 0x4B, 0x4B, 0x4B, 0x4B, 0x4B, 0x4B, 0x4B, 0x4B, 0x4B, 0x4B, 0x25, 0xFF,
    0xFF, 0xFF, 0xFF, 0xFF, 0xFF, 0xFF, 0xFF, 0x25, 0xFA, 0xFA, 0xFA, 0xFA, 0xFA, 0xFA, 0xFA, 0xFA,
    0xFA, 0xFA, 0xFA, 0xFA, 0xFA, 0xFA, 0xFA, 0xFA, 0xFA, 0x25, 0xDF, 0xDF, 0xDF, 0xDF, 0xDF, 0xDF,
    0xDF, 0xDF, 0xDF, 0xDF, 0x25, 0xD7, 0xD7, 0xD7, 0xD7, 0x7B, 0x7B, 0x7B, 0x25, 0x25, 0xFF, 0x25,
    0x4B, 0x4B, 0x4B, 0x4B, 0x4B, 0x4B, 0x4B, 0x4B, 0x4B, 0x4B, 0x4B, 0x4B, 0x4B, 0x4B, 0x25, 0xFF,
    0xFF, 0xFF, 0xFF, 0xFF, 0xFF, 0xFF, 0xFF, 0x25, 0xFA, 0xFA, 0xFA, 0xFA, 0xFA, 0xFA, 0xFA, 0xFA,
    0xFA, 0xFA, 0xFA, 0xFA, 0xFA, 0xFA, 0xFA, 0xFA, 0xFA, 0x25, 0x25, 0xDF, 0xDF, 0xDF, 0xDF, 0xDF,
    0xDF, 0xDF, 0xDF, 0xDF, 0x25, 0xD7, 0xD7, 0xD7, 0xD7, 0xD7, 0xD7, 0xD7, 0xD7, 0x25, 0xFF, 0x25,
    0x4B, 0x4B, 0x4B, 0x4B, 0x4B, 0x4B, 0x4B, 0x4B, 0x4B, 0x4B, 0x4B, 0x4B, 0x4B, 0x4B, 0x25, 0xFF,
    0xFF, 0xFF, 0xFF, 0xFF, 0xFF, 0xFF, 0xFF, 0x25, 0xFA, 0xFA, 0xFA, 0xFA, 0xFA, 0xFA, 0xFA, 0xFA,
    0xFA, 0xFA, 0xFA, 0xFA, 0xFA, 0xFA, 0xFA, 0xFA, 0xFA, 0xFA, 0x25, 0xDF, 0xDF, 0xDF, 0xDF, 0xDF,
    0xDF, 0xDF, 0xDF, 0xDF, 0x25, 0xD7, 0xD7, 0xD7, 0xD7, 0xD7, 0xD7, 0xD7, 0xD7, 0x25, 0x25, 0x25,
    0x4B, 0x4B, 0x4B, 0x4B, 0x4B, 0x4B, 0x4B, 0x4B, 0x4B, 0x4B, 0x4B, 0x4B, 0x4B, 0x4B, 0x25, 0xFF,
    0xFF, 0xFF, 0xFF, 0xFF, 0xFF, 0xFF, 0xFF, 0x25, 0xFA, 0xFA, 0xFA, 0xFA, 0xFA, 0xFA, 0xFA, 0xFA,
    0xFA, 0xFA, 0xFA, 0xFA, 0xFA, 0xFA, 0xFA, 0xFA, 0xFA, 0xFA, 0x25, 0xDF, 0xDF, 0xDF, 0xDF, 0xDF,
    0xDF, 0xDF, 0xDF, 0xDF, 0x25, 0x7B, 0x7B, 0x7B, 0x7B, 0xD7, 0xD7, 0xD7, 0xD7, 0xD7, 0x25, 0x25,
    0x25, 0x4B, 0x4B, 0x4B, 0x4B, 0x4B, 0x4B, 0x4B, 0x4B, 0x4B, 0x4B, 0x4B, 0x4B, 0x4B, 0x25, 0xFF,
    0xFF, 0xFF, 0xFF, 0xFF, 0xFF, 0xFF, 0xFF, 0x25, 0xFA, 0xFA, 0xFA, 0xFA, 0xFA, 0xFA, 0xFA, 0xFA,
    0xFA, 0xFA, 0xFA, 0xFA, 0xFA, 0xFA, 0xFA, 0xFA, 0xFA, 0xFA, 0x25, 0xDF, 0xDF, 0xDF, 0xDF, 0xDF,
    0xDF, 0xDF, 0xDF, 0xDF, 0xDF, 0x25, 0x7B, 0x7B, 0x7B, 0x7B, 0xD7, 0xD7, 0x25, 0x25, 0xDF, 0xDF,
    0xDF, 0x25, 0x4B, 0x4B, 0x4B, 0x4B, 0x4B, 0x4B, 0x4B, 0x4B, 0x4B, 0x4B, 0x4B, 0x4B, 0x25, 0xFF,
    0xFF, 0xFF, 0xFF, 0xFF, 0xFF, 0xFF, 0xFF, 0x25, 0xFA, 0xFA, 0xFA, 0xFA, 0xFA, 0xFA, 0xFA, 0xFA,
    0xFA, 0xFA, 0xFA, 0xFA, 0xFA, 0xFA, 0xFA, 0xFA, 0xFA, 0xFA, 0x25, 0xDF, 0xDF, 0xDF, 0xDF, 0xDF,
    0xDF, 0xDF, 0xDF, 0xDF, 0xDF, 0x25, 0x25, 0x7B, 0x7B, 0x7B, 0x25, 0x25, 0x25, 0x25, 0xDF, 0xDF,
    0xDF, 0x25, 0x4B, 0x4B, 0x4B, 0x4B, 0x4B, 0x4B, 0x4B, 0x4B, 0x4B, 0x4B, 0x4B, 0x4B, 0x25, 0xFF,
    0xFF, 0xFF, 0xFF, 0xFF, 0xFF, 0xFF, 0xFF, 0x25, 0xFA, 0xFA, 0xFA, 0xFA, 0xFA, 0xFA, 0xFA, 0xFA,
    0xFA, 0xFA, 0xFA, 0xFA, 0xFA, 0xFA, 0xFA, 0xFA, 0xFA, 0xFA, 0x25, 0xDF, 0xDF, 0xDF, 0xDF, 0xDF,
    0xDF, 0xDF, 0xDF, 0xDF, 0xDF, 0xDF, 0x25, 0x7B, 0x7B, 0x25, 0x25, 0xFF, 0xFF, 0x25, 0x25, 0xDF,
    0xDF, 0xDF, 0x25, 0x4B, 0x4B, 0x4B, 0x4B, 0x4B, 0x4B, 0x4B, 0x4B, 0x4B, 0x4B, 0x4B, 0x25, 0xFF,
    0xFF, 0xFF, 0xFF, 0xFF, 0xFF, 0xFF, 0xFF, 0x25, 0xFA, 0xFA, 0xFA, 0xFA, 0xFA, 0xFA, 0xFA, 0xFA,
    0xFA, 0xFA, 0xFA, 0xFA, 0xFA, 0xFA, 0xFA, 0xFA, 0xFA, 0xFA, 0x25, 0xDF, 0xDF, 0xDF, 0xDF, 0xDF,
    0xDF, 0xDF, 0xDF, 0xDF, 0xDF, 0xDF, 0xDF, 0x25, 0xD7, 0x25, 0xFF, 0xFF, 0xFF, 0xFF, 0xFF, 0x25,
    0xDF, 0xDF, 0x25, 0x25, 0x4B, 0x4B, 0x4B, 0x4B, 0x4B, 0x4B, 0x4B, 0x4B, 0x4B, 0x4B, 0x25, 0xFF,
    0xFF, 0xFF, 0xFF, 0xFF, 0xFF, 0xFF, 0xFF, 0x25, 0xFA, 0xFA, 0xFA, 0xFA, 0xFA, 0xFA, 0xFA, 0xFA,
    0xFA, 0xFA, 0xFA, 0xFA, 0xFA, 0xFA, 0xFA, 0xFA, 0xFA, 0xFA, 0x25, 0xDF, 0xDF, 0xDF, 0xDF, 0xDF,
    0xDF, 0xDF, 0xDF, 0xDF, 0xDF, 0xDF, 0xDF, 0x25, 0x25, 0x25, 0xFF, 0xFF, 0xFF, 0xFF, 0xFF, 0x25,
    0xDF, 0xDF, 0xDF, 0xDF, 0x25, 0x25, 0x4B, 0x4B, 0x4B, 0x4B, 0x4B, 0x4B, 0x4B, 0x4B, 0x25, 0xFF,
    0xFF, 0xFF, 0xFF, 0xFF, 0xFF, 0xFF, 0xFF, 0x25, 0xFA, 0xFA, 0xFA, 0xFA, 0xFA, 0xFA, 0xFA, 0xFA,
    0xFA, 0xFA, 0xFA, 0xFA, 0xFA, 0xFA, 0xFA, 0xFA, 0xFA, 0xFA, 0x25, 0xDF, 0xDF, 0xDF, 0xDF, 0xDF,
    0xDF, 0xDF, 0xDF, 0xDF, 0xDF, 0xDF, 0xDF, 0xDF, 0xDF, 0x25, 0x25, 0xFF, 0xFF, 0xFF, 0xFF, 0x25,
    0xDF, 0xDF, 0xDF, 0xDF, 0xDF, 0x25, 0x25, 0x25, 0x25, 0x4B, 0x4B, 0x4B, 0x4B, 0x4B, 0x4B, 0x25,
    0xFF, 0xFF, 0xFF, 0xFF, 0xFF, 0xFF, 0xFF, 0x25, 0xFA, 0xFA, 0xFA, 0xFA, 0xFA, 0xFA, 0xFA, 0xFA,
    0xFA, 0xFA, 0xFA, 0xFA, 0xFA, 0xFA, 0xFA, 0xFA, 0xFA, 0x25, 0x25, 0xDF, 0xDF, 0xDF, 0xDF, 0xDF,
    0xDF, 0xDF, 0xDF, 0xDF, 0xDF, 0xDF, 0xDF, 0xDF, 0xDF, 0xDF, 0x25, 0x25, 0x25, 0x25, 0x25, 0x25,
    0xDF, 0xDF, 0xDF, 0xDF, 0xDF, 0xDF, 0xDF, 0xDF, 0xDF, 0x25, 0x25, 0x25, 0x25, 0x25, 0x25, 0x25,
    0x25, 0xFF, 0xFF, 0xFF, 0xFF, 0xFF, 0xFF, 0x25, 0x25, 0x25, 0x25, 0x25, 0x25, 0x25, 0x25, 0x25,
    0x25, 0x25, 0x25, 0x25, 0x25, 0x25, 0x25, 0x25, 0x25, 0xDF, 0xDF, 0xDF, 0xDF, 0xDF, 0xDF, 0xDF,
    0xDF, 0xDF, 0xDF, 0xDF, 0xDF, 0xDF, 0xDF, 0xDF, 0xDF, 0xDF, 0xDF, 0xDF, 0xDF, 0xDF, 0xDF, 0xDF,
    0xDF, 0xDF, 0xDF, 0xDF, 0xDF, 0xDF, 0xDF, 0xDF, 0xDF, 0xDF, 0xDF, 0xDF, 0xDF, 0xDF, 0xDF, 0x25,
    0x25, 0x25, 0x25, 0x25, 0x25, 0x25, 0x25, 0x25, 0xDF, 0xDF, 0xDF, 0xDF, 0xDF, 0xDF, 0xDF, 0xDF,
    0xDF, 0xDF, 0xDF, 0xDF, 0xDF, 0xDF, 0xDF, 0xDF, 0xDF, 0xDF, 0xDF, 0xDF, 0xDF, 0xDF, 0xDF, 0xDF,
    0xDF, 0xDF, 0xDF, 0xDF, 0xDF, 0xDF, 0xDF, 0xDF, 0xDF, 0xDF, 0xDF, 0xDF, 0xDF, 0xDF, 0xDF, 0xDF,
    0xDF, 0xDF, 0xDF, 0xDF, 0xDF, 0xDF, 0xDF, 0xDF, 0xDF, 0xDF, 0xDF, 0xDF, 0xDF, 0xDF, 0xDF, 0xDF,
    0xDF, 0xDF, 0xDF, 0xDF, 0xDF, 0xDF, 0xDF, 0xDF, 0xDF, 0xDF, 0xDF, 0xDF, 0xDF, 0xDF, 0xDF, 0xDF,
    0xDF, 0xDF, 0xDF, 0xDF, 0xDF, 0xDF, 0xDF, 0xDF, 0xDF, 0xDF, 0xDF, 0xDF, 0xDF, 0xDF, 0xDF, 0xDF,
    0xDF, 0xDF, 0xDF, 0xDF, 0xDF, 0xDF, 0xDF, 0xDF, 0xDF, 0xDF, 0xDF, 0xDF, 0xDF, 0xDF, 0xDF, 0xDF,
    0xDF, 0xDF, 0xDF, 0xDF, 0xDF, 0xDF, 0xDF, 0xDF, 0xDF, 0xDF, 0xDF, 0xDF, 0xDF, 0xDF, 0xDF, 0xDF,
    0xDF, 0xDF, 0xDF, 0xDF, 0xDF, 0xDF, 0xDF, 0xDF, 0xDF, 0xDF, 0xDF, 0xDF, 0xDF, 0xDF, 0xDF, 0xDF,
    0xDF, 0xDF, 0xDF, 0xDF, 0xDF, 0xDF, 0xDF, 0xDF, 0xDF, 0xDF, 0xDF, 0xDF, 0xDF, 0xDF, 0xDF, 0xDF,
    0xDF, 0xDF, 0xDF, 0xDF, 0xDF, 0xDF, 0xDF, 0xDF, 0xDF, 0xDF, 0xDF, 0xDF, 0xDF, 0xDF, 0xDF, 0xDF,
    0xDF, 0xDF, 0xDF, 0xDF, 0xDF, 0xDF, 0xDF, 0xDF, 0xDF, 0xDF, 0xDF, 0xDF, 0xDF, 0xDF, 0xDF, 0xDF,
    0xDF, 0xDF, 0xDF, 0xDF, 0xDF, 0xDF, 0xDF, 0xDF, 0xDF, 0xDF, 0xDF, 0xDF, 0xDF, 0xDF, 0xDF, 0xDF,
    0xDF, 0xDF, 0xDF, 0xDF, 0xDF, 0xDF, 0xDF, 0xDF, 0xDF, 0xDF, 0xDF, 0xDF, 0xDF, 0xDF, 0xDF, 0xDF,
    0xDF, 0xDF, 0xDF, 0xDF, 0xDF, 0xDF, 0xDF, 0xDF, 0xDF, 0xDF, 0xDF, 0xDF, 0xDF, 0xDF, 0xDF, 0xDF,
    0xDF, 0xDF, 0xDF, 0xDF, 0xDF, 0xDF, 0xDF, 0xDF, 0xDF, 0xDF, 0xDF, 0xDF, 0xDF, 0xDF, 0xDF, 0xDF,
    0xDF, 0xDF, 0xDF, 0xDF, 0xDF, 0xDF, 0xDF, 0xDF, 0xDF, 0xDF, 0xDF, 0xDF, 0xDF, 0xDF, 0xDF, 0xDF,
    0xDF, 0xDF, 0xDF, 0xDF, 0xDF, 0xDF, 0xDF, 0xDF, 0xDF, 0xDF, 0xDF, 0xDF, 0xDF, 0xDF, 0xDF, 0xDF,
    0xDF, 0xDF, 0xDF, 0xDF, 0xDF, 0xDF, 0xDF, 0xDF, 0xDF, 0xDF, 0xDF, 0xDF, 0xDF, 0xDF, 0xDF, 0xDF,
    0xDF, 0xDF, 0xDF, 0xDF, 0xDF, 0xDF, 0xDF, 0xDF, 0xDF, 0xDF, 0xDF, 0xDF, 0xDF, 0xDF, 0xDF, 0xDF,
    0xDF, 0xDF, 0xDF, 0xDF, 0xDF, 0xDF, 0xDF, 0xDF, 0xDF, 0xDF, 0xDF, 0xDF, 0xDF, 0xDF, 0xDF, 0xDF,
    0xDF, 0xDF, 0xDF, 0xDF, 0xDF, 0xDF, 0xDF, 0xDF, 0xDF, 0xDF, 0xDF, 0xDF, 0xDF, 0xDF, 0xDF, 0xDF,
    0xDF, 0xDF, 0xDF, 0xDF, 0xDF, 0xDF, 0xDF, 0xDF, 0xDF, 0xDF, 0xDF, 0xDF, 0xDF, 0xDF, 0xDF, 0xDF,
    0xDF, 0xDF, 0xDF, 0xDF, 0xDF, 0xDF, 0xDF, 0xDF, 0xDF, 0xDF, 0xDF, 0xDF, 0xDF, 0xDF, 0xDF, 0xDF,
    0xDF, 0xDF, 0xDF, 0xDF, 0xDF, 0xDF, 0xDF, 0xDF, 0xDF, 0xDF, 0xDF, 0xDF, 0xDF, 0xDF, 0xDF, 0xDF,
    0xDF, 0xDF, 0xDF, 0xDF, 0xDF, 0xDF, 0xDF, 0xDF, 0xDF, 0xDF, 0xDF, 0xDF, 0xDF, 0xDF, 0xDF, 0xDF,
    0xDF, 0xDF, 0xDF, 0xDF, 0xDF, 0xDF, 0xDF, 0xDF, 0xDF, 0xDF, 0xDF, 0xDF, 0xDF, 0xDF, 0xDF, 0xDF,
    0xDF, 0xDF, 0xDF, 0xDF, 0xDF, 0xDF, 0xDF, 0xDF, 0xDF, 0xDF, 0xDF, 0xDF, 0xDF, 0xDF, 0xDF, 0xDF,
    0xDF, 0xDF, 0xDF, 0xDF, 0xDF, 0xDF, 0xDF, 0xDF, 0xDF, 0xDF, 0xDF, 0xDF, 0xDF, 0xDF, 0xDF, 0xDF,
    0xDF, 0xDF, 0xDF, 0xDF, 0xDF, 0xDF, 0xDF, 0xDF, 0xDF, 0xDF, 0xDF, 0xDF, 0xDF, 0xDF, 0xDF, 0xDF,
};

constexpr int kSleepSpriteWidth = 64;
constexpr int kSleepSpriteHeight = 64;
constexpr int kSleepSpriteFrameCount = 2;
const uint8_t* const kSleepSpriteFrames[kSleepSpriteFrameCount] = {
    kSleepSpriteFrame0,
    kSleepSpriteFrame1,
};

// Petting animation: played once when PetComforted commits (see the
// laptop's presenter.py), then falls back to normal mood/screen art.
const uint8_t kPetSpriteFrame0[] PROGMEM = {
    0xDF, 0xDF, 0xDF, 0xDF, 0xDF, 0xDF, 0xDF, 0xDF, 0xDF, 0xDF, 0xDF, 0xDF, 0xDF, 0xDF, 0xDF, 0xDF,
    0xDF, 0xDF, 0xDF, 0xDF, 0xDF, 0xDF, 0xDF, 0xDF, 0xDF, 0xDF, 0xDF, 0xDF, 0xDF, 0xDF, 0xDF, 0xDF,
    0xDF, 0xDF, 0xDF, 0xDF, 0xDF, 0xDF, 0xDF, 0xDF, 0xDF, 0xDF, 0xDF, 0xDF, 0xDF, 0xDF, 0xDF, 0xDF,
    0xDF, 0xDF, 0xDF, 0xDF, 0xDF, 0xDF, 0xDF, 0xDF, 0xDF, 0xDF, 0xDF, 0xDF, 0xDF, 0xDF, 0xDF, 0xDF,
    0xDF, 0xDF, 0xDF, 0xDF, 0xDF, 0xDF, 0xDF, 0xDF, 0xDF, 0xDF, 0xDF, 0xDF, 0xDF, 0xDF, 0xDF, 0xDF,
    0xDF, 0xDF, 0xDF, 0xDF, 0xDF, 0xDF, 0xDF, 0xDF, 0xDF, 0xDF, 0xDF, 0xDF, 0xDF, 0xDF, 0xDF, 0xDF,
    0xDF, 0xDF, 0xDF, 0xDF, 0xDF, 0xDF, 0xDF, 0xDF, 0xDF, 0xDF, 0xDF, 0xDF, 0xDF, 0xDF, 0xDF, 0xDF,
    0xDF, 0xDF, 0xDF, 0xDF, 0xDF, 0xDF, 0xDF, 0xDF, 0xDF, 0xDF, 0xDF, 0xDF, 0xDF, 0xDF, 0xDF, 0xDF,
    0xDF, 0xDF, 0xDF, 0xDF, 0xDF, 0xDF, 0xDF, 0xDF, 0xDF, 0xDF, 0xDF, 0xDF, 0xDF, 0xDF, 0xDF, 0xDF,
    0xDF, 0xDF, 0xDF, 0xDF, 0xDF, 0xDF, 0xDF, 0xDF, 0xDF, 0xDF, 0xDF, 0xDF, 0xDF, 0xDF, 0xDF, 0xDF,
    0xDF, 0xDF, 0xDF, 0xDF, 0xDF, 0xDF, 0xDF, 0xDF, 0xDF, 0xDF, 0xDF, 0xDF, 0xDF, 0xDF, 0xDF, 0xDF,
    0xDF, 0xDF, 0xDF, 0xDF, 0xDF, 0xDF, 0xDF, 0xDF, 0xDF, 0xDF, 0xDF, 0xDF, 0xDF, 0xDF, 0xDF, 0xDF,
    0xDF, 0xDF, 0xDF, 0xDF, 0xDF, 0xDF, 0xDF, 0xDF, 0xDF, 0xDF, 0xDF, 0xDF, 0xDF, 0xDF, 0xDF, 0xDF,
    0xDF, 0xDF, 0xDF, 0xDF, 0xDF, 0xDF, 0xDF, 0xDF, 0xDF, 0xDF, 0xDF, 0xDF, 0xDF, 0xDF, 0xDF, 0xDF,
    0xDF, 0xDF, 0xDF, 0xDF, 0xDF, 0xDF, 0xDF, 0xDF, 0xDF, 0xDF, 0xDF, 0xDF, 0xDF, 0xDF, 0xDF, 0xDF,
    0xDF, 0xDF, 0xDF, 0xDF, 0xDF, 0xDF, 0xDF, 0xDF, 0xDF, 0xDF, 0xDF, 0xDF, 0xDF, 0xDF, 0xDF, 0xDF,
    0xDF, 0xDF, 0xDF, 0xDF, 0xDF, 0xDF, 0xDF, 0xDF, 0xDF, 0xDF, 0xDF, 0xDF, 0xDF, 0xDF, 0xDF, 0xDF,
    0xDF, 0xDF, 0xDF, 0xDF, 0xDF, 0xDF, 0xDF, 0xDF, 0xDF, 0xDF, 0xDF, 0xDF, 0xDF, 0xDF, 0xDF, 0xDF,
    0xDF, 0xDF, 0xDF, 0xDF, 0xDF, 0xDF, 0xDF, 0xDF, 0xDF, 0xDF, 0xDF, 0xDF, 0xDF, 0xDF, 0xDF, 0xDF,
    0xDF, 0xDF, 0xDF, 0xDF, 0xDF, 0xDF, 0xDF, 0xDF, 0xDF, 0xDF, 0xDF, 0xDF, 0xDF, 0xDF, 0xDF, 0xDF,
    0xDF, 0xDF, 0xDF, 0xDF, 0xDF, 0xDF, 0xDF, 0xDF, 0xDF, 0xDF, 0xDF, 0xDF, 0xDF, 0xDF, 0xDF, 0xDF,
    0xDF, 0xDF, 0xDF, 0xDF, 0xDF, 0xDF, 0xDF, 0xDF, 0xDF, 0xDF, 0xDF, 0xDF, 0xDF, 0xDF, 0xDF, 0xDF,
    0xDF, 0xDF, 0xDF, 0xDF, 0xDF, 0xDF, 0xDF, 0xDF, 0xDF, 0xDF, 0xDF, 0xDF, 0xDF, 0xDF, 0xDF, 0xDF,
    0xDF, 0xDF, 0xDF, 0xDF, 0xDF, 0xDF, 0xDF, 0xDF, 0xDF, 0xDF, 0xDF, 0xDF, 0xDF, 0xDF, 0xDF, 0xDF,
    0xDF, 0xDF, 0xDF, 0xDF, 0xDF, 0xDF, 0xDF, 0xDF, 0xDF, 0xDF, 0xDF, 0xDF, 0xDF, 0xDF, 0xDF, 0xDF,
    0xDF, 0xDF, 0xDF, 0xDF, 0xDF, 0xDF, 0xDF, 0xDF, 0xDF, 0xDF, 0xDF, 0xDF, 0xDF, 0xDF, 0xDF, 0xDF,
    0xDF, 0xDF, 0xDF, 0xDF, 0xDF, 0xDF, 0xDF, 0xDF, 0xDF, 0xDF, 0xDF, 0xDF, 0xDF, 0xDF, 0xDF, 0xDF,
    0xDF, 0xDF, 0xDF, 0xDF, 0xDF, 0xDF, 0xDF, 0xDF, 0xDF, 0xDF, 0xDF, 0xDF, 0xDF, 0xDF, 0xDF, 0xDF,
    0xDF, 0xDF, 0xDF, 0xDF, 0xDF, 0xDF, 0xDF, 0xDF, 0xDF, 0xDF, 0xDF, 0xDF, 0xDF, 0xDF, 0xDF, 0xDF,
    0xDF, 0xDF, 0xDF, 0xDF, 0xDF, 0xDF, 0xDF, 0xDF, 0xDF, 0xDF, 0xDF, 0xDF, 0xDF, 0xDF, 0xDF, 0xDF,
    0xDF, 0xDF, 0xDF, 0xDF, 0xDF, 0xDF, 0xDF, 0xDF, 0xDF, 0xDF, 0xDF, 0xDF, 0xDF, 0xDF, 0xDF, 0xDF,
    0xDF, 0xDF, 0xDF, 0xDF, 0xDF, 0xDF, 0xDF, 0xDF, 0xDF, 0xDF, 0xDF, 0xDF, 0xDF, 0xDF, 0xDF, 0xDF,
    0xDF, 0xDF, 0xDF, 0xDF, 0xDF, 0xDF, 0xDF, 0xDF, 0xDF, 0xDF, 0xDF, 0xDF, 0xDF, 0xDF, 0xDF, 0xDF,
    0xDF, 0xDF, 0xDF, 0xDF, 0xDF, 0xDF, 0xDF, 0xDF, 0xDF, 0xDF, 0xDF, 0xDF, 0xDF, 0xDF, 0xDF, 0xDF,
    0xDF, 0xDF, 0xDF, 0xDF, 0xDF, 0xDF, 0xDF, 0xDF, 0xDF, 0xDF, 0xDF, 0xDF, 0xDF, 0xDF, 0xDF, 0xDF,
    0xDF, 0xDF, 0xDF, 0xDF, 0xDF, 0xDF, 0xDF, 0xDF, 0xDF, 0xDF, 0xDF, 0xDF, 0xDF, 0xDF, 0xDF, 0xDF,
    0xDF, 0xDF, 0xDF, 0xDF, 0xDF, 0xDF, 0xDF, 0xDF, 0xDF, 0xDF, 0xDF, 0xDF, 0xDF, 0xDF, 0xDF, 0xDF,
    0xDF, 0xDF, 0xDF, 0xDF, 0xDF, 0xDF, 0xDF, 0xDF, 0xDF, 0xDF, 0xDF, 0xDF, 0xDF, 0xDF, 0xDF, 0xDF,
    0x25, 0x25, 0xDF, 0xDF, 0xDF, 0xDF, 0xDF, 0xDF, 0xDF, 0xDF, 0xDF, 0xDF, 0xDF, 0xDF, 0xDF, 0xDF,
    0xDF, 0xDF, 0xDF, 0xDF, 0xDF, 0xDF, 0xDF, 0xDF, 0xDF, 0xDF, 0xDF, 0xDF, 0xDF, 0xDF, 0xDF, 0xDF,
    0xDF, 0xDF, 0xDF, 0xDF, 0xDF, 0xDF, 0xDF, 0xDF, 0xDF, 0xDF, 0xDF, 0xDF, 0xDF, 0xDF, 0xDF, 0xDF,
    0xDF, 0xDF, 0xDF, 0xDF, 0xDF, 0xDF, 0xDF, 0xDF, 0xDF, 0xDF, 0xDF, 0xDF, 0xDF, 0xDF, 0xDF, 0x25,
    0x4B, 0x25, 0x25, 0xDF, 0xDF, 0xDF, 0xDF, 0xDF, 0xDF, 0xDF, 0xDF, 0x25, 0x25, 0x25, 0xDF, 0xDF,
    0xDF, 0xDF, 0xDF, 0xDF, 0xDF, 0xDF, 0xDF, 0xDF, 0xDF, 0xDF, 0xDF, 0xDF, 0xDF, 0xDF, 0xDF, 0xDF,
    0xDF, 0xDF, 0xDF, 0xDF, 0xDF, 0xDF, 0xDF, 0xDF, 0xDF, 0xDF, 0xDF, 0xDF, 0xDF, 0xDF, 0xDF, 0xDF,
    0xDF, 0xDF, 0xDF, 0xDF, 0xDF, 0xDF, 0xDF, 0xDF, 0xDF, 0xDF, 0xDF, 0xDF, 0xDF, 0x25, 0x25, 0x25,
    0x25, 0x25, 0x25, 0x25, 0x25, 0x25, 0xDF, 0xDF, 0xDF, 0xDF, 0x25, 0x25, 0x4B, 0x25, 0xDF, 0xDF,
    0xDF, 0xDF, 0xDF, 0xDF, 0xDF, 0xDF, 0xDF, 0xDF, 0xDF, 0xDF, 0xDF, 0xDF, 0xDF, 0xDF, 0xDF, 0xDF,
    0xDF, 0xDF, 0xDF, 0xDF, 0xDF, 0xDF, 0xDF, 0xDF, 0xDF, 0xDF, 0xDF, 0xDF, 0xDF, 0xDF, 0xDF, 0xDF,
    0xDF, 0xDF, 0xDF, 0xDF, 0xDF, 0xDF, 0xDF, 0xDF, 0xDF, 0xDF, 0xDF, 0x25, 0x25, 0x25, 0xFF, 0xFF,
    0xFF, 0xFF, 0xFF, 0xFF, 0xFF, 0x25, 0x25, 0x25, 0x25, 0x25, 0x25, 0x4B, 0x4B, 0x25, 0xDF, 0xDF,
    0xDF, 0xDF, 0xDF, 0xDF, 0xDF, 0xDF, 0xDF, 0xDF, 0xDF, 0xDF, 0xDF, 0xDF, 0xDF, 0xDF, 0xDF, 0xDF,
    0xDF, 0xDF, 0xDF, 0xDF, 0xDF, 0xDF, 0xDF, 0xDF, 0xDF, 0xDF, 0xDF, 0xDF, 0xDF, 0xDF, 0xDF, 0xDF,
    0xDF, 0xDF, 0xDF, 0xDF, 0xDF, 0xDF, 0xDF, 0xDF, 0xDF, 0xDF, 0x25, 0xFF, 0xFF, 0xFF, 0xFF, 0xFF,
    0xFF, 0xFF, 0xFF, 0xFF, 0xFF, 0xFF, 0x25, 0x25, 0x25, 0x25, 0x4B, 0x4B, 0x4B, 0x25, 0x25, 0xDF,
    0xDF, 0xDF, 0xDF, 0xDF, 0xDF, 0xDF, 0xDF, 0xDF, 0xDF, 0xDF, 0xDF, 0xDF, 0xDF, 0xDF, 0xDF, 0xDF,
    0xDF, 0xDF, 0xDF, 0xDF, 0xDF, 0xDF, 0xDF, 0xDF, 0xDF, 0xDF, 0xDF, 0xDF, 0xDF, 0xDF, 0xDF, 0xDF,
    0xDF, 0xDF, 0xDF, 0xDF, 0xDF, 0xDF, 0xDF, 0xDF, 0xDF, 0x25, 0x25, 0x25, 0x25, 0x25, 0x25, 0x25,
    0xFF, 0xFF, 0xFF, 0xFF, 0xFF, 0xFF, 0xFF, 0x25, 0x25, 0x4B, 0x4B, 0x4B, 0x4B, 0x4B, 0x25, 0xDF,
    0xDF, 0xDF, 0xDF, 0xDF, 0xDF, 0xDF, 0xDF, 0xDF, 0xDF, 0xDF, 0xDF, 0xDF, 0xDF, 0xDF, 0xDF, 0xDF,
    0xDF, 0xDF, 0xDF, 0xDF, 0xDF, 0xDF, 0xDF, 0xDF, 0xDF, 0xDF, 0xDF, 0xDF, 0xDF, 0xDF, 0xDF, 0xDF,
    0xDF, 0xDF, 0xDF, 0xDF, 0xDF, 0xDF, 0xDF, 0xDF, 0x25, 0xFF, 0xFF, 0xFF, 0xFF, 0xFF, 0xFF, 0xFF,
    0xFF, 0xFF, 0xFF, 0xFF, 0xFF, 0xFF, 0xFF, 0x25, 0x4B, 0x4B, 0x4B, 0x4B, 0x4B, 0x4B, 0x25, 0xDF,
    0xDF, 0xDF, 0xDF, 0xDF, 0xDF, 0xDF, 0xDF, 0xDF, 0xDF, 0xDF, 0xDF, 0xDF, 0xDF, 0xDF, 0xDF, 0xDF,
    0xDF, 0xDF, 0xDF, 0xDF, 0xDF, 0xDF, 0xDF, 0xDF, 0xDF, 0xDF, 0xDF, 0xDF, 0xDF, 0xDF, 0xDF, 0xDF,
    0xDF, 0xDF, 0xDF, 0xDF, 0xDF, 0xDF, 0xDF, 0xDF, 0x25, 0x25, 0x25, 0x25, 0x25, 0x25, 0x25, 0x25,
    0xFF, 0xFF, 0xFF, 0xFF, 0xFF, 0xFF, 0xFF, 0x25, 0x4B, 0x4B, 0x4B, 0x4B, 0x4B, 0x4B, 0x25, 0xDF,
    0xDF, 0xDF, 0xDF, 0xDF, 0xDF, 0xDF, 0xDF, 0xDF, 0xDF, 0xDF, 0xDF, 0xDF, 0xDF, 0xDF, 0xDF, 0xDF,
    0xDF, 0xDF, 0xDF, 0xDF, 0xDF, 0xDF, 0xDF, 0xDF, 0xDF, 0xDF, 0xDF, 0xDF, 0xDF, 0xDF, 0xDF, 0xDF,
    0xDF, 0xDF, 0xDF, 0xDF, 0xDF, 0xDF, 0xDF, 0xDF, 0xDF, 0x25, 0x25, 0xFF, 0xFF, 0xFF, 0xFF, 0xFF,
    0xFF, 0xFF, 0xFF, 0xFF, 0xFF, 0xFF, 0xFF, 0x25, 0x4B, 0x4B, 0x4B, 0x4B, 0x4B, 0x4B, 0x25, 0xDF,
    0xDF, 0xDF, 0xDF, 0xDF, 0xDF, 0xDF, 0xDF, 0xDF, 0xDF, 0xDF, 0xDF, 0xDF, 0xDF, 0xDF, 0xDF, 0xDF,
    0xDF, 0xDF, 0xDF, 0xDF, 0xDF, 0xDF, 0xDF, 0xDF, 0xDF, 0xDF, 0xDF, 0xDF, 0xDF, 0xDF, 0xDF, 0xDF,
    0xDF, 0xDF, 0xDF, 0xDF, 0xDF, 0xDF, 0xDF, 0xDF, 0xDF, 0x25, 0x25, 0x25, 0x25, 0x25, 0x25, 0x25,
    0x25, 0xFF, 0xFF, 0xFF, 0xFF, 0xFF, 0x25, 0x4B, 0x4B, 0x4B, 0x4B, 0x4B, 0x4B, 0x4B, 0x25, 0xDF,
    0xDF, 0xDF, 0xDF, 0xDF, 0xDF, 0xDF, 0xDF, 0xDF, 0xDF, 0xDF, 0xDF, 0xDF, 0xDF, 0xDF, 0xDF, 0xDF,
    0xDF, 0xDF, 0xDF, 0xDF, 0xDF, 0xDF, 0xDF, 0xDF, 0xDF, 0xDF, 0xDF, 0xDF, 0xDF, 0xDF, 0xDF, 0xDF,
    0xDF, 0xDF, 0xDF, 0xDF, 0xDF, 0xDF, 0x25, 0x25, 0x25, 0x4B, 0x4B, 0x4B, 0x4B, 0x4B, 0x25, 0xFF,
    0xFF, 0xFF, 0xFF, 0xFF, 0xFF, 0x25, 0x4B, 0x4B, 0x4B, 0x4B, 0x4B, 0x4B, 0x4B, 0x4B, 0x25, 0xDF,
    0xDF, 0xDF, 0xDF, 0xDF, 0xDF, 0xDF, 0xDF, 0xDF, 0xDF, 0xDF, 0xDF, 0xDF, 0xDF, 0xDF, 0xDF, 0xDF,
    0xDF, 0xDF, 0xDF, 0xDF, 0xDF, 0xDF, 0xDF, 0xDF, 0xDF, 0xDF, 0xDF, 0xDF, 0xDF, 0xDF, 0xDF, 0xDF,
    0xDF, 0xDF, 0xDF, 0xDF, 0xDF, 0x25, 0x25, 0x4B, 0x4B, 0x4B, 0x4B, 0x4B, 0x4B, 0x4B, 0x4B, 0x25,
    0x25, 0x25, 0x25, 0x25, 0x25, 0x4B, 0x4B, 0x4B, 0x4B, 0x4B, 0x4B, 0x4B, 0x4B, 0x4B, 0x25, 0x25,
    0xDF, 0xDF, 0xDF, 0xDF, 0xDF, 0xDF, 0xDF, 0xDF, 0xDF, 0xDF, 0xDF, 0xDF, 0xDF, 0xDF, 0xDF, 0xDF,
    0xDF, 0xDF, 0xDF, 0xDF, 0xDF, 0xDF, 0xDF, 0xDF, 0xDF, 0xDF, 0xDF, 0xDF, 0xDF, 0xDF, 0xDF, 0xDF,
    0xDF, 0xDF, 0xDF, 0xDF, 0x25, 0x4B, 0x4B, 0x4B, 0x4B, 0x4B, 0x4B, 0x4B, 0x4B, 0x4B, 0x4B, 0x4B,
    0x4B, 0x4B, 0x4B, 0x4B, 0x4B, 0x4B, 0x4B, 0x4B, 0x4B, 0x4B, 0x4B, 0x4B, 0x4B, 0x4B, 0x4B, 0x25,
    0x25, 0xDF, 0xDF, 0xDF, 0xDF, 0xDF, 0xDF, 0xDF, 0xDF, 0xDF, 0xDF, 0xDF, 0xDF, 0xDF, 0xDF, 0xDF,
    0xDF, 0xDF, 0xDF, 0xDF, 0xDF, 0xDF, 0xDF, 0xDF, 0xDF, 0xDF, 0xDF, 0xDF, 0xDF, 0xDF, 0xDF, 0xDF,
    0xDF, 0xDF, 0xDF, 0x25, 0x4B, 0x4B, 0x4B, 0x4B, 0x4B, 0x4B, 0x4B, 0x4B, 0x4B, 0x4B, 0x4B, 0x4B,
    0x4B, 0x4B, 0x4B, 0x4B, 0x4B, 0x4B, 0x4B, 0x4B, 0x4B, 0x4B, 0x4B, 0x4B, 0x4B, 0x4B, 0x4B, 0x4B,
    0x25, 0x25, 0xDF, 0xDF, 0xDF, 0xDF, 0xDF, 0xDF, 0xDF, 0xDF, 0xDF, 0xDF, 0xDF, 0xDF, 0xDF, 0xDF,
    0xDF, 0xDF, 0xDF, 0xDF, 0xDF, 0xDF, 0xDF, 0xDF, 0xDF, 0xDF, 0xDF, 0xDF, 0xDF, 0xDF, 0xDF, 0xDF,
    0xDF, 0xDF, 0x25, 0x4B, 0x4B, 0x4B, 0x4B, 0x4B, 0x4B, 0x4B, 0x4B, 0x4B, 0x4B, 0x4B, 0x4B, 0x4B,
    0x4B, 0x4B, 0x4B, 0x4B, 0x4B, 0x4B, 0x4B, 0x4B, 0x4B, 0x4B, 0x4B, 0x4B, 0x4B, 0x4B, 0x4B, 0x4B,
    0x4B, 0x4B, 0x25, 0xDF, 0xDF, 0xDF, 0xDF, 0xDF, 0xDF, 0xDF, 0xDF, 0xDF, 0xDF, 0xDF, 0xDF, 0xDF,
    0xDF, 0xDF, 0xDF, 0xDF, 0xDF, 0xDF, 0xDF, 0xDF, 0xDF, 0xDF, 0xDF, 0xDF, 0xDF, 0xDF, 0xDF, 0xDF,
    0xDF, 0x25, 0x4B, 0x4B, 0x4B, 0x4B, 0x4B, 0x4B, 0x4B, 0x4B, 0x4B, 0x4B, 0x4B, 0x4B, 0x4B, 0x4B,
    0x4B, 0x4B, 0x4B, 0x4B, 0x4B, 0x4B, 0x4B, 0x4B, 0x4B, 0x4B, 0x4B, 0x4B, 0x4B, 0x4B, 0x4B, 0x4B,
    0x4B, 0x4B, 0x4B, 0x25, 0xDF, 0xDF, 0xDF, 0xDF, 0xDF, 0xDF, 0xDF, 0xDF, 0xDF, 0xDF, 0xDF, 0xDF,
    0xDF, 0xDF, 0xDF, 0xDF, 0xDF, 0xDF, 0xDF, 0xDF, 0xDF, 0xDF, 0xDF, 0xDF, 0xDF, 0xDF, 0xDF, 0xDF,
    0x25, 0x4B, 0x4B, 0x4B, 0x4B, 0x4B, 0x4B, 0x4B, 0x4B, 0x4B, 0x4B, 0x4B, 0x4B, 0x4B, 0x4B, 0x4B,
    0x4B, 0x4B, 0x4B, 0x4B, 0x4B, 0x4B, 0x4B, 0x4B, 0x4B, 0x4B, 0x4B, 0x4B, 0x4B, 0x4B, 0x4B, 0x4B,
    0x4B, 0x4B, 0x4B, 0x25, 0x25, 0xDF, 0xDF, 0xDF, 0xDF, 0xDF, 0xDF, 0xDF, 0xDF, 0xDF, 0xDF, 0xDF,
    0xDF, 0xDF, 0xDF, 0xDF, 0xDF, 0xDF, 0xDF, 0xDF, 0xDF, 0xDF, 0xDF, 0xDF, 0xDF, 0xDF, 0xDF, 0x25,
    0x4B, 0x4B, 0x4B, 0x4B, 0x4B, 0x4B, 0x4B, 0x4B, 0x4B, 0x4B, 0x4B, 0x25, 0x25, 0x25, 0x25, 0x4B,
    0x4B, 0x4B, 0x4B, 0x4B, 0x4B, 0x4B, 0x25, 0x25, 0x25, 0x25, 0x4B, 0x4B, 0x4B, 0x4B, 0x4B, 0x4B,
    0x4B, 0x4B, 0x4B, 0x4B, 0x25, 0xDF, 0xDF, 0xDF, 0xDF, 0xDF, 0xDF, 0xDF, 0xDF, 0xDF, 0xDF, 0xDF,
    0xDF, 0xDF, 0xDF, 0xDF, 0xDF, 0xDF, 0xDF, 0xDF, 0xDF, 0xDF, 0xDF, 0xDF, 0xDF, 0xDF, 0x25, 0x25,
    0x4B, 0x4B, 0x4B, 0x4B, 0x4B, 0x4B, 0x4B, 0x4B, 0x4B, 0x4B, 0x4B, 0x4B, 0x4B, 0x4B, 0x4B, 0x4B,
    0x4B, 0x4B, 0x4B, 0x4B, 0x4B, 0x4B, 0x4B, 0x4B, 0x4B, 0x4B, 0x4B, 0x4B, 0x4B, 0x4B, 0x4B, 0x4B,
    0x4B, 0x4B, 0x4B, 0x4B, 0x25, 0x25, 0xDF, 0xDF, 0xDF, 0xDF, 0xDF, 0xDF, 0xDF, 0xDF, 0xDF, 0xDF,
    0xDF, 0xDF, 0xDF, 0xDF, 0xDF, 0xDF, 0xDF, 0xDF, 0xDF, 0xDF, 0xDF, 0x25, 0x25, 0x25, 0x25, 0x4B,
    0x4B, 0x4B, 0x25, 0x25, 0x25, 0x25, 0x25, 0x25, 0x4B, 0x4B, 0x4B, 0x4B, 0x4B, 0x4B, 0x4B, 0x4B,
    0x4B, 0x4B, 0x25, 0x4B, 0x4B, 0x4B, 0x4B, 0x4B, 0x4B, 0x4B, 0x4B, 0x4B, 0x4B, 0x4B, 0x4B, 0x4B,
    0x4B, 0x4B, 0x4B, 0x4B, 0x4B, 0x25, 0x25, 0x25, 0x25, 0x25, 0xDF, 0xDF, 0xDF, 0xDF, 0xDF, 0xDF,
    0xDF, 0xDF, 0xDF, 0xDF, 0xDF, 0xDF, 0xDF, 0xDF, 0xDF, 0xDF, 0x25, 0x25, 0x4B, 0x25, 0x25, 0x4B,
    0x4B, 0x4B, 0x4B, 0x4B, 0x4B, 0x4B, 0x4B, 0x4B, 0x4B, 0x4B, 0x4B, 0x4B, 0x4B, 0x4B, 0x4B, 0x4B,
    0x4B, 0x4B, 0x25, 0x4B, 0x4B, 0x4B, 0x4B, 0x4B, 0x4B, 0x4B, 0x4B, 0x4B, 0x25, 0x25, 0x25, 0x25,
    0x25, 0x25, 0x4B, 0x4B, 0x4B, 0x25, 0x25, 0x4B, 0x4B, 0x25, 0x25, 0xDF, 0xDF, 0xDF, 0xDF, 0xDF,
    0xDF, 0xDF, 0xDF, 0xDF, 0xDF, 0xDF, 0xDF, 0xDF, 0xDF, 0x25, 0x4B, 0x4B, 0x4B, 0x25, 0x4B, 0x4B,
    0x4B, 0x4B, 0x4B, 0x4B, 0x4B, 0x4B, 0x25, 0x4B, 0x4B, 0x4B, 0x4B, 0x4B, 0x4B, 0x4B, 0x4B, 0x4B,
    0x25, 0x25, 0x25, 0x4B, 0x4B, 0x4B, 0x4B, 0x4B, 0x4B, 0x4B, 0x4B, 0x4B, 0x4B, 0x4B, 0x4B, 0x4B,
    0x4B, 0x4B, 0x4B, 0x4B, 0x4B, 0x25, 0x25, 0x4B, 0x4B, 0x4B, 0x25, 0xDF, 0xDF, 0xDF, 0xDF, 0xDF,
    0xDF, 0xDF, 0xDF, 0xDF, 0xDF, 0xDF, 0xDF, 0xDF, 0xDF, 0x25, 0x4B, 0x4B, 0x4B, 0x25, 0x4B, 0x4B,
    0x4B, 0x4B, 0x25, 0x25, 0x25, 0x25, 0x4B, 0x4B, 0x4B, 0x4B, 0x4B, 0x4B, 0x25, 0x25, 0x25, 0x25,
    0x4B, 0x4B, 0x4B, 0x25, 0x25, 0x4B, 0x4B, 0x4B, 0x4B, 0x4B, 0x4B, 0x4B, 0x4B, 0x4B, 0x4B, 0x4B,
    0x4B, 0x4B, 0x4B, 0x4B, 0x4B, 0x4B, 0x25, 0x4B, 0x4B, 0x4B, 0x25, 0x25, 0xDF, 0xDF, 0xDF, 0xDF,
    0xDF, 0xDF, 0xDF, 0xDF, 0xDF, 0xDF, 0xDF, 0xDF, 0xDF, 0x25, 0x4B, 0x4B, 0x4B, 0x25, 0x4B, 0x4B,
    0x4B, 0x4B, 0x25, 0x4B, 0x4B, 0x4B, 0x4B, 0x4B, 0x4B, 0x4B, 0x4B, 0x4B, 0x4B, 0x4B, 0x4B, 0x4B,
    0x4B, 0x4B, 0x4B, 0x4B, 0x25, 0x25, 0x25, 0x25, 0x25, 0x4B, 0x4B, 0x4B, 0x25, 0x25, 0x25, 0x25,
    0x4B, 0x4B, 0x4B, 0x4B, 0x4B, 0x4B, 0x25, 0x4B, 0x4B, 0x4B, 0x4B, 0x25, 0xDF, 0xDF, 0xDF, 0xDF,
    0xDF, 0xDF, 0xDF, 0xDF, 0xDF, 0xDF, 0xDF, 0xDF, 0xDF, 0x25, 0x4B, 0x4B, 0x4B, 0x25, 0x4B, 0x4B,
    0x4B, 0x4B, 0x4B, 0x4B, 0x4B, 0x4B, 0x4B, 0x4B, 0x4B, 0x4B, 0x4B, 0x4B, 0x4B, 0x4B, 0x4B, 0x4B,
    0x4B, 0x4B, 0x4B, 0x4B, 0x4B, 0x4B, 0x4B, 0x4B, 0x4B, 0x4B, 0x4B, 0x4B, 0x4B, 0x4B, 0x4B, 0x25,
    0x25, 0x25, 0x4B, 0x4B, 0x4B, 0x4B, 0x25, 0x4B, 0x4B, 0x4B, 0x4B, 0x25, 0xDF, 0xDF, 0xDF, 0xDF,
    0xDF, 0xDF, 0xDF, 0xDF, 0xDF, 0xDF, 0xDF, 0xDF, 0xDF, 0x25, 0x4B, 0x4B, 0x4B, 0x25, 0x4B, 0x4B,
    0x4B, 0x4B, 0x4B, 0x4B, 0x4B, 0x4B, 0x4B, 0x4B, 0x4B, 0x4B, 0x4B, 0x4B, 0x4B, 0x4B, 0x4B, 0x4B,
    0x4B, 0x4B, 0x4B, 0x4B, 0x4B, 0x4B, 0x4B, 0x4B, 0x4B, 0x4B, 0x4B, 0x4B, 0x4B, 0x4B, 0x4B, 0x4B,
    0x4B, 0x4B, 0x4B, 0x4B, 0x4B, 0x4B, 0x25, 0x4B, 0x4B, 0x4B, 0x25, 0x25, 0xDF, 0xDF, 0xDF, 0xDF,
    0xDF, 0xDF, 0xDF, 0xDF, 0xDF, 0xDF, 0xDF, 0xDF, 0xDF, 0x25, 0x25, 0x4B, 0x4B, 0x25, 0x4B, 0x4B,
    0x4B, 0x4B, 0x4B, 0x4B, 0x4B, 0x4B, 0x4B, 0x4B, 0x4B, 0x4B, 0x4B, 0x4B, 0x4B, 0x4B, 0x4B, 0x4B,
    0x4B, 0x4B, 0x4B, 0x4B, 0x4B, 0x4B, 0x4B, 0x4B, 0x4B, 0x4B, 0x4B, 0x4B, 0x4B, 0x4B, 0x4B, 0x4B,
    0x4B, 0x4B, 0x4B, 0x4B, 0x4B, 0x4B, 0x25, 0x4B, 0x4B, 0x25, 0x25, 0xDF, 0xDF, 0xDF, 0xDF, 0xDF,
    0xDF, 0xDF, 0xDF, 0xDF, 0xDF, 0xDF, 0xDF, 0xDF, 0xDF, 0xDF, 0x25, 0x25, 0x25, 0x25, 0x4B, 0x4B,
    0x4B, 0x4B, 0x4B, 0x4B, 0x4B, 0x4B, 0x4B, 0x4B, 0x4B, 0x4B, 0x4B, 0x4B, 0x4B, 0x4B, 0x4B, 0x4B,
    0x4B, 0x4B, 0x4B, 0x4B, 0x4B, 0x4B, 0x4B, 0x4B, 0x4B, 0x4B, 0x4B, 0x4B, 0x4B, 0x4B, 0x4B, 0x4B,
    0x4B, 0x4B, 0x4B, 0x4B, 0x4B, 0x4B, 0x25, 0x4B, 0x25, 0x25, 0xDF, 0xDF, 0xDF, 0xDF, 0xDF, 0xDF,
    0xDF, 0xDF, 0xDF, 0xDF, 0xDF, 0xDF, 0xDF, 0xDF, 0xDF, 0xDF, 0xDF, 0xDF, 0x25, 0x25, 0x4B, 0x4B,
    0x4B, 0x4B, 0x4B, 0x4B, 0x4B, 0x4B, 0x4B, 0x4B, 0x4B, 0x4B, 0x4B, 0x4B, 0x4B, 0x4B, 0x4B, 0x4B,
    0x4B, 0x4B, 0x4B, 0x4B, 0x4B, 0x4B, 0x4B, 0x4B, 0x4B, 0x4B, 0x4B, 0x4B, 0x4B, 0x4B, 0x4B, 0x4B,
    0x4B, 0x4B, 0x4B, 0x4B, 0x4B, 0x4B, 0x25, 0x25, 0xDF, 0xDF, 0xDF, 0xDF, 0xDF, 0xDF, 0xDF, 0xDF,
    0xDF, 0xDF, 0xDF, 0xDF, 0xDF, 0xDF, 0xDF, 0xDF, 0xDF, 0xDF, 0xDF, 0xDF, 0xDF, 0x25, 0x4B, 0x4B,
    0x4B, 0x4B, 0x4B, 0x4B, 0x4B, 0x4B, 0x4B, 0x4B, 0x4B, 0x4B, 0x4B, 0x4B, 0x4B, 0x4B, 0x4B, 0x4B,
    0x4B, 0x4B, 0x4B, 0x4B, 0x4B, 0x4B, 0x4B, 0x4B, 0x4B, 0x4B, 0x4B, 0x4B, 0x4B, 0x4B, 0x4B, 0x4B,
    0x4B, 0x4B, 0x4B, 0x4B, 0x4B, 0x4B, 0x25, 0xDF, 0xDF, 0xDF, 0xDF, 0xDF, 0xDF, 0xDF, 0xDF, 0xDF,
    0xDF, 0xDF, 0xDF, 0xDF, 0xDF, 0xDF, 0xDF, 0xDF, 0xDF, 0xDF, 0xDF, 0xDF, 0xDF, 0x25, 0x4B, 0x4B,
    0x4B, 0x4B, 0x4B, 0x4B, 0x4B, 0x4B, 0x4B, 0x4B, 0x4B, 0x4B, 0x4B, 0x4B, 0x4B, 0x4B, 0x4B, 0x4B,
    0x4B, 0x4B, 0x4B, 0x4B, 0x4B, 0x4B, 0x4B, 0x4B, 0x4B, 0x4B, 0x4B, 0x4B, 0x4B, 0x4B, 0x4B, 0x4B,
    0x4B, 0x4B, 0x4B, 0x4B, 0x4B, 0x4B, 0x25, 0xDF, 0xDF, 0xDF, 0xDF, 0xDF, 0xDF, 0xDF, 0xDF, 0xDF,
    0xDF, 0xDF, 0xDF, 0xDF, 0xDF, 0xDF, 0xDF, 0xDF, 0xDF, 0xDF, 0xDF, 0xDF, 0xDF, 0x25, 0x4B, 0x4B,
    0x4B, 0x4B, 0x4B, 0x4B, 0x4B, 0x4B, 0x4B, 0x4B, 0x4B, 0x4B, 0x4B, 0x4B, 0x4B, 0x4B, 0x4B, 0x4B,
    0x4B, 0x4B, 0x4B, 0x4B, 0x4B, 0x4B, 0x4B, 0x4B, 0x4B, 0x4B, 0x4B, 0x4B, 0x4B, 0x4B, 0x4B, 0x4B,
    0x4B, 0x4B, 0x4B, 0x4B, 0x4B, 0x4B, 0x25, 0xDF, 0xDF, 0xDF, 0xDF, 0xDF, 0xDF, 0xDF, 0xDF, 0xDF,
    0xDF, 0xDF, 0xDF, 0xDF, 0xDF, 0xDF, 0xDF, 0xDF, 0xDF, 0xDF, 0xDF, 0xDF, 0xDF, 0x25, 0x25, 0x4B,
    0x4B, 0x4B, 0x4B, 0x4B, 0x4B, 0x4B, 0x4B, 0x4B, 0x4B, 0x4B, 0x4B, 0x4B, 0x4B, 0x4B, 0x4B, 0x4B,
    0x4B, 0x4B, 0x4B, 0x4B, 0x4B, 0x4B, 0x4B, 0x4B, 0x4B, 0x4B, 0x4B, 0x4B, 0x4B, 0x4B, 0x4B, 0x4B,
    0x4B, 0x4B, 0x4B, 0x4B, 0x4B, 0x25, 0xDF, 0xDF, 0xDF, 0xDF, 0xDF, 0xDF, 0xDF, 0xDF, 0xDF, 0xDF,
    0xDF, 0xDF, 0xDF, 0xDF, 0xDF, 0xDF, 0xDF, 0xDF, 0xDF, 0xDF, 0xDF, 0xDF, 0xDF, 0xDF, 0x25, 0x4B,
    0x4B, 0x4B, 0x4B, 0x4B, 0x4B, 0x4B, 0x4B, 0x4B, 0x4B, 0x4B, 0x4B, 0x4B, 0x4B, 0x4B, 0x4B, 0x4B,
    0x4B, 0x4B, 0x4B, 0x4B, 0x4B, 0x4B, 0x4B, 0x4B, 0x4B, 0x4B, 0x4B, 0x4B, 0x4B, 0x4B, 0x4B, 0x4B,
    0x4B, 0x4B, 0x4B, 0x4B, 0x4B, 0x25, 0xDF, 0xDF, 0xDF, 0xDF, 0xDF, 0xDF, 0xDF, 0xDF, 0xDF, 0xDF,
    0xDF, 0xDF, 0xDF, 0xDF, 0xDF, 0xDF, 0xDF, 0xDF, 0xDF, 0xDF, 0xDF, 0xDF, 0xDF, 0xDF, 0x25, 0x4B,
    0x4B, 0x4B, 0x4B, 0x4B, 0x4B, 0x4B, 0x4B, 0x4B, 0x4B, 0x4B, 0x4B, 0x4B, 0x4B, 0x4B, 0x4B, 0x4B,
    0x4B, 0x4B, 0x4B, 0x4B, 0x4B, 0x4B, 0x4B, 0x4B, 0x4B, 0x4B, 0x4B, 0x4B, 0x4B, 0x4B, 0x4B, 0x4B,
    0x4B, 0x4B, 0x4B, 0x4B, 0x25, 0x25, 0xDF, 0xDF, 0xDF, 0xDF, 0xDF, 0xDF, 0xDF, 0xDF, 0xDF, 0xDF,
    0xDF, 0xDF, 0xDF, 0xDF, 0xDF, 0xDF, 0xDF, 0xDF, 0xDF, 0xDF, 0xDF, 0xDF, 0xDF, 0xDF, 0xDF, 0x25,
    0x4B, 0x4B, 0x4B, 0x4B, 0x4B, 0x4B, 0x4B, 0x4B, 0x4B, 0x4B, 0x4B, 0x4B, 0x4B, 0x4B, 0x4B, 0x4B,
    0x4B, 0x4B, 0x4B, 0x4B, 0x4B, 0x4B, 0x4B, 0x4B, 0x4B, 0x4B, 0x4B, 0x4B, 0x4B, 0x4B, 0x4B, 0x4B,
    0x4B, 0x4B, 0x4B, 0x4B, 0x25, 0xDF, 0xDF, 0xDF, 0xDF, 0xDF, 0xDF, 0xDF, 0xDF, 0xDF, 0xDF, 0xDF,
    0xDF, 0xDF, 0xDF, 0xDF, 0xDF, 0xDF, 0xDF, 0xDF, 0xDF, 0xDF, 0xDF, 0xDF, 0xDF, 0xDF, 0xDF, 0x25,
    0x4B, 0x4B, 0x4B, 0x4B, 0x4B, 0x4B, 0x4B, 0x4B, 0x4B, 0x4B, 0x4B, 0x4B, 0x4B, 0x4B, 0x4B, 0x4B,
    0x4B, 0x4B, 0x4B, 0x4B, 0x4B, 0x4B, 0x4B, 0x4B, 0x4B, 0x4B, 0x4B, 0x4B, 0x4B, 0x4B, 0x4B, 0x4B,
    0x4B, 0x4B, 0x4B, 0x25, 0x25, 0xDF, 0xDF, 0xDF, 0xDF, 0xDF, 0xDF, 0xDF, 0xDF, 0xDF, 0xDF, 0xDF,
    0xDF, 0xDF, 0xDF, 0xDF, 0xDF, 0xDF, 0xDF, 0xDF, 0xDF, 0xDF, 0xDF, 0xDF, 0xDF, 0xDF, 0xDF, 0xDF,
    0x25, 0x4B, 0x4B, 0x4B, 0x4B, 0x4B, 0x4B, 0x4B, 0x4B, 0x4B, 0x4B, 0x4B, 0x4B, 0x4B, 0x4B, 0x4B,
    0x4B, 0x4B, 0x4B, 0x4B, 0x4B, 0x4B, 0x4B, 0x4B, 0x4B, 0x4B, 0x4B, 0x4B, 0x4B, 0x4B, 0x4B, 0x4B,
    0x4B, 0x4B, 0x4B, 0x25, 0xDF, 0xDF, 0xDF, 0xDF, 0xDF, 0xDF, 0xDF, 0xDF, 0xDF, 0xDF, 0xDF, 0xDF,
    0xDF, 0xDF, 0xDF, 0xDF, 0xDF, 0xDF, 0xDF, 0xDF, 0xDF, 0xDF, 0xDF, 0xDF, 0xDF, 0xDF, 0xDF, 0xDF,
    0x25, 0x25, 0x4B, 0x4B, 0x4B, 0x4B, 0x4B, 0x4B, 0x4B, 0x4B, 0x4B, 0x4B, 0x4B, 0x4B, 0x4B, 0x4B,
    0x4B, 0x4B, 0x4B, 0x4B, 0x4B, 0x4B, 0x4B, 0x4B, 0x4B, 0x4B, 0x4B, 0x4B, 0x4B, 0x4B, 0x4B, 0x4B,
    0x4B, 0x25, 0x25, 0xDF, 0xDF, 0xDF, 0xDF, 0xDF, 0xDF, 0xDF, 0xDF, 0xDF, 0xDF, 0xDF, 0xDF, 0xDF,
    0xDF, 0xDF, 0xDF, 0xDF, 0xDF, 0xDF, 0xDF, 0xDF, 0xDF, 0xDF, 0xDF, 0xDF, 0xDF, 0xDF, 0xDF, 0xDF,
    0xDF, 0x25, 0x25, 0x4B, 0x4B, 0x4B, 0x4B, 0x4B, 0x4B, 0x4B, 0x4B, 0x4B, 0x4B, 0x4B, 0x4B, 0x4B,
    0x4B, 0x4B, 0x4B, 0x4B, 0x4B, 0x4B, 0x4B, 0x4B, 0x4B, 0x4B, 0x4B, 0x4B, 0x4B, 0x4B, 0x4B, 0x4B,
    0x25, 0x25, 0x25, 0xDF, 0xDF, 0xDF, 0xDF, 0xDF, 0xDF, 0xDF, 0xDF, 0xDF, 0xDF, 0xDF, 0xDF, 0xDF,
    0xDF, 0xDF, 0xDF, 0xDF, 0xDF, 0xDF, 0xDF, 0xDF, 0xDF, 0xDF, 0xDF, 0xDF, 0xDF, 0xDF, 0xDF, 0xDF,
    0xDF, 0xDF, 0x25, 0x25, 0x4B, 0x4B, 0x4B, 0x4B, 0x4B, 0x4B, 0x4B, 0x4B, 0x4B, 0x4B, 0x4B, 0x4B,
    0x4B, 0x4B, 0x4B, 0x4B, 0x4B, 0x4B, 0x4B, 0x4B, 0x4B, 0x4B, 0x4B, 0x4B, 0x4B, 0x4B, 0x25, 0x25,
    0x25, 0x4B, 0x25, 0xDF, 0xDF, 0xDF, 0xDF, 0xDF, 0xDF, 0xDF, 0xDF, 0xDF, 0xDF, 0xDF, 0xDF, 0xDF,
    0xDF, 0xDF, 0xDF, 0xDF, 0xDF, 0xDF, 0xDF, 0xDF, 0xDF, 0xDF, 0xDF, 0xDF, 0xDF, 0xDF, 0xDF, 0xDF,
    0xDF, 0xDF, 0xDF, 0x25, 0x25, 0x25, 0x4B, 0x4B, 0x4B, 0x4B, 0x4B, 0x4B, 0x4B, 0x4B, 0x4B, 0x4B,
    0x4B, 0x4B, 0x4B, 0x4B, 0x4B, 0x4B, 0x4B, 0x4B, 0x4B, 0x4B, 0x4B, 0x4B, 0x25, 0x25, 0x25, 0x4B,
    0x4B, 0x4B, 0x25, 0xDF, 0xDF, 0xDF, 0xDF, 0xDF, 0xDF, 0xDF, 0xDF, 0xDF, 0xDF, 0xDF, 0xDF, 0xDF,
    0xDF, 0xDF, 0xDF, 0xDF, 0xDF, 0xDF, 0xDF, 0xDF, 0xDF, 0xDF, 0xDF, 0xDF, 0xDF, 0xDF, 0xDF, 0xDF,
    0xDF, 0xDF, 0xDF, 0x25, 0x4B, 0x25, 0x25, 0x25, 0x4B, 0x4B, 0x4B, 0x4B, 0x4B, 0x4B, 0x4B, 0x4B,
    0x4B, 0x4B, 0x4B, 0x4B, 0x4B, 0x4B, 0x4B, 0x4B, 0x4B, 0x4B, 0x25, 0x25, 0x25, 0x4B, 0x4B, 0x4B,
    0x4B, 0x4B, 0x25, 0xDF, 0xDF, 0xDF, 0xDF, 0xDF, 0xDF, 0xDF, 0xDF, 0xDF, 0xDF, 0xDF, 0xDF, 0xDF,
    0xDF, 0xDF, 0xDF, 0xDF, 0xDF, 0xDF, 0xDF, 0xDF, 0xDF, 0xDF, 0xDF, 0xDF, 0xDF, 0xDF, 0xDF, 0xDF,
    0xDF, 0xDF, 0xDF, 0x25, 0x4B, 0x4B, 0x4B, 0x25, 0x25, 0x25, 0x25, 0x25, 0x25, 0x25, 0x25, 0x25,
    0x25, 0x25, 0x25, 0x25, 0x25, 0x25, 0x25, 0x25, 0x25, 0x25, 0x25, 0x4B, 0x4B, 0x4B, 0x4B, 0x4B,
    0x4B, 0x4B, 0x25, 0xDF, 0xDF, 0xDF, 0xDF, 0xDF, 0xDF, 0xDF, 0xDF, 0xDF, 0xDF, 0xDF, 0xDF, 0xDF,
    0xDF, 0xDF, 0xDF, 0xDF, 0xDF, 0xDF, 0xDF, 0xDF, 0xDF, 0xDF, 0xDF, 0xDF, 0xDF, 0xDF, 0xDF, 0xDF,
    0xDF, 0xDF, 0xDF, 0x25, 0x4B, 0x4B, 0x4B, 0x4B, 0x4B, 0x4B, 0x4B, 0x4B, 0x4B, 0x4B, 0x4B, 0x25,
    0xDF, 0xDF, 0xDF, 0xDF, 0xDF, 0xDF, 0xDF, 0x25, 0x4B, 0x4B, 0x4B, 0x4B, 0x4B, 0x4B, 0x4B, 0x4B,
    0x4B, 0x4B, 0x25, 0xDF, 0xDF, 0xDF, 0xDF, 0xDF, 0xDF, 0xDF, 0xDF, 0xDF, 0xDF, 0xDF, 0xDF, 0xDF,
    0xDF, 0xDF, 0xDF, 0xDF, 0xDF, 0xDF, 0xDF, 0xDF, 0xDF, 0xDF, 0xDF, 0xDF, 0xDF, 0xDF, 0xDF, 0xDF,
    0xDF, 0xDF, 0xDF, 0x25, 0x25, 0x4B, 0x4B, 0x4B, 0x4B, 0x4B, 0x4B, 0x4B, 0x4B, 0x4B, 0x25, 0xDF,
    0xDF, 0xDF, 0xDF, 0xDF, 0xDF, 0xDF, 0xDF, 0x25, 0x4B, 0x4B, 0x4B, 0x4B, 0x4B, 0x4B, 0x4B, 0x4B,
    0x4B, 0x4B, 0x25, 0xDF, 0xDF, 0xDF, 0xDF, 0xDF, 0xDF, 0xDF, 0xDF, 0xDF, 0xDF, 0xDF, 0xDF, 0xDF,
    0xDF, 0xDF, 0xDF, 0xDF, 0xDF, 0xDF, 0xDF, 0xDF, 0xDF, 0xDF, 0xDF, 0xDF, 0xDF, 0xDF, 0xDF, 0xDF,
    0xDF, 0xDF, 0xDF, 0xDF, 0x25, 0x4B, 0x4B, 0x4B, 0x4B, 0x4B, 0x4B, 0x4B, 0x25, 0x25, 0x25, 0xDF,
    0xDF, 0xDF, 0xDF, 0xDF, 0xDF, 0xDF, 0xDF, 0xDF, 0x25, 0x4B, 0x4B, 0x4B, 0x4B, 0x4B, 0x4B, 0x4B,
    0x4B, 0x25, 0x25, 0xDF, 0xDF, 0xDF, 0xDF, 0xDF, 0xDF, 0xDF, 0xDF, 0xDF, 0xDF, 0xDF, 0xDF, 0xDF,
    0xDF, 0xDF, 0xDF, 0xDF, 0xDF, 0xDF, 0xDF, 0xDF, 0xDF, 0xDF, 0xDF, 0xDF, 0xDF, 0xDF, 0xDF, 0xDF,
    0xDF, 0xDF, 0xDF, 0xDF, 0x25, 0x25, 0x4B, 0x4B, 0x4B, 0x4B, 0x4B, 0x25, 0x25, 0xDF, 0xDF, 0xDF,
    0xDF, 0xDF, 0xDF, 0xDF, 0xDF, 0xDF, 0xDF, 0xDF, 0x25, 0x25, 0x25, 0x4B, 0x4B, 0x4B, 0x4B, 0x4B,
    0x25, 0x25, 0xDF, 0xDF, 0xDF, 0xDF, 0xDF, 0xDF, 0xDF, 0xDF, 0xDF, 0xDF, 0xDF, 0xDF, 0xDF, 0xDF,
    0xDF, 0xDF, 0xDF, 0xDF, 0xDF, 0xDF, 0xDF, 0xDF, 0xDF, 0xDF, 0xDF, 0xDF, 0xDF, 0xDF, 0xDF, 0xDF,
    0xDF, 0xDF, 0xDF, 0xDF, 0xDF, 0x25, 0x25, 0x25, 0x25, 0x25, 0x25, 0xDF, 0xDF, 0xDF, 0xDF, 0xDF,
    0xDF, 0xDF, 0xDF, 0xDF, 0xDF, 0xDF, 0xDF, 0xDF, 0xDF, 0xDF, 0x25, 0x25, 0x25, 0x25, 0x25, 0x25,
    0x25, 0xDF, 0xDF, 0xDF, 0xDF, 0xDF, 0xDF, 0xDF, 0xDF, 0xDF, 0xDF, 0xDF, 0xDF, 0xDF, 0xDF, 0xDF,
    0xDF, 0xDF, 0xDF, 0xDF, 0xDF, 0xDF, 0xDF, 0xDF, 0xDF, 0xDF, 0xDF, 0xDF, 0xDF, 0xDF, 0xDF, 0xDF,
    0xDF, 0xDF, 0xDF, 0xDF, 0xDF, 0xDF, 0xDF, 0xDF, 0xDF, 0xDF, 0xDF, 0xDF, 0xDF, 0xDF, 0xDF, 0xDF,
    0xDF, 0xDF, 0xDF, 0xDF, 0xDF, 0xDF, 0xDF, 0xDF, 0xDF, 0xDF, 0xDF, 0xDF, 0xDF, 0xDF, 0xDF, 0xDF,
    0xDF, 0xDF, 0xDF, 0xDF, 0xDF, 0xDF, 0xDF, 0xDF, 0xDF, 0xDF, 0xDF, 0xDF, 0xDF, 0xDF, 0xDF, 0xDF,
    0xDF, 0xDF, 0xDF, 0xDF, 0xDF, 0xDF, 0xDF, 0xDF, 0xDF, 0xDF, 0xDF, 0xDF, 0xDF, 0xDF, 0xDF, 0xDF,
    0xDF, 0xDF, 0xDF, 0xDF, 0xDF, 0xDF, 0xDF, 0xDF, 0xDF, 0xDF, 0xDF, 0xDF, 0xDF, 0xDF, 0xDF, 0xDF,
    0xDF, 0xDF, 0xDF, 0xDF, 0xDF, 0xDF, 0xDF, 0xDF, 0xDF, 0xDF, 0xDF, 0xDF, 0xDF, 0xDF, 0xDF, 0xDF,
    0xDF, 0xDF, 0xDF, 0xDF, 0xDF, 0xDF, 0xDF, 0xDF, 0xDF, 0xDF, 0xDF, 0xDF, 0xDF, 0xDF, 0xDF, 0xDF,
    0xDF, 0xDF, 0xDF, 0xDF, 0xDF, 0xDF, 0xDF, 0xDF, 0xDF, 0xDF, 0xDF, 0xDF, 0xDF, 0xDF, 0xDF, 0xDF,
    0xDF, 0xDF, 0xDF, 0xDF, 0xDF, 0xDF, 0xDF, 0xDF, 0xDF, 0xDF, 0xDF, 0xDF, 0xDF, 0xDF, 0xDF, 0xDF,
    0xDF, 0xDF, 0xDF, 0xDF, 0xDF, 0xDF, 0xDF, 0xDF, 0xDF, 0xDF, 0xDF, 0xDF, 0xDF, 0xDF, 0xDF, 0xDF,
    0xDF, 0xDF, 0xDF, 0xDF, 0xDF, 0xDF, 0xDF, 0xDF, 0xDF, 0xDF, 0xDF, 0xDF, 0xDF, 0xDF, 0xDF, 0xDF,
    0xDF, 0xDF, 0xDF, 0xDF, 0xDF, 0xDF, 0xDF, 0xDF, 0xDF, 0xDF, 0xDF, 0xDF, 0xDF, 0xDF, 0xDF, 0xDF,
    0xDF, 0xDF, 0xDF, 0xDF, 0xDF, 0xDF, 0xDF, 0xDF, 0xDF, 0xDF, 0xDF, 0xDF, 0xDF, 0xDF, 0xDF, 0xDF,
    0xDF, 0xDF, 0xDF, 0xDF, 0xDF, 0xDF, 0xDF, 0xDF, 0xDF, 0xDF, 0xDF, 0xDF, 0xDF, 0xDF, 0xDF, 0xDF,
    0xDF, 0xDF, 0xDF, 0xDF, 0xDF, 0xDF, 0xDF, 0xDF, 0xDF, 0xDF, 0xDF, 0xDF, 0xDF, 0xDF, 0xDF, 0xDF,
    0xDF, 0xDF, 0xDF, 0xDF, 0xDF, 0xDF, 0xDF, 0xDF, 0xDF, 0xDF, 0xDF, 0xDF, 0xDF, 0xDF, 0xDF, 0xDF,
    0xDF, 0xDF, 0xDF, 0xDF, 0xDF, 0xDF, 0xDF, 0xDF, 0xDF, 0xDF, 0xDF, 0xDF, 0xDF, 0xDF, 0xDF, 0xDF,
    0xDF, 0xDF, 0xDF, 0xDF, 0xDF, 0xDF, 0xDF, 0xDF, 0xDF, 0xDF, 0xDF, 0xDF, 0xDF, 0xDF, 0xDF, 0xDF,
    0xDF, 0xDF, 0xDF, 0xDF, 0xDF, 0xDF, 0xDF, 0xDF, 0xDF, 0xDF, 0xDF, 0xDF, 0xDF, 0xDF, 0xDF, 0xDF,
    0xDF, 0xDF, 0xDF, 0xDF, 0xDF, 0xDF, 0xDF, 0xDF, 0xDF, 0xDF, 0xDF, 0xDF, 0xDF, 0xDF, 0xDF, 0xDF,
    0xDF, 0xDF, 0xDF, 0xDF, 0xDF, 0xDF, 0xDF, 0xDF, 0xDF, 0xDF, 0xDF, 0xDF, 0xDF, 0xDF, 0xDF, 0xDF,
    0xDF, 0xDF, 0xDF, 0xDF, 0xDF, 0xDF, 0xDF, 0xDF, 0xDF, 0xDF, 0xDF, 0xDF, 0xDF, 0xDF, 0xDF, 0xDF,
    0xDF, 0xDF, 0xDF, 0xDF, 0xDF, 0xDF, 0xDF, 0xDF, 0xDF, 0xDF, 0xDF, 0xDF, 0xDF, 0xDF, 0xDF, 0xDF,
};

const uint8_t kPetSpriteFrame1[] PROGMEM = {
    0xDF, 0xDF, 0xDF, 0xDF, 0xDF, 0xDF, 0xDF, 0xDF, 0xDF, 0xDF, 0xDF, 0xDF, 0xDF, 0xDF, 0xDF, 0xDF,
    0xDF, 0xDF, 0xDF, 0xDF, 0xDF, 0xDF, 0xDF, 0xDF, 0xDF, 0xDF, 0xDF, 0xDF, 0xDF, 0xDF, 0xDF, 0xDF,
    0xDF, 0xDF, 0xDF, 0xDF, 0xDF, 0xDF, 0xDF, 0xDF, 0xDF, 0xDF, 0xDF, 0xDF, 0xDF, 0xDF, 0xDF, 0xDF,
    0xDF, 0xDF, 0xDF, 0xDF, 0xDF, 0xDF, 0xDF, 0xDF, 0xDF, 0xDF, 0xDF, 0xDF, 0xDF, 0xDF, 0xDF, 0xDF,
    0xDF, 0xDF, 0xDF, 0xDF, 0xDF, 0xDF, 0xDF, 0xDF, 0xDF, 0xDF, 0xDF, 0xDF, 0xDF, 0xDF, 0xDF, 0xDF,
    0xDF, 0xDF, 0xDF, 0xDF, 0xDF, 0xDF, 0xDF, 0xDF, 0xDF, 0xDF, 0xDF, 0xDF, 0xDF, 0xDF, 0xDF, 0xDF,
    0xDF, 0xDF, 0xDF, 0xDF, 0xDF, 0xDF, 0xDF, 0xDF, 0xDF, 0xDF, 0xDF, 0xDF, 0xDF, 0xDF, 0xDF, 0xDF,
    0xDF, 0xDF, 0xDF, 0xDF, 0xDF, 0xDF, 0xDF, 0xDF, 0xDF, 0xDF, 0xDF, 0xDF, 0xDF, 0xDF, 0xDF, 0xDF,
    0xDF, 0xDF, 0xDF, 0xDF, 0xDF, 0xDF, 0xDF, 0xDF, 0xDF, 0xDF, 0xDF, 0xDF, 0xDF, 0xDF, 0xDF, 0xDF,
    0xDF, 0xDF, 0xDF, 0xDF, 0xDF, 0xDF, 0xDF, 0xDF, 0xDF, 0xDF, 0xDF, 0xDF, 0xDF, 0xDF, 0xDF, 0xDF,
    0xDF, 0xDF, 0xDF, 0xDF, 0xDF, 0xDF, 0xDF, 0xDF, 0xDF, 0xDF, 0xDF, 0xDF, 0xDF, 0xDF, 0xDF, 0xDF,
    0xDF, 0xDF, 0xDF, 0xDF, 0xDF, 0xDF, 0xDF, 0xDF, 0xDF, 0xDF, 0xDF, 0xDF, 0xDF, 0xDF, 0xDF, 0xDF,
    0xDF, 0xDF, 0xDF, 0xDF, 0xDF, 0xDF, 0xDF, 0xDF, 0xDF, 0xDF, 0xDF, 0xDF, 0xDF, 0xDF, 0xDF, 0xDF,
    0xDF, 0xDF, 0xDF, 0xDF, 0xDF, 0xDF, 0xDF, 0xDF, 0xDF, 0xDF, 0xDF, 0xDF, 0xDF, 0xDF, 0xDF, 0xDF,
    0xDF, 0xDF, 0xDF, 0xDF, 0xDF, 0xDF, 0xDF, 0xDF, 0xDF, 0xDF, 0xDF, 0xDF, 0xDF, 0xDF, 0xDF, 0xDF,
    0xDF, 0xDF, 0xDF, 0xDF, 0xDF, 0xDF, 0xDF, 0xDF, 0xDF, 0xDF, 0xDF, 0xDF, 0xDF, 0xDF, 0xDF, 0xDF,
    0xDF, 0xDF, 0xDF, 0xDF, 0xDF, 0xDF, 0xDF, 0xDF, 0xDF, 0xDF, 0xDF, 0xDF, 0xDF, 0xDF, 0xDF, 0xDF,
    0xDF, 0xDF, 0xDF, 0xDF, 0xDF, 0xDF, 0xDF, 0xDF, 0xDF, 0xDF, 0xDF, 0xDF, 0xDF, 0xDF, 0xDF, 0xDF,
    0xDF, 0xDF, 0xDF, 0xDF, 0xDF, 0xDF, 0xDF, 0xDF, 0xDF, 0xDF, 0xDF, 0xDF, 0xDF, 0xDF, 0xDF, 0xDF,
    0xDF, 0xDF, 0xDF, 0xDF, 0xDF, 0xDF, 0xDF, 0xDF, 0xDF, 0xDF, 0xDF, 0xDF, 0xDF, 0xDF, 0xDF, 0xDF,
    0xDF, 0xDF, 0xDF, 0xDF, 0xDF, 0xDF, 0xDF, 0xDF, 0xDF, 0xDF, 0xDF, 0xDF, 0xDF, 0xDF, 0xDF, 0xDF,
    0xDF, 0xDF, 0xDF, 0xDF, 0xDF, 0xDF, 0xDF, 0xDF, 0xDF, 0xDF, 0xDF, 0xDF, 0xDF, 0xDF, 0xDF, 0xDF,
    0xDF, 0xDF, 0xDF, 0xDF, 0xDF, 0xDF, 0xDF, 0xDF, 0xDF, 0xDF, 0xDF, 0xDF, 0xDF, 0xDF, 0xDF, 0xDF,
    0xDF, 0xDF, 0xDF, 0xDF, 0xDF, 0xDF, 0xDF, 0xDF, 0xDF, 0xDF, 0xDF, 0xDF, 0xDF, 0xDF, 0xDF, 0xDF,
    0xDF, 0xDF, 0xDF, 0xDF, 0xDF, 0xDF, 0xDF, 0xDF, 0xDF, 0xDF, 0xDF, 0xDF, 0xDF, 0xDF, 0xDF, 0xDF,
    0xDF, 0xDF, 0xDF, 0xDF, 0xDF, 0xDF, 0xDF, 0xDF, 0xDF, 0xDF, 0xDF, 0xDF, 0xDF, 0xDF, 0xDF, 0xDF,
    0xDF, 0xDF, 0xDF, 0xDF, 0xDF, 0xDF, 0xDF, 0xDF, 0xDF, 0xDF, 0xDF, 0xDF, 0xDF, 0xDF, 0xDF, 0xDF,
    0xDF, 0xDF, 0xDF, 0xDF, 0xDF, 0xDF, 0xDF, 0xDF, 0xDF, 0xDF, 0xDF, 0xDF, 0xDF, 0xDF, 0xDF, 0xDF,
    0xDF, 0xDF, 0xDF, 0xDF, 0xDF, 0xDF, 0xDF, 0xDF, 0xDF, 0xDF, 0xDF, 0xDF, 0xDF, 0xDF, 0xDF, 0xDF,
    0xDF, 0xDF, 0xDF, 0xDF, 0xDF, 0xDF, 0xDF, 0xDF, 0xDF, 0xDF, 0xDF, 0xDF, 0xDF, 0xDF, 0xDF, 0xDF,
    0xDF, 0xDF, 0xDF, 0xDF, 0xDF, 0xDF, 0xDF, 0xDF, 0xDF, 0xDF, 0xDF, 0xDF, 0xDF, 0xDF, 0xDF, 0xDF,
    0xDF, 0xDF, 0xDF, 0xDF, 0xDF, 0xDF, 0xDF, 0xDF, 0xDF, 0xDF, 0xDF, 0xDF, 0xDF, 0xDF, 0xDF, 0xDF,
    0xDF, 0xDF, 0xDF, 0xDF, 0xDF, 0xDF, 0xDF, 0xDF, 0xDF, 0xDF, 0xDF, 0xDF, 0xDF, 0xDF, 0xDF, 0xDF,
    0xDF, 0xDF, 0xDF, 0xDF, 0xDF, 0xDF, 0xDF, 0xDF, 0xDF, 0xDF, 0xDF, 0xDF, 0xDF, 0xDF, 0xDF, 0xDF,
    0xDF, 0xDF, 0xDF, 0xDF, 0xDF, 0xDF, 0xDF, 0xDF, 0xDF, 0xDF, 0xDF, 0xDF, 0xDF, 0xDF, 0xDF, 0xDF,
    0xDF, 0xDF, 0xDF, 0xDF, 0xDF, 0xDF, 0xDF, 0xDF, 0xDF, 0xDF, 0xDF, 0xDF, 0xDF, 0xDF, 0xDF, 0xDF,
    0xDF, 0xDF, 0xDF, 0xDF, 0xDF, 0xDF, 0xDF, 0xDF, 0xDF, 0xDF, 0xDF, 0xDF, 0xDF, 0xDF, 0xDF, 0xDF,
    0xDF, 0xDF, 0xDF, 0xDF, 0xDF, 0xDF, 0xDF, 0xDF, 0xDF, 0xDF, 0xDF, 0xDF, 0xDF, 0xDF, 0xDF, 0xDF,
    0x25, 0x25, 0xDF, 0xDF, 0xDF, 0xDF, 0xDF, 0xDF, 0xDF, 0xDF, 0xDF, 0xDF, 0xDF, 0xDF, 0xDF, 0xDF,
    0xDF, 0xDF, 0xDF, 0xDF, 0xDF, 0xDF, 0xDF, 0xDF, 0xDF, 0xDF, 0xDF, 0xDF, 0xDF, 0xDF, 0xDF, 0xDF,
    0xDF, 0xDF, 0xDF, 0xDF, 0xDF, 0xDF, 0xDF, 0xDF, 0xDF, 0xDF, 0xDF, 0xDF, 0xDF, 0xDF, 0xDF, 0xDF,
    0xDF, 0xDF, 0xDF, 0xDF, 0xDF, 0xDF, 0xDF, 0xDF, 0xDF, 0xDF, 0xDF, 0xDF, 0xDF, 0xDF, 0xDF, 0x25,
    0x4B, 0x25, 0x25, 0xDF, 0xDF, 0xDF, 0xDF, 0xDF, 0xDF, 0xDF, 0xDF, 0x25, 0x25, 0x25, 0xDF, 0xDF,
    0xDF, 0xDF, 0xDF, 0xDF, 0xDF, 0xDF, 0xDF, 0xDF, 0xDF, 0xDF, 0xDF, 0xDF, 0xDF, 0xDF, 0xDF, 0xDF,
    0xDF, 0xDF, 0xDF, 0xDF, 0xDF, 0xDF, 0xDF, 0xDF, 0xDF, 0xDF, 0xDF, 0xDF, 0xDF, 0xDF, 0xDF, 0xDF,
    0xDF, 0xDF, 0xDF, 0xDF, 0xDF, 0xDF, 0xDF, 0xDF, 0xDF, 0xDF, 0xDF, 0xDF, 0xDF, 0xDF, 0x25, 0x4B,
    0x25, 0x25, 0x25, 0x25, 0x25, 0x25, 0x25, 0x25, 0x25, 0xDF, 0x25, 0x25, 0x4B, 0x25, 0xDF, 0xDF,
    0xDF, 0xDF, 0xDF, 0xDF, 0xDF, 0xDF, 0xDF, 0xDF, 0xDF, 0xDF, 0xDF, 0xDF, 0xDF, 0xDF, 0xDF, 0xDF,
    0xDF, 0xDF, 0xDF, 0xDF, 0xDF, 0xDF, 0xDF, 0xDF, 0xDF, 0xDF, 0xDF, 0xDF, 0xDF, 0xDF, 0xDF, 0xDF,
    0xDF, 0xDF, 0xDF, 0xDF, 0xDF, 0xDF, 0xDF, 0xDF, 0xDF, 0xDF, 0xDF, 0xDF, 0xDF, 0x25, 0x25, 0x25,
    0x25, 0xFF, 0xFF, 0xFF, 0xFF, 0xFF, 0xFF, 0xFF, 0x25, 0x25, 0x25, 0x4B, 0x4B, 0x25, 0xDF, 0xDF,
    0xDF, 0xDF, 0xDF, 0xDF, 0xDF, 0xDF, 0xDF, 0xDF, 0xDF, 0xDF, 0xDF, 0xDF, 0xDF, 0xDF, 0xDF, 0xDF,
    0xDF, 0xDF, 0xDF, 0xDF, 0xDF, 0xDF, 0xDF, 0xDF, 0xDF, 0xDF, 0xDF, 0xDF, 0xDF, 0xDF, 0xDF, 0xDF,
    0xDF, 0xDF, 0xDF, 0xDF, 0xDF, 0xDF, 0xDF, 0xDF, 0xDF, 0xDF, 0xDF, 0xDF, 0x25, 0x25, 0xFF, 0xFF,
    0xFF, 0xFF, 0xFF, 0xFF, 0xFF, 0xFF, 0xFF, 0xFF, 0xFF, 0x25, 0x25, 0x4B, 0x4B, 0x25, 0x25, 0xDF,
    0xDF, 0xDF, 0xDF, 0xDF, 0xDF, 0xDF, 0xDF, 0xDF, 0xDF, 0xDF, 0xDF, 0xDF, 0xDF, 0xDF, 0xDF, 0xDF,
    0xDF, 0xDF, 0xDF, 0xDF, 0xDF, 0xDF, 0xDF, 0xDF, 0xDF, 0xDF, 0xDF, 0xDF, 0xDF, 0xDF, 0xDF, 0xDF,
    0xDF, 0xDF, 0xDF, 0xDF, 0xDF, 0xDF, 0xDF, 0xDF, 0xDF, 0xDF, 0xDF, 0xDF, 0x25, 0x25, 0x25, 0x25,
    0x25, 0x25, 0x25, 0xFF, 0xFF, 0xFF, 0xFF, 0xFF, 0xFF, 0xFF, 0x25, 0x4B, 0x4B, 0x4B, 0x25, 0xDF,
    0xDF, 0xDF, 0xDF, 0xDF, 0xDF, 0xDF, 0xDF, 0xDF, 0xDF, 0xDF, 0xDF, 0xDF, 0xDF, 0xDF, 0xDF, 0xDF,
    0xDF, 0xDF, 0xDF, 0xDF, 0xDF, 0xDF, 0xDF, 0xDF, 0xDF, 0xDF, 0xDF, 0xDF, 0xDF, 0xDF, 0xDF, 0xDF,
    0xDF, 0xDF, 0xDF, 0xDF, 0xDF, 0xDF, 0xDF, 0xDF, 0xDF, 0xDF, 0xDF, 0x25, 0xFF, 0xFF, 0xFF, 0xFF,
    0xFF, 0xFF, 0xFF, 0xFF, 0xFF, 0xFF, 0xFF, 0xFF, 0xFF, 0xFF, 0x25, 0x4B, 0x4B, 0x4B, 0x25, 0xDF,
    0xDF, 0xDF, 0xDF, 0xDF, 0xDF, 0xDF, 0xDF, 0xDF, 0xDF, 0xDF, 0xDF, 0xDF, 0xDF, 0xDF, 0xDF, 0xDF,
    0xDF, 0xDF, 0xDF, 0xDF, 0xDF, 0xDF, 0xDF, 0xDF, 0xDF, 0xDF, 0xDF, 0xDF, 0xDF, 0xDF, 0xDF, 0xDF,
    0xDF, 0xDF, 0xDF, 0xDF, 0xDF, 0xDF, 0xDF, 0xDF, 0xDF, 0xDF, 0x25, 0x25, 0x25, 0x25, 0x25, 0x25,
    0x25, 0x25, 0x25, 0xFF, 0xFF, 0xFF, 0xFF, 0xFF, 0xFF, 0xFF, 0x25, 0x4B, 0x4B, 0x4B, 0x25, 0xDF,
    0xDF, 0xDF, 0xDF, 0xDF, 0xDF, 0xDF, 0xDF, 0xDF, 0xDF, 0xDF, 0xDF, 0xDF, 0xDF, 0xDF, 0xDF, 0xDF,
    0xDF, 0xDF, 0xDF, 0xDF, 0xDF, 0xDF, 0xDF, 0xDF, 0xDF, 0xDF, 0xDF, 0xDF, 0xDF, 0xDF, 0xDF, 0xDF,
    0xDF, 0xDF, 0xDF, 0xDF, 0xDF, 0xDF, 0xDF, 0xDF, 0xDF, 0xDF, 0x25, 0x4B, 0x25, 0x25, 0xFF, 0xFF,
    0xFF, 0xFF, 0xFF, 0xFF, 0xFF, 0xFF, 0xFF, 0xFF, 0xFF, 0xFF, 0x25, 0x4B, 0x4B, 0x4B, 0x25, 0xDF,
    0xDF, 0xDF, 0xDF, 0xDF, 0xDF, 0xDF, 0xDF, 0xDF, 0xDF, 0xDF, 0xDF, 0xDF, 0xDF, 0xDF, 0xDF, 0xDF,
    0xDF, 0xDF, 0xDF, 0xDF, 0xDF, 0xDF, 0xDF, 0xDF, 0xDF, 0xDF, 0xDF, 0xDF, 0xDF, 0xDF, 0xDF, 0xDF,
    0xDF, 0xDF, 0xDF, 0xDF, 0xDF, 0xDF, 0xDF, 0xDF, 0xDF, 0x25, 0x4B, 0x4B, 0x25, 0x25, 0x25, 0x25,
    0x25, 0x25, 0x25, 0x25, 0xFF, 0xFF, 0xFF, 0xFF, 0xFF, 0x25, 0x4B, 0x4B, 0x4B, 0x4B, 0x25, 0xDF,
    0xDF, 0xDF, 0xDF, 0xDF, 0xDF, 0xDF, 0xDF, 0xDF, 0xDF, 0xDF, 0xDF, 0xDF, 0xDF, 0xDF, 0xDF, 0xDF,
    0xDF, 0xDF, 0xDF, 0xDF, 0xDF, 0xDF, 0xDF, 0xDF, 0xDF, 0xDF, 0xDF, 0xDF, 0xDF, 0xDF, 0xDF, 0xDF,
    0xDF, 0xDF, 0xDF, 0xDF, 0xDF, 0xDF, 0x25, 0x25, 0x25, 0x4B, 0x4B, 0x4B, 0x4B, 0x4B, 0x4B, 0x4B,
    0x4B, 0x25, 0xFF, 0xFF, 0xFF, 0xFF, 0xFF, 0xFF, 0x25, 0x4B, 0x4B, 0x4B, 0x4B, 0x4B, 0x25, 0xDF,
    0xDF, 0xDF, 0xDF, 0xDF, 0xDF, 0xDF, 0xDF, 0xDF, 0xDF, 0xDF, 0xDF, 0xDF, 0xDF, 0xDF, 0xDF, 0xDF,
    0xDF, 0xDF, 0xDF, 0xDF, 0xDF, 0xDF, 0xDF, 0xDF, 0xDF, 0xDF, 0xDF, 0xDF, 0xDF, 0xDF, 0xDF, 0xDF,
    0xDF, 0xDF, 0xDF, 0xDF, 0xDF, 0x25, 0x25, 0x4B, 0x4B, 0x4B, 0x4B, 0x4B, 0x4B, 0x4B, 0x4B, 0x4B,
    0x4B, 0x4B, 0x25, 0x25, 0x25, 0x25, 0x25, 0x25, 0x4B, 0x4B, 0x4B, 0x4B, 0x4B, 0x4B, 0x25, 0x25,
    0xDF, 0xDF, 0xDF, 0xDF, 0xDF, 0xDF, 0xDF, 0xDF, 0xDF, 0xDF, 0xDF, 0xDF, 0xDF, 0xDF, 0xDF, 0xDF,
    0xDF, 0xDF, 0xDF, 0xDF, 0xDF, 0xDF, 0xDF, 0xDF, 0xDF, 0xDF, 0xDF, 0xDF, 0xDF, 0xDF, 0xDF, 0xDF,
    0xDF, 0xDF, 0xDF, 0xDF, 0x25, 0x4B, 0x4B, 0x4B, 0x4B, 0x4B, 0x4B, 0x4B, 0x4B, 0x4B, 0x4B, 0x4B,
    0x4B, 0x4B, 0x4B, 0x4B, 0x4B, 0x4B, 0x4B, 0x4B, 0x4B, 0x4B, 0x4B, 0x4B, 0x4B, 0x4B, 0x4B, 0x25,
    0x25, 0xDF, 0xDF, 0xDF, 0xDF, 0xDF, 0xDF, 0xDF, 0xDF, 0xDF, 0xDF, 0xDF, 0xDF, 0xDF, 0xDF, 0xDF,
    0xDF, 0xDF, 0xDF, 0xDF, 0xDF, 0xDF, 0xDF, 0xDF, 0xDF, 0xDF, 0xDF, 0xDF, 0xDF, 0xDF, 0xDF, 0xDF,
    0xDF, 0xDF, 0xDF, 0x25, 0x4B, 0x4B, 0x4B, 0x4B, 0x4B, 0x4B, 0x4B, 0x4B, 0x4B, 0x4B, 0x4B, 0x4B,
    0x4B, 0x4B, 0x4B, 0x4B, 0x4B, 0x4B, 0x4B, 0x4B, 0x4B, 0x4B, 0x4B, 0x4B, 0x4B, 0x4B, 0x4B, 0x4B,
    0x25, 0x25, 0xDF, 0xDF, 0xDF, 0xDF, 0xDF, 0xDF, 0xDF, 0xDF, 0xDF, 0xDF, 0xDF, 0xDF, 0xDF, 0xDF,
    0xDF, 0xDF, 0xDF, 0xDF, 0xDF, 0xDF, 0xDF, 0xDF, 0xDF, 0xDF, 0xDF, 0xDF, 0xDF, 0xDF, 0xDF, 0xDF,
    0xDF, 0xDF, 0x25, 0x4B, 0x4B, 0x4B, 0x4B, 0x4B, 0x4B, 0x4B, 0x4B, 0x4B, 0x4B, 0x4B, 0x4B, 0x4B,
    0x4B, 0x4B, 0x4B, 0x4B, 0x4B, 0x4B, 0x4B, 0x4B, 0x4B, 0x4B, 0x4B, 0x4B, 0x4B, 0x4B, 0x4B, 0x4B,
    0x4B, 0x4B, 0x25, 0xDF, 0xDF, 0xDF, 0xDF, 0xDF, 0xDF, 0xDF, 0xDF, 0xDF, 0xDF, 0xDF, 0xDF, 0xDF,
    0xDF, 0xDF, 0xDF, 0xDF, 0xDF, 0xDF, 0xDF, 0xDF, 0xDF, 0xDF, 0xDF, 0xDF, 0xDF, 0xDF, 0xDF, 0xDF,
    0xDF, 0x25, 0x4B, 0x4B, 0x4B, 0x4B, 0x4B, 0x4B, 0x4B, 0x4B, 0x4B, 0x4B, 0x4B, 0x4B, 0x4B, 0x4B,
    0x4B, 0x4B, 0x4B, 0x4B, 0x4B, 0x4B, 0x4B, 0x4B, 0x4B, 0x4B, 0x4B, 0x4B, 0x4B, 0x4B, 0x4B, 0x4B,
    0x4B, 0x4B, 0x4B, 0x25, 0xDF, 0xDF, 0xDF, 0xDF, 0xDF, 0xDF, 0xDF, 0xDF, 0xDF, 0xDF, 0xDF, 0xDF,
    0xDF, 0xDF, 0xDF, 0xDF, 0xDF, 0xDF, 0xDF, 0xDF, 0xDF, 0xDF, 0xDF, 0xDF, 0xDF, 0xDF, 0xDF, 0xDF,
    0x25, 0x4B, 0x4B, 0x4B, 0x4B, 0x4B, 0x4B, 0x4B, 0x4B, 0x4B, 0x4B, 0x4B, 0x4B, 0x4B, 0x4B, 0x4B,
    0x4B, 0x4B, 0x4B, 0x4B, 0x4B, 0x4B, 0x4B, 0x4B, 0x4B, 0x4B, 0x4B, 0x4B, 0x4B, 0x4B, 0x4B, 0x4B,
    0x4B, 0x4B, 0x4B, 0x25, 0x25, 0xDF, 0xDF, 0xDF, 0xDF, 0xDF, 0xDF, 0xDF, 0xDF, 0xDF, 0xDF, 0xDF,
    0xDF, 0xDF, 0xDF, 0xDF, 0xDF, 0xDF, 0xDF, 0xDF, 0xDF, 0xDF, 0xDF, 0xDF, 0xDF, 0xDF, 0xDF, 0x25,
    0x4B, 0x4B, 0x4B, 0x4B, 0x4B, 0x4B, 0x4B, 0x4B, 0x4B, 0x4B, 0x4B, 0x25, 0x25, 0x25, 0x25, 0x4B,
    0x4B, 0x4B, 0x4B, 0x4B, 0x4B, 0x4B, 0x25, 0x25, 0x25, 0x25, 0x4B, 0x4B, 0x4B, 0x4B, 0x4B, 0x4B,
    0x4B, 0x4B, 0x4B, 0x4B, 0x25, 0xDF, 0xDF, 0xDF, 0xDF, 0xDF, 0xDF, 0xDF, 0xDF, 0xDF, 0xDF, 0xDF,
    0xDF, 0xDF, 0xDF, 0xDF, 0xDF, 0xDF, 0xDF, 0xDF, 0xDF, 0xDF, 0xDF, 0xDF, 0xDF, 0xDF, 0x25, 0x25,
    0x4B, 0x4B, 0x4B, 0x4B, 0x4B, 0x4B, 0x4B, 0x4B, 0x4B, 0x4B, 0x4B, 0x4B, 0x4B, 0x4B, 0x4B, 0x4B,
    0x4B, 0x4B, 0x4B, 0x4B, 0x4B, 0x4B, 0x4B, 0x4B, 0x4B, 0x4B, 0x4B, 0x4B, 0x4B, 0x4B, 0x4B, 0x4B,
    0x4B, 0x4B, 0x4B, 0x4B, 0x25, 0x25, 0xDF, 0xDF, 0xDF, 0xDF, 0xDF, 0xDF, 0xDF, 0xDF, 0xDF, 0xDF,
    0xDF, 0xDF, 0xDF, 0xDF, 0xDF, 0xDF, 0xDF, 0xDF, 0xDF, 0xDF, 0xDF, 0x25, 0x25, 0x25, 0x25, 0x4B,
    0x4B, 0x4B, 0x25, 0x25, 0x25, 0x25, 0x25, 0x25, 0x4B, 0x4B, 0x4B, 0x4B, 0x4B, 0x4B, 0x4B, 0x4B,
    0x4B, 0x4B, 0x25, 0x4B, 0x4B, 0x4B, 0x4B, 0x4B, 0x4B, 0x4B, 0x4B, 0x4B, 0x4B, 0x4B, 0x4B, 0x4B,
    0x4B, 0x4B, 0x4B, 0x4B, 0x4B, 0x25, 0x25, 0x25, 0x25, 0x25, 0xDF, 0xDF, 0xDF, 0xDF, 0xDF, 0xDF,
    0xDF, 0xDF, 0xDF, 0xDF, 0xDF, 0xDF, 0xDF, 0xDF, 0xDF, 0xDF, 0x25, 0x25, 0x4B, 0x25, 0x25, 0x4B,
    0x4B, 0x4B, 0x4B, 0x4B, 0x4B, 0x4B, 0x4B, 0x4B, 0x4B, 0x4B, 0x4B, 0x4B, 0x4B, 0x4B, 0x4B, 0x4B,
    0x4B, 0x4B, 0x25, 0x4B, 0x4B, 0x4B, 0x4B, 0x4B, 0x4B, 0x4B, 0x4B, 0x4B, 0x25, 0x25, 0x25, 0x25,
    0x25, 0x25, 0x4B, 0x4B, 0x4B, 0x25, 0x25, 0x4B, 0x4B, 0x25, 0x25, 0xDF, 0xDF, 0xDF, 0xDF, 0xDF,
    0xDF, 0xDF, 0xDF, 0xDF, 0xDF, 0xDF, 0xDF, 0xDF, 0xDF, 0x25, 0x4B, 0x4B, 0x4B, 0x25, 0x4B, 0x4B,
    0x4B, 0x4B, 0x4B, 0x4B, 0x4B, 0x4B, 0x25, 0x4B, 0x4B, 0x4B, 0x4B, 0x4B, 0x4B, 0x4B, 0x4B, 0x4B,
    0x25, 0x25, 0x25, 0x4B, 0x4B, 0x4B, 0x4B, 0x4B, 0x4B, 0x4B, 0x4B, 0x4B, 0x4B, 0x4B, 0x4B, 0x4B,
    0x4B, 0x4B, 0x4B, 0x4B, 0x4B, 0x25, 0x25, 0x4B, 0x4B, 0x4B, 0x25, 0xDF, 0xDF, 0xDF, 0xDF, 0xDF,
    0xDF, 0xDF, 0xDF, 0xDF, 0xDF, 0xDF, 0xDF, 0xDF, 0xDF, 0x25, 0x4B, 0x4B, 0x4B, 0x25, 0x4B, 0x4B,
    0x4B, 0x4B, 0x25, 0x25, 0x25, 0x25, 0x4B, 0x4B, 0x4B, 0x4B, 0x4B, 0x4B, 0x25, 0x25, 0x25, 0x25,
    0x4B, 0x4B, 0x4B, 0x25, 0x25, 0x4B, 0x4B, 0x4B, 0x4B, 0x4B, 0x4B, 0x4B, 0x4B, 0x4B, 0x4B, 0x4B,
    0x4B, 0x4B, 0x4B, 0x4B, 0x4B, 0x4B, 0x25, 0x4B, 0x4B, 0x4B, 0x25, 0x25, 0xDF, 0xDF, 0xDF, 0xDF,
    0xDF, 0xDF, 0xDF, 0xDF, 0xDF, 0xDF, 0xDF, 0xDF, 0xDF, 0x25, 0x4B, 0x4B, 0x4B, 0x25, 0x4B, 0x4B,
    0x4B, 0x4B, 0x25, 0x4B, 0x4B, 0x4B, 0x4B, 0x4B, 0x4B, 0x4B, 0x4B, 0x4B, 0x4B, 0x4B, 0x4B, 0x4B,
    0x4B, 0x4B, 0x4B, 0x4B, 0x25, 0x25, 0x25, 0x25, 0x25, 0x4B, 0x4B, 0x4B, 0x25, 0x25, 0x25, 0x25,
    0x4B, 0x4B, 0x4B, 0x4B, 0x4B, 0x4B, 0x25, 0x4B, 0x4B, 0x4B, 0x4B, 0x25, 0xDF, 0xDF, 0xDF, 0xDF,
    0xDF, 0xDF, 0xDF, 0xDF, 0xDF, 0xDF, 0xDF, 0xDF, 0xDF, 0x25, 0x4B, 0x4B, 0x4B, 0x25, 0x4B, 0x4B,
    0x4B, 0x4B, 0x4B, 0x4B, 0x4B, 0x4B, 0x4B, 0x4B, 0x4B, 0x4B, 0x4B, 0x4B, 0x4B, 0x4B, 0x4B, 0x4B,
    0x4B, 0x4B, 0x4B, 0x4B, 0x4B, 0x4B, 0x4B, 0x4B, 0x4B, 0x4B, 0x4B, 0x4B, 0x4B, 0x4B, 0x4B, 0x25,
    0x25, 0x25, 0x4B, 0x4B, 0x4B, 0x4B, 0x25, 0x4B, 0x4B, 0x4B, 0x4B, 0x25, 0xDF, 0xDF, 0xDF, 0xDF,
    0xDF, 0xDF, 0xDF, 0xDF, 0xDF, 0xDF, 0xDF, 0xDF, 0xDF, 0x25, 0x4B, 0x4B, 0x4B, 0x25, 0x4B, 0x4B,
    0x4B, 0x4B, 0x4B, 0x4B, 0x4B, 0x4B, 0x4B, 0x4B, 0x4B, 0x4B, 0x4B, 0x4B, 0x4B, 0x4B, 0x4B, 0x4B,
    0x4B, 0x4B, 0x4B, 0x4B, 0x4B, 0x4B, 0x4B, 0x4B, 0x4B, 0x4B, 0x4B, 0x4B, 0x4B, 0x4B, 0x4B, 0x4B,
    0x4B, 0x4B, 0x4B, 0x4B, 0x4B, 0x4B, 0x25, 0x4B, 0x4B, 0x4B, 0x25, 0x25, 0xDF, 0xDF, 0xDF, 0xDF,
    0xDF, 0xDF, 0xDF, 0xDF, 0xDF, 0xDF, 0xDF, 0xDF, 0xDF, 0x25, 0x25, 0x4B, 0x4B, 0x25, 0x4B, 0x4B,
    0x4B, 0x4B, 0x4B, 0x4B, 0x4B, 0x4B, 0x4B, 0x4B, 0x4B, 0x4B, 0x4B, 0x4B, 0x4B, 0x4B, 0x4B, 0x4B,
    0x4B, 0x4B, 0x4B, 0x4B, 0x4B, 0x4B, 0x4B, 0x4B, 0x4B, 0x4B, 0x4B, 0x4B, 0x4B, 0x4B, 0x4B, 0x4B,
    0x4B, 0x4B, 0x4B, 0x4B, 0x4B, 0x4B, 0x25, 0x4B, 0x4B, 0x25, 0x25, 0xDF, 0xDF, 0xDF, 0xDF, 0xDF,
    0xDF, 0xDF, 0xDF, 0xDF, 0xDF, 0xDF, 0xDF, 0xDF, 0xDF, 0xDF, 0x25, 0x25, 0x25, 0x25, 0x4B, 0x4B,
    0x4B, 0x4B, 0x4B, 0x4B, 0x4B, 0x4B, 0x4B, 0x4B, 0x4B, 0x4B, 0x4B, 0x4B, 0x4B, 0x4B, 0x4B, 0x4B,
    0x4B, 0x4B, 0x4B, 0x4B, 0x4B, 0x4B, 0x4B, 0x4B, 0x4B, 0x4B, 0x4B, 0x4B, 0x4B, 0x4B, 0x4B, 0x4B,
    0x4B, 0x4B, 0x4B, 0x4B, 0x4B, 0x4B, 0x25, 0x4B, 0x25, 0x25, 0xDF, 0xDF, 0xDF, 0xDF, 0xDF, 0xDF,
    0xDF, 0xDF, 0xDF, 0xDF, 0xDF, 0xDF, 0xDF, 0xDF, 0xDF, 0xDF, 0xDF, 0xDF, 0x25, 0x25, 0x4B, 0x4B,
    0x4B, 0x4B, 0x4B, 0x4B, 0x4B, 0x4B, 0x4B, 0x4B, 0x4B, 0x4B, 0x4B, 0x4B, 0x4B, 0x4B, 0x4B, 0x4B,
    0x4B, 0x4B, 0x4B, 0x4B, 0x4B, 0x4B, 0x4B, 0x4B, 0x4B, 0x4B, 0x4B, 0x4B, 0x4B, 0x4B, 0x4B, 0x4B,
    0x4B, 0x4B, 0x4B, 0x4B, 0x4B, 0x4B, 0x25, 0x25, 0xDF, 0xDF, 0xDF, 0xDF, 0xDF, 0xDF, 0xDF, 0xDF,
    0xDF, 0xDF, 0xDF, 0xDF, 0xDF, 0xDF, 0xDF, 0xDF, 0xDF, 0xDF, 0xDF, 0xDF, 0xDF, 0x25, 0x4B, 0x4B,
    0x4B, 0x4B, 0x4B, 0x4B, 0x4B, 0x4B, 0x4B, 0x4B, 0x4B, 0x4B, 0x4B, 0x4B, 0x4B, 0x4B, 0x4B, 0x4B,
    0x4B, 0x4B, 0x4B, 0x4B, 0x4B, 0x4B, 0x4B, 0x4B, 0x4B, 0x4B, 0x4B, 0x4B, 0x4B, 0x4B, 0x4B, 0x4B,
    0x4B, 0x4B, 0x4B, 0x4B, 0x4B, 0x4B, 0x25, 0xDF, 0xDF, 0xDF, 0xDF, 0xDF, 0xDF, 0xDF, 0xDF, 0xDF,
    0xDF, 0xDF, 0xDF, 0xDF, 0xDF, 0xDF, 0xDF, 0xDF, 0xDF, 0xDF, 0xDF, 0xDF, 0xDF, 0x25, 0x4B, 0x4B,
    0x4B, 0x4B, 0x4B, 0x4B, 0x4B, 0x4B, 0x4B, 0x4B, 0x4B, 0x4B, 0x4B, 0x4B, 0x4B, 0x4B, 0x4B, 0x4B,
    0x4B, 0x4B, 0x4B, 0x4B, 0x4B, 0x4B, 0x4B, 0x4B, 0x4B, 0x4B, 0x4B, 0x4B, 0x4B, 0x4B, 0x4B, 0x4B,
    0x4B, 0x4B, 0x4B, 0x4B, 0x4B, 0x4B, 0x25, 0xDF, 0xDF, 0xDF, 0xDF, 0xDF, 0xDF, 0xDF, 0xDF, 0xDF,
    0xDF, 0xDF, 0xDF, 0xDF, 0xDF, 0xDF, 0xDF, 0xDF, 0xDF, 0xDF, 0xDF, 0xDF, 0xDF, 0x25, 0x4B, 0x4B,
    0x4B, 0x4B, 0x4B, 0x4B, 0x4B, 0x4B, 0x4B, 0x4B, 0x4B, 0x4B, 0x4B, 0x4B, 0x4B, 0x4B, 0x4B, 0x4B,
    0x4B, 0x4B, 0x4B, 0x4B, 0x4B, 0x4B, 0x4B, 0x4B, 0x4B, 0x4B, 0x4B, 0x4B, 0x4B, 0x4B, 0x4B, 0x4B,
    0x4B, 0x4B, 0x4B, 0x4B, 0x4B, 0x4B, 0x25, 0xDF, 0xDF, 0xDF, 0xDF, 0xDF, 0xDF, 0xDF, 0xDF, 0xDF,
    0xDF, 0xDF, 0xDF, 0xDF, 0xDF, 0xDF, 0xDF, 0xDF, 0xDF, 0xDF, 0xDF, 0xDF, 0xDF, 0x25, 0x25, 0x4B,
    0x4B, 0x4B, 0x4B, 0x4B, 0x4B, 0x4B, 0x4B, 0x4B, 0x4B, 0x4B, 0x4B, 0x4B, 0x4B, 0x4B, 0x4B, 0x4B,
    0x4B, 0x4B, 0x4B, 0x4B, 0x4B, 0x4B, 0x4B, 0x4B, 0x4B, 0x4B, 0x4B, 0x4B, 0x4B, 0x4B, 0x4B, 0x4B,
    0x4B, 0x4B, 0x4B, 0x4B, 0x4B, 0x25, 0xDF, 0xDF, 0xDF, 0xDF, 0xDF, 0xDF, 0xDF, 0xDF, 0xDF, 0xDF,
    0xDF, 0xDF, 0xDF, 0xDF, 0xDF, 0xDF, 0xDF, 0xDF, 0xDF, 0xDF, 0xDF, 0xDF, 0xDF, 0xDF, 0x25, 0x4B,
    0x4B, 0x4B, 0x4B, 0x4B, 0x4B, 0x4B, 0x4B, 0x4B, 0x4B, 0x4B, 0x4B, 0x4B, 0x4B, 0x4B, 0x4B, 0x4B,
    0x4B, 0x4B, 0x4B, 0x4B, 0x4B, 0x4B, 0x4B, 0x4B, 0x4B, 0x4B, 0x4B, 0x4B, 0x4B, 0x4B, 0x4B, 0x4B,
    0x4B, 0x4B, 0x4B, 0x4B, 0x4B, 0x25, 0xDF, 0xDF, 0xDF, 0xDF, 0xDF, 0xDF, 0xDF, 0xDF, 0xDF, 0xDF,
    0xDF, 0xDF, 0xDF, 0xDF, 0xDF, 0xDF, 0xDF, 0xDF, 0xDF, 0xDF, 0xDF, 0xDF, 0xDF, 0xDF, 0x25, 0x4B,
    0x4B, 0x4B, 0x4B, 0x4B, 0x4B, 0x4B, 0x4B, 0x4B, 0x4B, 0x4B, 0x4B, 0x4B, 0x4B, 0x4B, 0x4B, 0x4B,
    0x4B, 0x4B, 0x4B, 0x4B, 0x4B, 0x4B, 0x4B, 0x4B, 0x4B, 0x4B, 0x4B, 0x4B, 0x4B, 0x4B, 0x4B, 0x4B,
    0x4B, 0x4B, 0x4B, 0x4B, 0x25, 0x25, 0xDF, 0xDF, 0xDF, 0xDF, 0xDF, 0xDF, 0xDF, 0xDF, 0xDF, 0xDF,
    0xDF, 0xDF, 0xDF, 0xDF, 0xDF, 0xDF, 0xDF, 0xDF, 0xDF, 0xDF, 0xDF, 0xDF, 0xDF, 0xDF, 0xDF, 0x25,
    0x4B, 0x4B, 0x4B, 0x4B, 0x4B, 0x4B, 0x4B, 0x4B, 0x4B, 0x4B, 0x4B, 0x4B, 0x4B, 0x4B, 0x4B, 0x4B,
    0x4B, 0x4B, 0x4B, 0x4B, 0x4B, 0x4B, 0x4B, 0x4B, 0x4B, 0x4B, 0x4B, 0x4B, 0x4B, 0x4B, 0x4B, 0x4B,
    0x4B, 0x4B, 0x4B, 0x4B, 0x25, 0xDF, 0xDF, 0xDF, 0xDF, 0xDF, 0xDF, 0xDF, 0xDF, 0xDF, 0xDF, 0xDF,
    0xDF, 0xDF, 0xDF, 0xDF, 0xDF, 0xDF, 0xDF, 0xDF, 0xDF, 0xDF, 0xDF, 0xDF, 0xDF, 0xDF, 0xDF, 0x25,
    0x4B, 0x4B, 0x4B, 0x4B, 0x4B, 0x4B, 0x4B, 0x4B, 0x4B, 0x4B, 0x4B, 0x4B, 0x4B, 0x4B, 0x4B, 0x4B,
    0x4B, 0x4B, 0x4B, 0x4B, 0x4B, 0x4B, 0x4B, 0x4B, 0x4B, 0x4B, 0x4B, 0x4B, 0x4B, 0x4B, 0x4B, 0x4B,
    0x4B, 0x4B, 0x4B, 0x25, 0x25, 0xDF, 0xDF, 0xDF, 0xDF, 0xDF, 0xDF, 0xDF, 0xDF, 0xDF, 0xDF, 0xDF,
    0xDF, 0xDF, 0xDF, 0xDF, 0xDF, 0xDF, 0xDF, 0xDF, 0xDF, 0xDF, 0xDF, 0xDF, 0xDF, 0xDF, 0xDF, 0xDF,
    0x25, 0x4B, 0x4B, 0x4B, 0x4B, 0x4B, 0x4B, 0x4B, 0x4B, 0x4B, 0x4B, 0x4B, 0x4B, 0x4B, 0x4B, 0x4B,
    0x4B, 0x4B, 0x4B, 0x4B, 0x4B, 0x4B, 0x4B, 0x4B, 0x4B, 0x4B, 0x4B, 0x4B, 0x4B, 0x4B, 0x4B, 0x4B,
    0x4B, 0x4B, 0x4B, 0x25, 0xDF, 0xDF, 0xDF, 0xDF, 0xDF, 0xDF, 0xDF, 0xDF, 0xDF, 0xDF, 0xDF, 0xDF,
    0xDF, 0xDF, 0xDF, 0xDF, 0xDF, 0xDF, 0xDF, 0xDF, 0xDF, 0xDF, 0xDF, 0xDF, 0xDF, 0xDF, 0xDF, 0xDF,
    0x25, 0x25, 0x4B, 0x4B, 0x4B, 0x4B, 0x4B, 0x4B, 0x4B, 0x4B, 0x4B, 0x4B, 0x4B, 0x4B, 0x4B, 0x4B,
    0x4B, 0x4B, 0x4B, 0x4B, 0x4B, 0x4B, 0x4B, 0x4B, 0x4B, 0x4B, 0x4B, 0x4B, 0x4B, 0x4B, 0x4B, 0x4B,
    0x4B, 0x25, 0x25, 0xDF, 0xDF, 0xDF, 0xDF, 0xDF, 0xDF, 0xDF, 0xDF, 0xDF, 0xDF, 0xDF, 0xDF, 0xDF,
    0xDF, 0xDF, 0xDF, 0xDF, 0xDF, 0xDF, 0xDF, 0xDF, 0xDF, 0xDF, 0xDF, 0xDF, 0xDF, 0xDF, 0xDF, 0xDF,
    0xDF, 0x25, 0x25, 0x4B, 0x4B, 0x4B, 0x4B, 0x4B, 0x4B, 0x4B, 0x4B, 0x4B, 0x4B, 0x4B, 0x4B, 0x4B,
    0x4B, 0x4B, 0x4B, 0x4B, 0x4B, 0x4B, 0x4B, 0x4B, 0x4B, 0x4B, 0x4B, 0x4B, 0x4B, 0x4B, 0x4B, 0x4B,
    0x25, 0x25, 0x25, 0xDF, 0xDF, 0xDF, 0xDF, 0xDF, 0xDF, 0xDF, 0xDF, 0xDF, 0xDF, 0xDF, 0xDF, 0xDF,
    0xDF, 0xDF, 0xDF, 0xDF, 0xDF, 0xDF, 0xDF, 0xDF, 0xDF, 0xDF, 0xDF, 0xDF, 0xDF, 0xDF, 0xDF, 0xDF,
    0xDF, 0xDF, 0x25, 0x25, 0x4B, 0x4B, 0x4B, 0x4B, 0x4B, 0x4B, 0x4B, 0x4B, 0x4B, 0x4B, 0x4B, 0x4B,
    0x4B, 0x4B, 0x4B, 0x4B, 0x4B, 0x4B, 0x4B, 0x4B, 0x4B, 0x4B, 0x4B, 0x4B, 0x4B, 0x4B, 0x25, 0x25,
    0x25, 0x4B, 0x25, 0xDF, 0xDF, 0xDF, 0xDF, 0xDF, 0xDF, 0xDF, 0xDF, 0xDF, 0xDF, 0xDF, 0xDF, 0xDF,
    0xDF, 0xDF, 0xDF, 0xDF, 0xDF, 0xDF, 0xDF, 0xDF, 0xDF, 0xDF, 0xDF, 0xDF, 0xDF, 0xDF, 0xDF, 0xDF,
    0xDF, 0xDF, 0xDF, 0x25, 0x25, 0x25, 0x4B, 0x4B, 0x4B, 0x4B, 0x4B, 0x4B, 0x4B, 0x4B, 0x4B, 0x4B,
    0x4B, 0x4B, 0x4B, 0x4B, 0x4B, 0x4B, 0x4B, 0x4B, 0x4B, 0x4B, 0x4B, 0x4B, 0x25, 0x25, 0x25, 0x4B,
    0x4B, 0x4B, 0x25, 0xDF, 0xDF, 0xDF, 0xDF, 0xDF, 0xDF, 0xDF, 0xDF, 0xDF, 0xDF, 0xDF, 0xDF, 0xDF,
    0xDF, 0xDF, 0xDF, 0xDF, 0xDF, 0xDF, 0xDF, 0xDF, 0xDF, 0xDF, 0xDF, 0xDF, 0xDF, 0xDF, 0xDF, 0xDF,
    0xDF, 0xDF, 0xDF, 0x25, 0x4B, 0x25, 0x25, 0x25, 0x4B, 0x4B, 0x4B, 0x4B, 0x4B, 0x4B, 0x4B, 0x4B,
    0x4B, 0x4B, 0x4B, 0x4B, 0x4B, 0x4B, 0x4B, 0x4B, 0x4B, 0x4B, 0x25, 0x25, 0x25, 0x4B, 0x4B, 0x4B,
    0x4B, 0x4B, 0x25, 0xDF, 0xDF, 0xDF, 0xDF, 0xDF, 0xDF, 0xDF, 0xDF, 0xDF, 0xDF, 0xDF, 0xDF, 0xDF,
    0xDF, 0xDF, 0xDF, 0xDF, 0xDF, 0xDF, 0xDF, 0xDF, 0xDF, 0xDF, 0xDF, 0xDF, 0xDF, 0xDF, 0xDF, 0xDF,
    0xDF, 0xDF, 0xDF, 0x25, 0x4B, 0x4B, 0x4B, 0x25, 0x25, 0x25, 0x25, 0x25, 0x25, 0x25, 0x25, 0x25,
    0x25, 0x25, 0x25, 0x25, 0x25, 0x25, 0x25, 0x25, 0x25, 0x25, 0x25, 0x4B, 0x4B, 0x4B, 0x4B, 0x4B,
    0x4B, 0x4B, 0x25, 0xDF, 0xDF, 0xDF, 0xDF, 0xDF, 0xDF, 0xDF, 0xDF, 0xDF, 0xDF, 0xDF, 0xDF, 0xDF,
    0xDF, 0xDF, 0xDF, 0xDF, 0xDF, 0xDF, 0xDF, 0xDF, 0xDF, 0xDF, 0xDF, 0xDF, 0xDF, 0xDF, 0xDF, 0xDF,
    0xDF, 0xDF, 0xDF, 0x25, 0x4B, 0x4B, 0x4B, 0x4B, 0x4B, 0x4B, 0x4B, 0x4B, 0x4B, 0x4B, 0x4B, 0x25,
    0xDF, 0xDF, 0xDF, 0xDF, 0xDF, 0xDF, 0xDF, 0x25, 0x4B, 0x4B, 0x4B, 0x4B, 0x4B, 0x4B, 0x4B, 0x4B,
    0x4B, 0x4B, 0x25, 0xDF, 0xDF, 0xDF, 0xDF, 0xDF, 0xDF, 0xDF, 0xDF, 0xDF, 0xDF, 0xDF, 0xDF, 0xDF,
    0xDF, 0xDF, 0xDF, 0xDF, 0xDF, 0xDF, 0xDF, 0xDF, 0xDF, 0xDF, 0xDF, 0xDF, 0xDF, 0xDF, 0xDF, 0xDF,
    0xDF, 0xDF, 0xDF, 0x25, 0x25, 0x4B, 0x4B, 0x4B, 0x4B, 0x4B, 0x4B, 0x4B, 0x4B, 0x4B, 0x25, 0xDF,
    0xDF, 0xDF, 0xDF, 0xDF, 0xDF, 0xDF, 0xDF, 0x25, 0x4B, 0x4B, 0x4B, 0x4B, 0x4B, 0x4B, 0x4B, 0x4B,
    0x4B, 0x4B, 0x25, 0xDF, 0xDF, 0xDF, 0xDF, 0xDF, 0xDF, 0xDF, 0xDF, 0xDF, 0xDF, 0xDF, 0xDF, 0xDF,
    0xDF, 0xDF, 0xDF, 0xDF, 0xDF, 0xDF, 0xDF, 0xDF, 0xDF, 0xDF, 0xDF, 0xDF, 0xDF, 0xDF, 0xDF, 0xDF,
    0xDF, 0xDF, 0xDF, 0xDF, 0x25, 0x4B, 0x4B, 0x4B, 0x4B, 0x4B, 0x4B, 0x4B, 0x25, 0x25, 0x25, 0xDF,
    0xDF, 0xDF, 0xDF, 0xDF, 0xDF, 0xDF, 0xDF, 0xDF, 0x25, 0x4B, 0x4B, 0x4B, 0x4B, 0x4B, 0x4B, 0x4B,
    0x4B, 0x25, 0x25, 0xDF, 0xDF, 0xDF, 0xDF, 0xDF, 0xDF, 0xDF, 0xDF, 0xDF, 0xDF, 0xDF, 0xDF, 0xDF,
    0xDF, 0xDF, 0xDF, 0xDF, 0xDF, 0xDF, 0xDF, 0xDF, 0xDF, 0xDF, 0xDF, 0xDF, 0xDF, 0xDF, 0xDF, 0xDF,
    0xDF, 0xDF, 0xDF, 0xDF, 0x25, 0x25, 0x4B, 0x4B, 0x4B, 0x4B, 0x4B, 0x25, 0x25, 0xDF, 0xDF, 0xDF,
    0xDF, 0xDF, 0xDF, 0xDF, 0xDF, 0xDF, 0xDF, 0xDF, 0x25, 0x25, 0x25, 0x4B, 0x4B, 0x4B, 0x4B, 0x4B,
    0x25, 0x25, 0xDF, 0xDF, 0xDF, 0xDF, 0xDF, 0xDF, 0xDF, 0xDF, 0xDF, 0xDF, 0xDF, 0xDF, 0xDF, 0xDF,
    0xDF, 0xDF, 0xDF, 0xDF, 0xDF, 0xDF, 0xDF, 0xDF, 0xDF, 0xDF, 0xDF, 0xDF, 0xDF, 0xDF, 0xDF, 0xDF,
    0xDF, 0xDF, 0xDF, 0xDF, 0xDF, 0x25, 0x25, 0x25, 0x25, 0x25, 0x25, 0xDF, 0xDF, 0xDF, 0xDF, 0xDF,
    0xDF, 0xDF, 0xDF, 0xDF, 0xDF, 0xDF, 0xDF, 0xDF, 0xDF, 0xDF, 0x25, 0x25, 0x25, 0x25, 0x25, 0x25,
    0x25, 0xDF, 0xDF, 0xDF, 0xDF, 0xDF, 0xDF, 0xDF, 0xDF, 0xDF, 0xDF, 0xDF, 0xDF, 0xDF, 0xDF, 0xDF,
    0xDF, 0xDF, 0xDF, 0xDF, 0xDF, 0xDF, 0xDF, 0xDF, 0xDF, 0xDF, 0xDF, 0xDF, 0xDF, 0xDF, 0xDF, 0xDF,
    0xDF, 0xDF, 0xDF, 0xDF, 0xDF, 0xDF, 0xDF, 0xDF, 0xDF, 0xDF, 0xDF, 0xDF, 0xDF, 0xDF, 0xDF, 0xDF,
    0xDF, 0xDF, 0xDF, 0xDF, 0xDF, 0xDF, 0xDF, 0xDF, 0xDF, 0xDF, 0xDF, 0xDF, 0xDF, 0xDF, 0xDF, 0xDF,
    0xDF, 0xDF, 0xDF, 0xDF, 0xDF, 0xDF, 0xDF, 0xDF, 0xDF, 0xDF, 0xDF, 0xDF, 0xDF, 0xDF, 0xDF, 0xDF,
    0xDF, 0xDF, 0xDF, 0xDF, 0xDF, 0xDF, 0xDF, 0xDF, 0xDF, 0xDF, 0xDF, 0xDF, 0xDF, 0xDF, 0xDF, 0xDF,
    0xDF, 0xDF, 0xDF, 0xDF, 0xDF, 0xDF, 0xDF, 0xDF, 0xDF, 0xDF, 0xDF, 0xDF, 0xDF, 0xDF, 0xDF, 0xDF,
    0xDF, 0xDF, 0xDF, 0xDF, 0xDF, 0xDF, 0xDF, 0xDF, 0xDF, 0xDF, 0xDF, 0xDF, 0xDF, 0xDF, 0xDF, 0xDF,
    0xDF, 0xDF, 0xDF, 0xDF, 0xDF, 0xDF, 0xDF, 0xDF, 0xDF, 0xDF, 0xDF, 0xDF, 0xDF, 0xDF, 0xDF, 0xDF,
    0xDF, 0xDF, 0xDF, 0xDF, 0xDF, 0xDF, 0xDF, 0xDF, 0xDF, 0xDF, 0xDF, 0xDF, 0xDF, 0xDF, 0xDF, 0xDF,
    0xDF, 0xDF, 0xDF, 0xDF, 0xDF, 0xDF, 0xDF, 0xDF, 0xDF, 0xDF, 0xDF, 0xDF, 0xDF, 0xDF, 0xDF, 0xDF,
    0xDF, 0xDF, 0xDF, 0xDF, 0xDF, 0xDF, 0xDF, 0xDF, 0xDF, 0xDF, 0xDF, 0xDF, 0xDF, 0xDF, 0xDF, 0xDF,
    0xDF, 0xDF, 0xDF, 0xDF, 0xDF, 0xDF, 0xDF, 0xDF, 0xDF, 0xDF, 0xDF, 0xDF, 0xDF, 0xDF, 0xDF, 0xDF,
    0xDF, 0xDF, 0xDF, 0xDF, 0xDF, 0xDF, 0xDF, 0xDF, 0xDF, 0xDF, 0xDF, 0xDF, 0xDF, 0xDF, 0xDF, 0xDF,
    0xDF, 0xDF, 0xDF, 0xDF, 0xDF, 0xDF, 0xDF, 0xDF, 0xDF, 0xDF, 0xDF, 0xDF, 0xDF, 0xDF, 0xDF, 0xDF,
    0xDF, 0xDF, 0xDF, 0xDF, 0xDF, 0xDF, 0xDF, 0xDF, 0xDF, 0xDF, 0xDF, 0xDF, 0xDF, 0xDF, 0xDF, 0xDF,
    0xDF, 0xDF, 0xDF, 0xDF, 0xDF, 0xDF, 0xDF, 0xDF, 0xDF, 0xDF, 0xDF, 0xDF, 0xDF, 0xDF, 0xDF, 0xDF,
    0xDF, 0xDF, 0xDF, 0xDF, 0xDF, 0xDF, 0xDF, 0xDF, 0xDF, 0xDF, 0xDF, 0xDF, 0xDF, 0xDF, 0xDF, 0xDF,
    0xDF, 0xDF, 0xDF, 0xDF, 0xDF, 0xDF, 0xDF, 0xDF, 0xDF, 0xDF, 0xDF, 0xDF, 0xDF, 0xDF, 0xDF, 0xDF,
    0xDF, 0xDF, 0xDF, 0xDF, 0xDF, 0xDF, 0xDF, 0xDF, 0xDF, 0xDF, 0xDF, 0xDF, 0xDF, 0xDF, 0xDF, 0xDF,
    0xDF, 0xDF, 0xDF, 0xDF, 0xDF, 0xDF, 0xDF, 0xDF, 0xDF, 0xDF, 0xDF, 0xDF, 0xDF, 0xDF, 0xDF, 0xDF,
    0xDF, 0xDF, 0xDF, 0xDF, 0xDF, 0xDF, 0xDF, 0xDF, 0xDF, 0xDF, 0xDF, 0xDF, 0xDF, 0xDF, 0xDF, 0xDF,
    0xDF, 0xDF, 0xDF, 0xDF, 0xDF, 0xDF, 0xDF, 0xDF, 0xDF, 0xDF, 0xDF, 0xDF, 0xDF, 0xDF, 0xDF, 0xDF,
    0xDF, 0xDF, 0xDF, 0xDF, 0xDF, 0xDF, 0xDF, 0xDF, 0xDF, 0xDF, 0xDF, 0xDF, 0xDF, 0xDF, 0xDF, 0xDF,
    0xDF, 0xDF, 0xDF, 0xDF, 0xDF, 0xDF, 0xDF, 0xDF, 0xDF, 0xDF, 0xDF, 0xDF, 0xDF, 0xDF, 0xDF, 0xDF,
};

constexpr int kPetSpriteWidth = 64;
constexpr int kPetSpriteHeight = 64;
constexpr int kPetSpriteFrameCount = 2;
const uint8_t* const kPetSpriteFrames[kPetSpriteFrameCount] = {
    kPetSpriteFrame0,
    kPetSpriteFrame1,
};
